Comparison debug log — 2026-09-29T09:58:25.748375
======================================================================

Selected impeller part numbers: ['2624331', '2624332', '2626936', '4605445', '4605505', '4605507']
======================================================================
  COMPARISON RUN
======================================================================
  px_file:       C:\Users\107087\OneDrive - Grundfos\Desktop\PSD Files\12MBPSD.xlsx
  date_start:    2026-01-01
  date_end:      2026-09-29
  tolerance:     5%
  test_iteration:3
  head_col:      tdh_bowl
  power_col:     power_bowl_dyno

======================================================================
  PX CURVES
======================================================================
  Curve number: 12MBHC-2624331
  Rated speed:  1775.0
  Trim count:   5
    Trim dia=8.96  attrs=['bep_efficiency', 'bep_flow', 'diameter', 'head', 'head_flow', 'npsh', 'npsh_flow', 'power', 'power_flow', 'shutoff_power']
    Trim dia=8.6425  attrs=['bep_efficiency', 'bep_flow', 'diameter', 'head', 'head_flow', 'npsh', 'npsh_flow', 'power', 'power_flow', 'shutoff_power']
    Trim dia=8.325  attrs=['bep_efficiency', 'bep_flow', 'diameter', 'head', 'head_flow', 'npsh', 'npsh_flow', 'power', 'power_flow', 'shutoff_power']
    Trim dia=8.0075  attrs=['bep_efficiency', 'bep_flow', 'diameter', 'head', 'head_flow', 'npsh', 'npsh_flow', 'power', 'power_flow', 'shutoff_power']
    Trim dia=7.69  attrs=['bep_efficiency', 'bep_flow', 'diameter', 'head', 'head_flow', 'npsh', 'npsh_flow', 'power', 'power_flow', 'shutoff_power']

======================================================================
  CLASSIFICATION
======================================================================
  pump_type:       vertical
  index_name:      new_test_list
  trim_column:     impeller_trim
  bowl_diameter:   12
  detail_path:     12MB
  base_model_name: MB
  impeller_part:   2624331

======================================================================
  INDEX SEARCH
======================================================================
Mixed impellers filter applied using 'mixed_impellers': 70 rows -> 64 rows. Removed=6
Applied vertical impeller part filter: 64 rows -> 64 rows. Selected=['2624331', '2624332', '2626936', '4605445', '4605505', '4605507']
  Index file path: X:\US\Ind\Prod\Verttest\NEWTESTLISTv.2.xlsx
  File exists: True
  Index 'new_test_list': 13607 rows loaded
  Columns: ['test_date', 'test_id', 'job_number', 'order_type', 'test_run', 'test_type', 'pass_fail', 'bowl_size', 'pump_model', 'fire_pump', 'num_stages', 'configuration', 'mixed_bowl', 'first_stg_size', 'first_stg_model', 'bowl_material', 'imp_part_num', 'imp_material', 'impeller_trim', 'mixed_impellers', 'first_stg_imp', 'first_stg_mat', 'first_stg_trim', 'rated_flow', 'rated_head', 'guaranteed_eff', 'test_grade', 'rpm', 'driver', 'driver_speed', 'customer', 'trim_source', 'trim_source_2', 'failure_cause', 'comments', 'valid_test', 'px_trim', 'px_pass_fail', 'px_eff', 'test_eff', 'test_head', 'test_bep_flow', 'test_bep_head', 'test_bep_eff', 'pattern_notes', 'Column1', '_source_index']
  Model search regex: ^\s*[A-Za-z]?MB[A-Za-z]?\s*$
  Unique pump_model values: 40
  Sample models: [' MA', 'GLLG', 'GLME', 'HD', 'HDX', 'HH', 'HHA', 'HHOH']
  After model filter: 1987 rows (from 13607)
  After bowl size filter (bowl_size=12): 1987 rows (from 1987)
  Sample test_date values: ['2024-07-31', '2024-07-31', '2024-07-29', '2024-07-29', '2024-07-26']
  After date filter [2026-01-01 to 2026-09-29]: 70 rows (from 1987)
  After test iteration filter: 70 rows (from 70)
  After mixed impellers filter: 64 rows (from 70)
  After vertical impeller part filter: 64 rows (from 64)

  Trim column: 'impeller_trim'  found=True  is_vertical=True
  Raw trim samples:
    [0] type=str  value='(5) @ 8.7 x 8.7 Fig1. To 0.03125 AS CAST
  '
    [1] type=str  value='(4) @ 8.8 x 8.8 Fig1. To 0.09375 AS CAST
(3) @ 8.8 x 8.8 Fig1. To 0.1875 AS CAST
 '
    [2] type=str  value='(4) @ 8.8 x 8.8 Fig1. To 0.09375 AS CAST
(3) @ 8.8 x 8.8 Fig1. To 0.1875 AS CAST
 '
    [3] type=str  value='(7) @ 8.92 x 8.92 Fig1. To 0.03125 AS CAST
  '
    [4] type=str  value='(4) @ 8.8 x 8.8 Fig1. To 0.09375 AS CAST
(3) @ 8.8 x 8.8 Fig1. To 0.1875 AS CAST
 '

----------------------------------------------------------------------
  PER-ROW TRIM PARSING
----------------------------------------------------------------------

  test_id=99272253050010A1P
    raw trim: type=str  value='(5) @ 8.7 x 8.7 Fig1. To 0.03125 AS CAST
  '
      [extract_trim] is_vertical=True  has_@=True
      [extract_trim] → _parse_vertical_trim
      [parse_vt] input='(5) @ 8.7 x 8.7 Fig1. To 0.03125 AS CAST'
      [parse_vt] regex matched 1 group(s)
        (5) @ 8.7 x 8.7  avg=8.7000  contrib=5×8.7000=43.5000
      [parse_vt] RESULT: 43.5000 / 5 = 8.7000
      [parse_vt] upper=8.7000  lower=8.7000
      [parse_vt] filing_info='Fig1. To 0.03125'
    → trim_diameter=8.7, num_stages=5, filing='Fig1. To 0.03125'
    → upper=8.7000, lower=8.7000, conical=no
    ✓ trim=8.7000, stages=5, rpm=1760.0, model='MB', filing='Fig1. To 0.03125'

  test_id=99272245060011A1P
    raw trim: type=str  value='(4) @ 8.8 x 8.8 Fig1. To 0.09375 AS CAST
(3) @ 8.8 x 8.8 Fig1. To 0.1875 AS CAST
 '
      [extract_trim] is_vertical=True  has_@=True
      [extract_trim] → _parse_vertical_trim
      [parse_vt] input='(4) @ 8.8 x 8.8 Fig1. To 0.09375 AS CAST
(3) @ 8.8 x 8.8 Fig1. To 0.1875 AS CAST'
      [parse_vt] regex matched 2 group(s)
        (4) @ 8.8 x 8.8  avg=8.8000  contrib=4×8.8000=35.2000
        (3) @ 8.8 x 8.8  avg=8.8000  contrib=3×8.8000=26.4000
      [parse_vt] RESULT: 61.6000 / 7 = 8.8000
      [parse_vt] upper=8.8000  lower=8.8000
      [parse_vt] filing_info='Fig1. To 0.09375'
    → trim_diameter=8.8, num_stages=7, filing='Fig1. To 0.09375'
    → upper=8.8000, lower=8.8000, conical=no
    MT badge detected from impeller_trim: (4) @ 8.8 x 8.8 Fig1. To 0.09375 AS CAST
(3) @ 8.8 x 8.8 Fig1. To 0.1875 AS CAST
 
    ✓ trim=8.8000, stages=7, rpm=1460.0, model='MB', filing='Fig1. To 0.09375'

  test_id=99272245060011A2P
    raw trim: type=str  value='(4) @ 8.8 x 8.8 Fig1. To 0.09375 AS CAST
(3) @ 8.8 x 8.8 Fig1. To 0.1875 AS CAST
 '
      [extract_trim] is_vertical=True  has_@=True
      [extract_trim] → _parse_vertical_trim
      [parse_vt] input='(4) @ 8.8 x 8.8 Fig1. To 0.09375 AS CAST
(3) @ 8.8 x 8.8 Fig1. To 0.1875 AS CAST'
      [parse_vt] regex matched 2 group(s)
        (4) @ 8.8 x 8.8  avg=8.8000  contrib=4×8.8000=35.2000
        (3) @ 8.8 x 8.8  avg=8.8000  contrib=3×8.8000=26.4000
      [parse_vt] RESULT: 61.6000 / 7 = 8.8000
      [parse_vt] upper=8.8000  lower=8.8000
      [parse_vt] filing_info='Fig1. To 0.09375'
    → trim_diameter=8.8, num_stages=7, filing='Fig1. To 0.09375'
    → upper=8.8000, lower=8.8000, conical=no
    MT badge detected from impeller_trim: (4) @ 8.8 x 8.8 Fig1. To 0.09375 AS CAST
(3) @ 8.8 x 8.8 Fig1. To 0.1875 AS CAST
 
    ✓ trim=8.8000, stages=7, rpm=1460.0, model='MB', filing='Fig1. To 0.09375'

  test_id=99272259720010A1P
    raw trim: type=str  value='(7) @ 8.92 x 8.92 Fig1. To 0.03125 AS CAST
  '
      [extract_trim] is_vertical=True  has_@=True
      [extract_trim] → _parse_vertical_trim
      [parse_vt] input='(7) @ 8.92 x 8.92 Fig1. To 0.03125 AS CAST'
      [parse_vt] regex matched 1 group(s)
        (7) @ 8.92 x 8.92  avg=8.9200  contrib=7×8.9200=62.4400
      [parse_vt] RESULT: 62.4400 / 7 = 8.9200
      [parse_vt] upper=8.9200  lower=8.9200
      [parse_vt] filing_info='Fig1. To 0.03125'
    → trim_diameter=8.92, num_stages=7, filing='Fig1. To 0.03125'
    → upper=8.9200, lower=8.9200, conical=no
    ✓ trim=8.9200, stages=7, rpm=1760.0, model='MB', filing='Fig1. To 0.03125'

  test_id=99272245060011B1P
    raw trim: type=str  value='(4) @ 8.8 x 8.8 Fig1. To 0.09375 AS CAST
(3) @ 8.8 x 8.8 Fig1. To 0.1875 AS CAST
 '
      [extract_trim] is_vertical=True  has_@=True
      [extract_trim] → _parse_vertical_trim
      [parse_vt] input='(4) @ 8.8 x 8.8 Fig1. To 0.09375 AS CAST
(3) @ 8.8 x 8.8 Fig1. To 0.1875 AS CAST'
      [parse_vt] regex matched 2 group(s)
        (4) @ 8.8 x 8.8  avg=8.8000  contrib=4×8.8000=35.2000
        (3) @ 8.8 x 8.8  avg=8.8000  contrib=3×8.8000=26.4000
      [parse_vt] RESULT: 61.6000 / 7 = 8.8000
      [parse_vt] upper=8.8000  lower=8.8000
      [parse_vt] filing_info='Fig1. To 0.09375'
    → trim_diameter=8.8, num_stages=7, filing='Fig1. To 0.09375'
    → upper=8.8000, lower=8.8000, conical=no
    MT badge detected from impeller_trim: (4) @ 8.8 x 8.8 Fig1. To 0.09375 AS CAST
(3) @ 8.8 x 8.8 Fig1. To 0.1875 AS CAST
 
    ✓ trim=8.8000, stages=7, rpm=1460.0, model='MB', filing='Fig1. To 0.09375'

  test_id=99272254080022A1P
    raw trim: type=str  value='(4) @ 8.66 x 8.66 Fig1. To 0.03125 AS CAST
  '
      [extract_trim] is_vertical=True  has_@=True
      [extract_trim] → _parse_vertical_trim
      [parse_vt] input='(4) @ 8.66 x 8.66 Fig1. To 0.03125 AS CAST'
      [parse_vt] regex matched 1 group(s)
        (4) @ 8.66 x 8.66  avg=8.6600  contrib=4×8.6600=34.6400
      [parse_vt] RESULT: 34.6400 / 4 = 8.6600
      [parse_vt] upper=8.6600  lower=8.6600
      [parse_vt] filing_info='Fig1. To 0.03125'
    → trim_diameter=8.66, num_stages=4, filing='Fig1. To 0.03125'
    → upper=8.6600, lower=8.6600, conical=no
    ✓ trim=8.6600, stages=4, rpm=1760.0, model='MB', filing='Fig1. To 0.03125'

  test_id=99272262650010A1P
    raw trim: type=str  value='(6) @ 8.88 x 8.88 Fig1. To 0.03125 AS CAST
  '
      [extract_trim] is_vertical=True  has_@=True
      [extract_trim] → _parse_vertical_trim
      [parse_vt] input='(6) @ 8.88 x 8.88 Fig1. To 0.03125 AS CAST'
      [parse_vt] regex matched 1 group(s)
        (6) @ 8.88 x 8.88  avg=8.8800  contrib=6×8.8800=53.2800
      [parse_vt] RESULT: 53.2800 / 6 = 8.8800
      [parse_vt] upper=8.8800  lower=8.8800
      [parse_vt] filing_info='Fig1. To 0.03125'
    → trim_diameter=8.88, num_stages=6, filing='Fig1. To 0.03125'
    → upper=8.8800, lower=8.8800, conical=no
    ✓ trim=8.8800, stages=6, rpm=1760.0, model='MB', filing='Fig1. To 0.03125'

  test_id=99272253540010A1P
    raw trim: type=str  value='(6) @ 8.8 x 8.8 Fig1. To 0.1875 AS CAST
  '
      [extract_trim] is_vertical=True  has_@=True
      [extract_trim] → _parse_vertical_trim
      [parse_vt] input='(6) @ 8.8 x 8.8 Fig1. To 0.1875 AS CAST'
      [parse_vt] regex matched 1 group(s)
        (6) @ 8.8 x 8.8  avg=8.8000  contrib=6×8.8000=52.8000
      [parse_vt] RESULT: 52.8000 / 6 = 8.8000
      [parse_vt] upper=8.8000  lower=8.8000
      [parse_vt] filing_info='Fig1. To 0.1875'
    → trim_diameter=8.8, num_stages=6, filing='Fig1. To 0.1875'
    → upper=8.8000, lower=8.8000, conical=no
    ✓ trim=8.8000, stages=6, rpm=1760.0, model='MB', filing='Fig1. To 0.1875'

  test_id=99272253540010A2P
    raw trim: type=str  value='(4) @ 8.8 x 8.8 Fig1. To 0.1875 AS CAST
(2) @ 8.8 x 8.8 Fig1. To 0.06 AS CAST
 '
      [extract_trim] is_vertical=True  has_@=True
      [extract_trim] → _parse_vertical_trim
      [parse_vt] input='(4) @ 8.8 x 8.8 Fig1. To 0.1875 AS CAST
(2) @ 8.8 x 8.8 Fig1. To 0.06 AS CAST'
      [parse_vt] regex matched 2 group(s)
        (4) @ 8.8 x 8.8  avg=8.8000  contrib=4×8.8000=35.2000
        (2) @ 8.8 x 8.8  avg=8.8000  contrib=2×8.8000=17.6000
      [parse_vt] RESULT: 52.8000 / 6 = 8.8000
      [parse_vt] upper=8.8000  lower=8.8000
      [parse_vt] filing_info='Fig1. To 0.1875'
    → trim_diameter=8.8, num_stages=6, filing='Fig1. To 0.1875'
    → upper=8.8000, lower=8.8000, conical=no
    MT badge detected from impeller_trim: (4) @ 8.8 x 8.8 Fig1. To 0.1875 AS CAST
(2) @ 8.8 x 8.8 Fig1. To 0.06 AS CAST
 
    ✓ trim=8.8000, stages=6, rpm=1760.0, model='MB', filing='Fig1. To 0.1875'

  test_id=99272257790010A1P
    raw trim: type=str  value='(7) @ 8.78 x 8.78 Fig1. To 0.1875 AS CAST
  '
      [extract_trim] is_vertical=True  has_@=True
      [extract_trim] → _parse_vertical_trim
      [parse_vt] input='(7) @ 8.78 x 8.78 Fig1. To 0.1875 AS CAST'
      [parse_vt] regex matched 1 group(s)
        (7) @ 8.78 x 8.78  avg=8.7800  contrib=7×8.7800=61.4600
      [parse_vt] RESULT: 61.4600 / 7 = 8.7800
      [parse_vt] upper=8.7800  lower=8.7800
      [parse_vt] filing_info='Fig1. To 0.1875'
    → trim_diameter=8.78, num_stages=7, filing='Fig1. To 0.1875'
    → upper=8.7800, lower=8.7800, conical=no
    ✓ trim=8.7800, stages=7, rpm=1760.0, model='MB', filing='Fig1. To 0.1875'

  test_id=99272257790010A2P
    raw trim: type=str  value='(7) @ 8.78 x 8.78 Fig2. To 0.06 AS CAST
  '
      [extract_trim] is_vertical=True  has_@=True
      [extract_trim] → _parse_vertical_trim
      [parse_vt] input='(7) @ 8.78 x 8.78 Fig2. To 0.06 AS CAST'
      [parse_vt] regex matched 1 group(s)
        (7) @ 8.78 x 8.78  avg=8.7800  contrib=7×8.7800=61.4600
      [parse_vt] RESULT: 61.4600 / 7 = 8.7800
      [parse_vt] upper=8.7800  lower=8.7800
      [parse_vt] filing_info='Fig2. To 0.06'
    → trim_diameter=8.78, num_stages=7, filing='Fig2. To 0.06'
    → upper=8.7800, lower=8.7800, conical=no
    ✓ trim=8.7800, stages=7, rpm=1760.0, model='MB', filing='Fig2. To 0.06'

  test_id=99272253540010A4P
    raw trim: type=str  value='(2) @ 8.8 x 8.8 Fig1. To 0.1875 AS CAST
(4) @ 8.8 x 8.8 Fig1. To 0.06 AS CAST
 '
      [extract_trim] is_vertical=True  has_@=True
      [extract_trim] → _parse_vertical_trim
      [parse_vt] input='(2) @ 8.8 x 8.8 Fig1. To 0.1875 AS CAST
(4) @ 8.8 x 8.8 Fig1. To 0.06 AS CAST'
      [parse_vt] regex matched 2 group(s)
        (2) @ 8.8 x 8.8  avg=8.8000  contrib=2×8.8000=17.6000
        (4) @ 8.8 x 8.8  avg=8.8000  contrib=4×8.8000=35.2000
      [parse_vt] RESULT: 52.8000 / 6 = 8.8000
      [parse_vt] upper=8.8000  lower=8.8000
      [parse_vt] filing_info='Fig1. To 0.1875'
    → trim_diameter=8.8, num_stages=6, filing='Fig1. To 0.1875'
    → upper=8.8000, lower=8.8000, conical=no
    MT badge detected from impeller_trim: (2) @ 8.8 x 8.8 Fig1. To 0.1875 AS CAST
(4) @ 8.8 x 8.8 Fig1. To 0.06 AS CAST
 
    ✓ trim=8.8000, stages=6, rpm=1760.0, model='MB', filing='Fig1. To 0.1875'

  test_id=99272274170010A1P
    raw trim: type=str  value='(4) @ 8.82 x 8.82 Fig1. To 0.03125 AS CAST
  '
      [extract_trim] is_vertical=True  has_@=True
      [extract_trim] → _parse_vertical_trim
      [parse_vt] input='(4) @ 8.82 x 8.82 Fig1. To 0.03125 AS CAST'
      [parse_vt] regex matched 1 group(s)
        (4) @ 8.82 x 8.82  avg=8.8200  contrib=4×8.8200=35.2800
      [parse_vt] RESULT: 35.2800 / 4 = 8.8200
      [parse_vt] upper=8.8200  lower=8.8200
      [parse_vt] filing_info='Fig1. To 0.03125'
    → trim_diameter=8.82, num_stages=4, filing='Fig1. To 0.03125'
    → upper=8.8200, lower=8.8200, conical=no
    ✓ trim=8.8200, stages=4, rpm=1760.0, model='MB', filing='Fig1. To 0.03125'

  test_id=99272264200010A1P
    raw trim: type=str  value='(7) @ 8.76 x 8.76 Fig1. To 0.1875 AS CAST
  '
      [extract_trim] is_vertical=True  has_@=True
      [extract_trim] → _parse_vertical_trim
      [parse_vt] input='(7) @ 8.76 x 8.76 Fig1. To 0.1875 AS CAST'
      [parse_vt] regex matched 1 group(s)
        (7) @ 8.76 x 8.76  avg=8.7600  contrib=7×8.7600=61.3200
      [parse_vt] RESULT: 61.3200 / 7 = 8.7600
      [parse_vt] upper=8.7600  lower=8.7600
      [parse_vt] filing_info='Fig1. To 0.1875'
    → trim_diameter=8.76, num_stages=7, filing='Fig1. To 0.1875'
    → upper=8.7600, lower=8.7600, conical=no
    ✓ trim=8.7600, stages=7, rpm=1760.0, model='MB', filing='Fig1. To 0.1875'

  test_id=99272265400010A1P
    raw trim: type=str  value='(10) @ 8.33 x 8.33 Fig1. To 0.1875 As Cast
  '
      [extract_trim] is_vertical=True  has_@=True
      [extract_trim] → _parse_vertical_trim
      [parse_vt] input='(10) @ 8.33 x 8.33 Fig1. To 0.1875 As Cast'
      [parse_vt] regex matched 1 group(s)
        (10) @ 8.33 x 8.33  avg=8.3300  contrib=10×8.3300=83.3000
      [parse_vt] RESULT: 83.3000 / 10 = 8.3300
      [parse_vt] upper=8.3300  lower=8.3300
      [parse_vt] filing_info='Fig1. To 0.1875'
    → trim_diameter=8.33, num_stages=10, filing='Fig1. To 0.1875'
    → upper=8.3300, lower=8.3300, conical=no
    ✓ trim=8.3300, stages=10, rpm=1785.0, model='MB', filing='Fig1. To 0.1875'

  test_id=99272265400010A2P
    raw trim: type=str  value='(7) @ 8.33 x 8.33 Fig1. To 0.1875 As Cast
(3) @ 8.33 x 8.33 Fig1. To 0.03 As Cast
 '
      [extract_trim] is_vertical=True  has_@=True
      [extract_trim] → _parse_vertical_trim
      [parse_vt] input='(7) @ 8.33 x 8.33 Fig1. To 0.1875 As Cast
(3) @ 8.33 x 8.33 Fig1. To 0.03 As Cast'
      [parse_vt] regex matched 2 group(s)
        (7) @ 8.33 x 8.33  avg=8.3300  contrib=7×8.3300=58.3100
        (3) @ 8.33 x 8.33  avg=8.3300  contrib=3×8.3300=24.9900
      [parse_vt] RESULT: 83.3000 / 10 = 8.3300
      [parse_vt] upper=8.3300  lower=8.3300
      [parse_vt] filing_info='Fig1. To 0.1875'
    → trim_diameter=8.330000000000002, num_stages=10, filing='Fig1. To 0.1875'
    → upper=8.3300, lower=8.3300, conical=no
    MT badge detected from impeller_trim: (7) @ 8.33 x 8.33 Fig1. To 0.1875 As Cast
(3) @ 8.33 x 8.33 Fig1. To 0.03 As Cast
 
    ✓ trim=8.3300, stages=10, rpm=1785.0, model='MB', filing='Fig1. To 0.1875'

  test_id=99272257800010A2P
    raw trim: type=str  value='(7) @ 8.78 x 8.78 Fig1. To 0.03 AS CAST
  '
      [extract_trim] is_vertical=True  has_@=True
      [extract_trim] → _parse_vertical_trim
      [parse_vt] input='(7) @ 8.78 x 8.78 Fig1. To 0.03 AS CAST'
      [parse_vt] regex matched 1 group(s)
        (7) @ 8.78 x 8.78  avg=8.7800  contrib=7×8.7800=61.4600
      [parse_vt] RESULT: 61.4600 / 7 = 8.7800
      [parse_vt] upper=8.7800  lower=8.7800
      [parse_vt] filing_info='Fig1. To 0.03'
    → trim_diameter=8.78, num_stages=7, filing='Fig1. To 0.03'
    → upper=8.7800, lower=8.7800, conical=no
    ✓ trim=8.7800, stages=7, rpm=1760.0, model='MB', filing='Fig1. To 0.03'

  test_id=99272258380010A1P
    raw trim: type=str  value='(6) @ 8.88 x 8.88 Fig1. To 0.03125 AS CAST
  '
      [extract_trim] is_vertical=True  has_@=True
      [extract_trim] → _parse_vertical_trim
      [parse_vt] input='(6) @ 8.88 x 8.88 Fig1. To 0.03125 AS CAST'
      [parse_vt] regex matched 1 group(s)
        (6) @ 8.88 x 8.88  avg=8.8800  contrib=6×8.8800=53.2800
      [parse_vt] RESULT: 53.2800 / 6 = 8.8800
      [parse_vt] upper=8.8800  lower=8.8800
      [parse_vt] filing_info='Fig1. To 0.03125'
    → trim_diameter=8.88, num_stages=6, filing='Fig1. To 0.03125'
    → upper=8.8800, lower=8.8800, conical=no
    ✓ trim=8.8800, stages=6, rpm=1760.0, model='MB', filing='Fig1. To 0.03125'

  test_id=99272271770010A1P
    raw trim: type=str  value='(6) @ 8.88 x 8.88 Fig1. To 0.03125 AS CAST
  '
      [extract_trim] is_vertical=True  has_@=True
      [extract_trim] → _parse_vertical_trim
      [parse_vt] input='(6) @ 8.88 x 8.88 Fig1. To 0.03125 AS CAST'
      [parse_vt] regex matched 1 group(s)
        (6) @ 8.88 x 8.88  avg=8.8800  contrib=6×8.8800=53.2800
      [parse_vt] RESULT: 53.2800 / 6 = 8.8800
      [parse_vt] upper=8.8800  lower=8.8800
      [parse_vt] filing_info='Fig1. To 0.03125'
    → trim_diameter=8.88, num_stages=6, filing='Fig1. To 0.03125'
    → upper=8.8800, lower=8.8800, conical=no
    ✓ trim=8.8800, stages=6, rpm=1760.0, model='MB', filing='Fig1. To 0.03125'

  test_id=99272258380010A2P
    raw trim: type=str  value='(4) @ 8.88 x 8.88 Fig1. To 0.03125 AS CAST
(2) @ 8.88 x 8.88 Fig2. To 0.01 AS CAST
 '
      [extract_trim] is_vertical=True  has_@=True
      [extract_trim] → _parse_vertical_trim
      [parse_vt] input='(4) @ 8.88 x 8.88 Fig1. To 0.03125 AS CAST
(2) @ 8.88 x 8.88 Fig2. To 0.01 AS CAST'
      [parse_vt] regex matched 2 group(s)
        (4) @ 8.88 x 8.88  avg=8.8800  contrib=4×8.8800=35.5200
        (2) @ 8.88 x 8.88  avg=8.8800  contrib=2×8.8800=17.7600
      [parse_vt] RESULT: 53.2800 / 6 = 8.8800
      [parse_vt] upper=8.8800  lower=8.8800
      [parse_vt] filing_info='Fig1. To 0.03125'
    → trim_diameter=8.88, num_stages=6, filing='Fig1. To 0.03125'
    → upper=8.8800, lower=8.8800, conical=no
    MT badge detected from impeller_trim: (4) @ 8.88 x 8.88 Fig1. To 0.03125 AS CAST
(2) @ 8.88 x 8.88 Fig2. To 0.01 AS CAST
 
    ✓ trim=8.8800, stages=6, rpm=1760.0, model='MB', filing='Fig1. To 0.03125'

  test_id=99272278430010A1P
    raw trim: type=str  value='(4) @ 8.66 x 8.66 Fig1. To 0.03125 AS CAST
  '
      [extract_trim] is_vertical=True  has_@=True
      [extract_trim] → _parse_vertical_trim
      [parse_vt] input='(4) @ 8.66 x 8.66 Fig1. To 0.03125 AS CAST'
      [parse_vt] regex matched 1 group(s)
        (4) @ 8.66 x 8.66  avg=8.6600  contrib=4×8.6600=34.6400
      [parse_vt] RESULT: 34.6400 / 4 = 8.6600
      [parse_vt] upper=8.6600  lower=8.6600
      [parse_vt] filing_info='Fig1. To 0.03125'
    → trim_diameter=8.66, num_stages=4, filing='Fig1. To 0.03125'
    → upper=8.6600, lower=8.6600, conical=no
    ✓ trim=8.6600, stages=4, rpm=1760.0, model='MB', filing='Fig1. To 0.03125'

  test_id=99272262890010A1P
    raw trim: type=str  value='(5) @ 8.96 x 8.96 Fig1. To 0.03125 AS CAST
  '
      [extract_trim] is_vertical=True  has_@=True
      [extract_trim] → _parse_vertical_trim
      [parse_vt] input='(5) @ 8.96 x 8.96 Fig1. To 0.03125 AS CAST'
      [parse_vt] regex matched 1 group(s)
        (5) @ 8.96 x 8.96  avg=8.9600  contrib=5×8.9600=44.8000
      [parse_vt] RESULT: 44.8000 / 5 = 8.9600
      [parse_vt] upper=8.9600  lower=8.9600
      [parse_vt] filing_info='Fig1. To 0.03125'
    → trim_diameter=8.96, num_stages=5, filing='Fig1. To 0.03125'
    → upper=8.9600, lower=8.9600, conical=no
    ✓ trim=8.9600, stages=5, rpm=1760.0, model='MB', filing='Fig1. To 0.03125'

  test_id=99272271470010A1P
    raw trim: type=str  value='(4) @ 8.61 x 8.61 Fig1. To 0.03125 75RA
  '
      [extract_trim] POLISHED detected in '(4) @ 8.61 x 8.61 Fig1. To 0.03125 75RA'
      [extract_trim] is_vertical=True  has_@=True
      [extract_trim] → _parse_vertical_trim
      [parse_vt] input='(4) @ 8.61 x 8.61 Fig1. To 0.03125 75RA'
      [parse_vt] regex matched 1 group(s)
        (4) @ 8.61 x 8.61  avg=8.6100  contrib=4×8.6100=34.4400
      [parse_vt] RESULT: 34.4400 / 4 = 8.6100
      [parse_vt] upper=8.6100  lower=8.6100
      [parse_vt] filing_info='Fig1. To 0.03125'
    → trim_diameter=8.61, num_stages=4, filing='Fig1. To 0.03125'
    → upper=8.6100, lower=8.6100, conical=no
    → POLISHED impeller detected
    ✓ trim=8.6100, stages=4, rpm=1760.0, model='MB', filing='Fig1. To 0.03125'

  test_id=99272286000010A1P
    raw trim: type=str  value='(4) @ 8.76 x 8.76 Fig1. To 0.03125 75Ra
  '
      [extract_trim] POLISHED detected in '(4) @ 8.76 x 8.76 Fig1. To 0.03125 75Ra'
      [extract_trim] is_vertical=True  has_@=True
      [extract_trim] → _parse_vertical_trim
      [parse_vt] input='(4) @ 8.76 x 8.76 Fig1. To 0.03125 75Ra'
      [parse_vt] regex matched 1 group(s)
        (4) @ 8.76 x 8.76  avg=8.7600  contrib=4×8.7600=35.0400
      [parse_vt] RESULT: 35.0400 / 4 = 8.7600
      [parse_vt] upper=8.7600  lower=8.7600
      [parse_vt] filing_info='Fig1. To 0.03125'
    → trim_diameter=8.76, num_stages=4, filing='Fig1. To 0.03125'
    → upper=8.7600, lower=8.7600, conical=no
    → POLISHED impeller detected
    ✓ trim=8.7600, stages=4, rpm=1760.0, model='MB', filing='Fig1. To 0.03125'

  test_id=99272245040011A4P
    raw trim: type=str  value='(9) @ 8.8 x 8.8 Fig1. To 0.1875 AS CAST
  '
      [extract_trim] is_vertical=True  has_@=True
      [extract_trim] → _parse_vertical_trim
      [parse_vt] input='(9) @ 8.8 x 8.8 Fig1. To 0.1875 AS CAST'
      [parse_vt] regex matched 1 group(s)
        (9) @ 8.8 x 8.8  avg=8.8000  contrib=9×8.8000=79.2000
      [parse_vt] RESULT: 79.2000 / 9 = 8.8000
      [parse_vt] upper=8.8000  lower=8.8000
      [parse_vt] filing_info='Fig1. To 0.1875'
    → trim_diameter=8.8, num_stages=9, filing='Fig1. To 0.1875'
    → upper=8.8000, lower=8.8000, conical=no
    ✓ trim=8.8000, stages=9, rpm=1460.0, model='MB', filing='Fig1. To 0.1875'

  test_id=99272245040011B2P
    raw trim: type=str  value='(9) @ 8.8 x 8.8 Fig1. To 0.1875 AS CAST
  '
      [extract_trim] is_vertical=True  has_@=True
      [extract_trim] → _parse_vertical_trim
      [parse_vt] input='(9) @ 8.8 x 8.8 Fig1. To 0.1875 AS CAST'
      [parse_vt] regex matched 1 group(s)
        (9) @ 8.8 x 8.8  avg=8.8000  contrib=9×8.8000=79.2000
      [parse_vt] RESULT: 79.2000 / 9 = 8.8000
      [parse_vt] upper=8.8000  lower=8.8000
      [parse_vt] filing_info='Fig1. To 0.1875'
    → trim_diameter=8.8, num_stages=9, filing='Fig1. To 0.1875'
    → upper=8.8000, lower=8.8000, conical=no
    ✓ trim=8.8000, stages=9, rpm=1460.0, model='MB', filing='Fig1. To 0.1875'

  test_id=99272245040011A4P
    raw trim: type=str  value='(9) @ 8.8 x 8.8 Fig1. To 0.1875 AS CAST
  '
      [extract_trim] is_vertical=True  has_@=True
      [extract_trim] → _parse_vertical_trim
      [parse_vt] input='(9) @ 8.8 x 8.8 Fig1. To 0.1875 AS CAST'
      [parse_vt] regex matched 1 group(s)
        (9) @ 8.8 x 8.8  avg=8.8000  contrib=9×8.8000=79.2000
      [parse_vt] RESULT: 79.2000 / 9 = 8.8000
      [parse_vt] upper=8.8000  lower=8.8000
      [parse_vt] filing_info='Fig1. To 0.1875'
    → trim_diameter=8.8, num_stages=9, filing='Fig1. To 0.1875'
    → upper=8.8000, lower=8.8000, conical=no
    ✓ trim=8.8000, stages=9, rpm=1460.0, model='MB', filing='Fig1. To 0.1875'

  test_id=99272245040011A4P
    raw trim: type=str  value='(9) @ 8.8 x 8.8 Fig1. To 0.1875 AS CAST
  '
      [extract_trim] is_vertical=True  has_@=True
      [extract_trim] → _parse_vertical_trim
      [parse_vt] input='(9) @ 8.8 x 8.8 Fig1. To 0.1875 AS CAST'
      [parse_vt] regex matched 1 group(s)
        (9) @ 8.8 x 8.8  avg=8.8000  contrib=9×8.8000=79.2000
      [parse_vt] RESULT: 79.2000 / 9 = 8.8000
      [parse_vt] upper=8.8000  lower=8.8000
      [parse_vt] filing_info='Fig1. To 0.1875'
    → trim_diameter=8.8, num_stages=9, filing='Fig1. To 0.1875'
    → upper=8.8000, lower=8.8000, conical=no
    ✓ trim=8.8000, stages=9, rpm=1460.0, model='MB', filing='Fig1. To 0.1875'

  test_id=99272245060011A3P
    raw trim: type=str  value='(4) @ 8.8 x 8.8 Fig1. To 0.09375 AS CAST
(3) @ 8.8 x 8.8 Fig1. To 0.1875 AS CAST
 '
      [extract_trim] is_vertical=True  has_@=True
      [extract_trim] → _parse_vertical_trim
      [parse_vt] input='(4) @ 8.8 x 8.8 Fig1. To 0.09375 AS CAST
(3) @ 8.8 x 8.8 Fig1. To 0.1875 AS CAST'
      [parse_vt] regex matched 2 group(s)
        (4) @ 8.8 x 8.8  avg=8.8000  contrib=4×8.8000=35.2000
        (3) @ 8.8 x 8.8  avg=8.8000  contrib=3×8.8000=26.4000
      [parse_vt] RESULT: 61.6000 / 7 = 8.8000
      [parse_vt] upper=8.8000  lower=8.8000
      [parse_vt] filing_info='Fig1. To 0.09375'
    → trim_diameter=8.8, num_stages=7, filing='Fig1. To 0.09375'
    → upper=8.8000, lower=8.8000, conical=no
    MT badge detected from impeller_trim: (4) @ 8.8 x 8.8 Fig1. To 0.09375 AS CAST
(3) @ 8.8 x 8.8 Fig1. To 0.1875 AS CAST
 
    ✓ trim=8.8000, stages=7, rpm=1460.0, model='MB', filing='Fig1. To 0.09375'

  test_id=99272245060011B2P
    raw trim: type=str  value='(4) @ 8.8 x 8.8 Fig1. To 0.09375 AS CAST
(3) @ 8.8 x 8.8 Fig1. To 0.1875 AS CAST
 '
      [extract_trim] is_vertical=True  has_@=True
      [extract_trim] → _parse_vertical_trim
      [parse_vt] input='(4) @ 8.8 x 8.8 Fig1. To 0.09375 AS CAST
(3) @ 8.8 x 8.8 Fig1. To 0.1875 AS CAST'
      [parse_vt] regex matched 2 group(s)
        (4) @ 8.8 x 8.8  avg=8.8000  contrib=4×8.8000=35.2000
        (3) @ 8.8 x 8.8  avg=8.8000  contrib=3×8.8000=26.4000
      [parse_vt] RESULT: 61.6000 / 7 = 8.8000
      [parse_vt] upper=8.8000  lower=8.8000
      [parse_vt] filing_info='Fig1. To 0.09375'
    → trim_diameter=8.8, num_stages=7, filing='Fig1. To 0.09375'
    → upper=8.8000, lower=8.8000, conical=no
    MT badge detected from impeller_trim: (4) @ 8.8 x 8.8 Fig1. To 0.09375 AS CAST
(3) @ 8.8 x 8.8 Fig1. To 0.1875 AS CAST
 
    ✓ trim=8.8000, stages=7, rpm=1460.0, model='MB', filing='Fig1. To 0.09375'

  test_id=99272278430010A2P
    raw trim: type=str  value='(4) @ 8.66 x 8.66 Fig2. To 0.01 AS CAST
  '
      [extract_trim] is_vertical=True  has_@=True
      [extract_trim] → _parse_vertical_trim
      [parse_vt] input='(4) @ 8.66 x 8.66 Fig2. To 0.01 AS CAST'
      [parse_vt] regex matched 1 group(s)
        (4) @ 8.66 x 8.66  avg=8.6600  contrib=4×8.6600=34.6400
      [parse_vt] RESULT: 34.6400 / 4 = 8.6600
      [parse_vt] upper=8.6600  lower=8.6600
      [parse_vt] filing_info='Fig2. To 0.01'
    → trim_diameter=8.66, num_stages=4, filing='Fig2. To 0.01'
    → upper=8.6600, lower=8.6600, conical=no
    ✓ trim=8.6600, stages=4, rpm=1760.0, model='MB', filing='Fig2. To 0.01'

  test_id=99272271470010A2P
    raw trim: type=str  value='(1) @ 8.96 x 8.96 Fig1. To 0.03125 75RA
(3) @ 8.61 x 8.61 Fig2. To 0.01 75RA
 '
      [extract_trim] POLISHED detected in '(1) @ 8.96 x 8.96 Fig1. To 0.03125 75RA
(3) @ 8.61 x 8.61 Fig2. To 0.01 75RA'
      [extract_trim] is_vertical=True  has_@=True
      [extract_trim] → _parse_vertical_trim
      [parse_vt] input='(1) @ 8.96 x 8.96 Fig1. To 0.03125 75RA
(3) @ 8.61 x 8.61 Fig2. To 0.01 75RA'
      [parse_vt] regex matched 2 group(s)
        (1) @ 8.96 x 8.96  avg=8.9600  contrib=1×8.9600=8.9600
        (3) @ 8.61 x 8.61  avg=8.6100  contrib=3×8.6100=25.8300
      [parse_vt] RESULT: 34.7900 / 4 = 8.6975
      [parse_vt] upper=8.6975  lower=8.6975
      [parse_vt] filing_info='Fig1. To 0.03125'
    → trim_diameter=8.6975, num_stages=4, filing='Fig1. To 0.03125'
    → upper=8.6975, lower=8.6975, conical=no
    → POLISHED impeller detected
    MT badge detected from impeller_trim: (1) @ 8.96 x 8.96 Fig1. To 0.03125 75RA
(3) @ 8.61 x 8.61 Fig2. To 0.01 75RA
 
    ✓ trim=8.6975, stages=4, rpm=1760.0, model='MB', filing='Fig1. To 0.03125'

  test_id=99272269620010A1P
    raw trim: type=str  value='(5) @ 8.45 x 8.45 Fig1. To 0.03125 As Cast
  '
      [extract_trim] is_vertical=True  has_@=True
      [extract_trim] → _parse_vertical_trim
      [parse_vt] input='(5) @ 8.45 x 8.45 Fig1. To 0.03125 As Cast'
      [parse_vt] regex matched 1 group(s)
        (5) @ 8.45 x 8.45  avg=8.4500  contrib=5×8.4500=42.2500
      [parse_vt] RESULT: 42.2500 / 5 = 8.4500
      [parse_vt] upper=8.4500  lower=8.4500
      [parse_vt] filing_info='Fig1. To 0.03125'
    → trim_diameter=8.45, num_stages=5, filing='Fig1. To 0.03125'
    → upper=8.4500, lower=8.4500, conical=no
    ✓ trim=8.4500, stages=5, rpm=1490.0, model='MMB', filing='Fig1. To 0.03125'

  test_id=99272275540010A1P
    raw trim: type=str  value='(6) @ 8.82 x 8.82 Fig1. To 0.1875 75Ra
  '
      [extract_trim] POLISHED detected in '(6) @ 8.82 x 8.82 Fig1. To 0.1875 75Ra'
      [extract_trim] is_vertical=True  has_@=True
      [extract_trim] → _parse_vertical_trim
      [parse_vt] input='(6) @ 8.82 x 8.82 Fig1. To 0.1875 75Ra'
      [parse_vt] regex matched 1 group(s)
        (6) @ 8.82 x 8.82  avg=8.8200  contrib=6×8.8200=52.9200
      [parse_vt] RESULT: 52.9200 / 6 = 8.8200
      [parse_vt] upper=8.8200  lower=8.8200
      [parse_vt] filing_info='Fig1. To 0.1875'
    → trim_diameter=8.82, num_stages=6, filing='Fig1. To 0.1875'
    → upper=8.8200, lower=8.8200, conical=no
    → POLISHED impeller detected
    ✓ trim=8.8200, stages=6, rpm=1760.0, model='MB', filing='Fig1. To 0.1875'

  test_id=99272267020011A1P
    raw trim: type=str  value='(6) @ 8.96 x 8.96 Fig1. To 0.03125 AS CAST
  '
      [extract_trim] is_vertical=True  has_@=True
      [extract_trim] → _parse_vertical_trim
      [parse_vt] input='(6) @ 8.96 x 8.96 Fig1. To 0.03125 AS CAST'
      [parse_vt] regex matched 1 group(s)
        (6) @ 8.96 x 8.96  avg=8.9600  contrib=6×8.9600=53.7600
      [parse_vt] RESULT: 53.7600 / 6 = 8.9600
      [parse_vt] upper=8.9600  lower=8.9600
      [parse_vt] filing_info='Fig1. To 0.03125'
    → trim_diameter=8.96, num_stages=6, filing='Fig1. To 0.03125'
    → upper=8.9600, lower=8.9600, conical=no
    ✓ trim=8.9600, stages=6, rpm=1760.0, model='MB', filing='Fig1. To 0.03125'

  test_id=99272268350010A1P
    raw trim: type=str  value='(5) @ 8.78 x 8.78 Fig1. To 0.03125 AS CAST
  '
      [extract_trim] is_vertical=True  has_@=True
      [extract_trim] → _parse_vertical_trim
      [parse_vt] input='(5) @ 8.78 x 8.78 Fig1. To 0.03125 AS CAST'
      [parse_vt] regex matched 1 group(s)
        (5) @ 8.78 x 8.78  avg=8.7800  contrib=5×8.7800=43.9000
      [parse_vt] RESULT: 43.9000 / 5 = 8.7800
      [parse_vt] upper=8.7800  lower=8.7800
      [parse_vt] filing_info='Fig1. To 0.03125'
    → trim_diameter=8.78, num_stages=5, filing='Fig1. To 0.03125'
    → upper=8.7800, lower=8.7800, conical=no
    ✓ trim=8.7800, stages=5, rpm=1760.0, model='MB', filing='Fig1. To 0.03125'

  test_id=99272278180011A1P
    raw trim: type=str  value='(3) @ 8.62 x 8.62 Fig1. To 0.03125 AS CAST
  '
      [extract_trim] is_vertical=True  has_@=True
      [extract_trim] → _parse_vertical_trim
      [parse_vt] input='(3) @ 8.62 x 8.62 Fig1. To 0.03125 AS CAST'
      [parse_vt] regex matched 1 group(s)
        (3) @ 8.62 x 8.62  avg=8.6200  contrib=3×8.6200=25.8600
      [parse_vt] RESULT: 25.8600 / 3 = 8.6200
      [parse_vt] upper=8.6200  lower=8.6200
      [parse_vt] filing_info='Fig1. To 0.03125'
    → trim_diameter=8.62, num_stages=3, filing='Fig1. To 0.03125'
    → upper=8.6200, lower=8.6200, conical=no
    ✓ trim=8.6200, stages=3, rpm=1760.0, model='MB', filing='Fig1. To 0.03125'

  test_id=99272278180011A1P
    raw trim: type=str  value='(3) @ 8.62 x 8.62 Fig1. To 0.03125 AS CAST
  '
      [extract_trim] is_vertical=True  has_@=True
      [extract_trim] → _parse_vertical_trim
      [parse_vt] input='(3) @ 8.62 x 8.62 Fig1. To 0.03125 AS CAST'
      [parse_vt] regex matched 1 group(s)
        (3) @ 8.62 x 8.62  avg=8.6200  contrib=3×8.6200=25.8600
      [parse_vt] RESULT: 25.8600 / 3 = 8.6200
      [parse_vt] upper=8.6200  lower=8.6200
      [parse_vt] filing_info='Fig1. To 0.03125'
    → trim_diameter=8.62, num_stages=3, filing='Fig1. To 0.03125'
    → upper=8.6200, lower=8.6200, conical=no
    ✓ trim=8.6200, stages=3, rpm=1760.0, model='MB', filing='Fig1. To 0.03125'

  test_id=99272269620010C1P
    raw trim: type=str  value='(5) @ 8.45 x 8.45 Fig1. To 0.03125 As Cast
  '
      [extract_trim] is_vertical=True  has_@=True
      [extract_trim] → _parse_vertical_trim
      [parse_vt] input='(5) @ 8.45 x 8.45 Fig1. To 0.03125 As Cast'
      [parse_vt] regex matched 1 group(s)
        (5) @ 8.45 x 8.45  avg=8.4500  contrib=5×8.4500=42.2500
      [parse_vt] RESULT: 42.2500 / 5 = 8.4500
      [parse_vt] upper=8.4500  lower=8.4500
      [parse_vt] filing_info='Fig1. To 0.03125'
    → trim_diameter=8.45, num_stages=5, filing='Fig1. To 0.03125'
    → upper=8.4500, lower=8.4500, conical=no
    ✓ trim=8.4500, stages=5, rpm=1490.0, model='MMB', filing='Fig1. To 0.03125'

  test_id=99272269620010E1P
    raw trim: type=str  value='(5) @ 8.45 x 8.45 Fig1. To 0.03125 As Cast
  '
      [extract_trim] is_vertical=True  has_@=True
      [extract_trim] → _parse_vertical_trim
      [parse_vt] input='(5) @ 8.45 x 8.45 Fig1. To 0.03125 As Cast'
      [parse_vt] regex matched 1 group(s)
        (5) @ 8.45 x 8.45  avg=8.4500  contrib=5×8.4500=42.2500
      [parse_vt] RESULT: 42.2500 / 5 = 8.4500
      [parse_vt] upper=8.4500  lower=8.4500
      [parse_vt] filing_info='Fig1. To 0.03125'
    → trim_diameter=8.45, num_stages=5, filing='Fig1. To 0.03125'
    → upper=8.4500, lower=8.4500, conical=no
    ✓ trim=8.4500, stages=5, rpm=1490.0, model='MMB', filing='Fig1. To 0.03125'

  test_id=99272269620010F1P
    raw trim: type=str  value='(5) @ 8.45 x 8.45 Fig1. To 0.03125 As Cast
  '
      [extract_trim] is_vertical=True  has_@=True
      [extract_trim] → _parse_vertical_trim
      [parse_vt] input='(5) @ 8.45 x 8.45 Fig1. To 0.03125 As Cast'
      [parse_vt] regex matched 1 group(s)
        (5) @ 8.45 x 8.45  avg=8.4500  contrib=5×8.4500=42.2500
      [parse_vt] RESULT: 42.2500 / 5 = 8.4500
      [parse_vt] upper=8.4500  lower=8.4500
      [parse_vt] filing_info='Fig1. To 0.03125'
    → trim_diameter=8.45, num_stages=5, filing='Fig1. To 0.03125'
    → upper=8.4500, lower=8.4500, conical=no
    ✓ trim=8.4500, stages=5, rpm=1490.0, model='MMB', filing='Fig1. To 0.03125'

  test_id=99272269620010G1P
    raw trim: type=str  value='(5) @ 8.45 x 8.45 Fig1. To 0.03125 As Cast
  '
      [extract_trim] is_vertical=True  has_@=True
      [extract_trim] → _parse_vertical_trim
      [parse_vt] input='(5) @ 8.45 x 8.45 Fig1. To 0.03125 As Cast'
      [parse_vt] regex matched 1 group(s)
        (5) @ 8.45 x 8.45  avg=8.4500  contrib=5×8.4500=42.2500
      [parse_vt] RESULT: 42.2500 / 5 = 8.4500
      [parse_vt] upper=8.4500  lower=8.4500
      [parse_vt] filing_info='Fig1. To 0.03125'
    → trim_diameter=8.45, num_stages=5, filing='Fig1. To 0.03125'
    → upper=8.4500, lower=8.4500, conical=no
    ✓ trim=8.4500, stages=5, rpm=1490.0, model='MMB', filing='Fig1. To 0.03125'

  test_id=99272269620010H1P
    raw trim: type=str  value='(5) @ 8.45 x 8.45 Fig1. To 0.03125 As Cast
  '
      [extract_trim] is_vertical=True  has_@=True
      [extract_trim] → _parse_vertical_trim
      [parse_vt] input='(5) @ 8.45 x 8.45 Fig1. To 0.03125 As Cast'
      [parse_vt] regex matched 1 group(s)
        (5) @ 8.45 x 8.45  avg=8.4500  contrib=5×8.4500=42.2500
      [parse_vt] RESULT: 42.2500 / 5 = 8.4500
      [parse_vt] upper=8.4500  lower=8.4500
      [parse_vt] filing_info='Fig1. To 0.03125'
    → trim_diameter=8.45, num_stages=5, filing='Fig1. To 0.03125'
    → upper=8.4500, lower=8.4500, conical=no
    ✓ trim=8.4500, stages=5, rpm=1490.0, model='MMB', filing='Fig1. To 0.03125'

  test_id=99272269620010I1P
    raw trim: type=str  value='(5) @ 8.45 x 8.45 Fig1. To 0.03125 As Cast
  '
      [extract_trim] is_vertical=True  has_@=True
      [extract_trim] → _parse_vertical_trim
      [parse_vt] input='(5) @ 8.45 x 8.45 Fig1. To 0.03125 As Cast'
      [parse_vt] regex matched 1 group(s)
        (5) @ 8.45 x 8.45  avg=8.4500  contrib=5×8.4500=42.2500
      [parse_vt] RESULT: 42.2500 / 5 = 8.4500
      [parse_vt] upper=8.4500  lower=8.4500
      [parse_vt] filing_info='Fig1. To 0.03125'
    → trim_diameter=8.45, num_stages=5, filing='Fig1. To 0.03125'
    → upper=8.4500, lower=8.4500, conical=no
    ✓ trim=8.4500, stages=5, rpm=1490.0, model='MMB', filing='Fig1. To 0.03125'

  test_id=99272278580010A1P
    raw trim: type=str  value='(5) @ 8.6 x 8.6 Fig1. To 0.03125 AS CAST
  '
      [extract_trim] is_vertical=True  has_@=True
      [extract_trim] → _parse_vertical_trim
      [parse_vt] input='(5) @ 8.6 x 8.6 Fig1. To 0.03125 AS CAST'
      [parse_vt] regex matched 1 group(s)
        (5) @ 8.6 x 8.6  avg=8.6000  contrib=5×8.6000=43.0000
      [parse_vt] RESULT: 43.0000 / 5 = 8.6000
      [parse_vt] upper=8.6000  lower=8.6000
      [parse_vt] filing_info='Fig1. To 0.03125'
    → trim_diameter=8.6, num_stages=5, filing='Fig1. To 0.03125'
    → upper=8.6000, lower=8.6000, conical=no
    ✓ trim=8.6000, stages=5, rpm=1760.0, model='MB', filing='Fig1. To 0.03125'

  test_id=99272282900010A1P
    raw trim: type=str  value='(1) @ 8.4 x 8.4 Deburr Only As Cast  '
      [extract_trim] is_vertical=True  has_@=True
      [extract_trim] → _parse_vertical_trim
      [parse_vt] input='(1) @ 8.4 x 8.4 Deburr Only As Cast'
      [parse_vt] regex matched 1 group(s)
        (1) @ 8.4 x 8.4  avg=8.4000  contrib=1×8.4000=8.4000
      [parse_vt] RESULT: 8.4000 / 1 = 8.4000
      [parse_vt] upper=8.4000  lower=8.4000
      [parse_vt] filing_info=''
    → trim_diameter=8.4, num_stages=1, filing=''
    → upper=8.4000, lower=8.4000, conical=no
    stages fallback: 1 → 1 (from 'num_stages' column)
    ✓ trim=8.4000, stages=1, rpm=1785.0, model='MB', filing=''

  test_id=99272292100010A1P
    raw trim: type=str  value='(2) @ 8.88 x 8.88 Fig1. To 0.03125 AS CAST
  '
      [extract_trim] is_vertical=True  has_@=True
      [extract_trim] → _parse_vertical_trim
      [parse_vt] input='(2) @ 8.88 x 8.88 Fig1. To 0.03125 AS CAST'
      [parse_vt] regex matched 1 group(s)
        (2) @ 8.88 x 8.88  avg=8.8800  contrib=2×8.8800=17.7600
      [parse_vt] RESULT: 17.7600 / 2 = 8.8800
      [parse_vt] upper=8.8800  lower=8.8800
      [parse_vt] filing_info='Fig1. To 0.03125'
    → trim_diameter=8.88, num_stages=2, filing='Fig1. To 0.03125'
    → upper=8.8800, lower=8.8800, conical=no
    ✓ trim=8.8800, stages=2, rpm=1760.0, model='MB', filing='Fig1. To 0.03125'

  test_id=99272301520010A1P
    raw trim: type=str  value='(5) @ 8.88 x 8.88 Fig1. To 0.03125 AS CAST
  '
      [extract_trim] is_vertical=True  has_@=True
      [extract_trim] → _parse_vertical_trim
      [parse_vt] input='(5) @ 8.88 x 8.88 Fig1. To 0.03125 AS CAST'
      [parse_vt] regex matched 1 group(s)
        (5) @ 8.88 x 8.88  avg=8.8800  contrib=5×8.8800=44.4000
      [parse_vt] RESULT: 44.4000 / 5 = 8.8800
      [parse_vt] upper=8.8800  lower=8.8800
      [parse_vt] filing_info='Fig1. To 0.03125'
    → trim_diameter=8.88, num_stages=5, filing='Fig1. To 0.03125'
    → upper=8.8800, lower=8.8800, conical=no
    ✓ trim=8.8800, stages=5, rpm=1760.0, model='MB', filing='Fig1. To 0.03125'

  test_id=99272296820010A1P
    raw trim: type=str  value='(8) @ 8.72 x 8.72 Fig1. To 0.03125 AS CAST
  '
      [extract_trim] is_vertical=True  has_@=True
      [extract_trim] → _parse_vertical_trim
      [parse_vt] input='(8) @ 8.72 x 8.72 Fig1. To 0.03125 AS CAST'
      [parse_vt] regex matched 1 group(s)
        (8) @ 8.72 x 8.72  avg=8.7200  contrib=8×8.7200=69.7600
      [parse_vt] RESULT: 69.7600 / 8 = 8.7200
      [parse_vt] upper=8.7200  lower=8.7200
      [parse_vt] filing_info='Fig1. To 0.03125'
    → trim_diameter=8.72, num_stages=8, filing='Fig1. To 0.03125'
    → upper=8.7200, lower=8.7200, conical=no
    ✓ trim=8.7200, stages=8, rpm=1460.0, model='MB', filing='Fig1. To 0.03125'

  test_id=99272283800010A1P
    raw trim: type=str  value='(9) @ 8.96 x 8.96 Fig1. To 0.03125 AS CAST
  '
      [extract_trim] is_vertical=True  has_@=True
      [extract_trim] → _parse_vertical_trim
      [parse_vt] input='(9) @ 8.96 x 8.96 Fig1. To 0.03125 AS CAST'
      [parse_vt] regex matched 1 group(s)
        (9) @ 8.96 x 8.96  avg=8.9600  contrib=9×8.9600=80.6400
      [parse_vt] RESULT: 80.6400 / 9 = 8.9600
      [parse_vt] upper=8.9600  lower=8.9600
      [parse_vt] filing_info='Fig1. To 0.03125'
    → trim_diameter=8.96, num_stages=9, filing='Fig1. To 0.03125'
    → upper=8.9600, lower=8.9600, conical=no
    ✓ trim=8.9600, stages=9, rpm=1760.0, model='MB', filing='Fig1. To 0.03125'

  test_id=99272283800010A2P
    raw trim: type=str  value='(9) @ 8.96 x 8.96 Fig2. To 0.01 AS CAST
  '
      [extract_trim] is_vertical=True  has_@=True
      [extract_trim] → _parse_vertical_trim
      [parse_vt] input='(9) @ 8.96 x 8.96 Fig2. To 0.01 AS CAST'
      [parse_vt] regex matched 1 group(s)
        (9) @ 8.96 x 8.96  avg=8.9600  contrib=9×8.9600=80.6400
      [parse_vt] RESULT: 80.6400 / 9 = 8.9600
      [parse_vt] upper=8.9600  lower=8.9600
      [parse_vt] filing_info='Fig2. To 0.01'
    → trim_diameter=8.96, num_stages=9, filing='Fig2. To 0.01'
    → upper=8.9600, lower=8.9600, conical=no
    ✓ trim=8.9600, stages=9, rpm=1760.0, model='MB', filing='Fig2. To 0.01'

  test_id=99272302330010A1P
    raw trim: type=str  value='(3) @ 8.5 x 8.5 Fig1. To 0.19 75Ra
  '
      [extract_trim] POLISHED detected in '(3) @ 8.5 x 8.5 Fig1. To 0.19 75Ra'
      [extract_trim] is_vertical=True  has_@=True
      [extract_trim] → _parse_vertical_trim
      [parse_vt] input='(3) @ 8.5 x 8.5 Fig1. To 0.19 75Ra'
      [parse_vt] regex matched 1 group(s)
        (3) @ 8.5 x 8.5  avg=8.5000  contrib=3×8.5000=25.5000
      [parse_vt] RESULT: 25.5000 / 3 = 8.5000
      [parse_vt] upper=8.5000  lower=8.5000
      [parse_vt] filing_info='Fig1. To 0.19'
    → trim_diameter=8.5, num_stages=3, filing='Fig1. To 0.19'
    → upper=8.5000, lower=8.5000, conical=no
    → POLISHED impeller detected
    ✓ trim=8.5000, stages=3, rpm=1785.0, model='MMB', filing='Fig1. To 0.19'

  test_id=99272292220010A1P
    raw trim: type=str  value='(7) @ 8.68 x 8.68 Fig1. To 0.03125 AS CAST
  '
      [extract_trim] is_vertical=True  has_@=True
      [extract_trim] → _parse_vertical_trim
      [parse_vt] input='(7) @ 8.68 x 8.68 Fig1. To 0.03125 AS CAST'
      [parse_vt] regex matched 1 group(s)
        (7) @ 8.68 x 8.68  avg=8.6800  contrib=7×8.6800=60.7600
      [parse_vt] RESULT: 60.7600 / 7 = 8.6800
      [parse_vt] upper=8.6800  lower=8.6800
      [parse_vt] filing_info='Fig1. To 0.03125'
    → trim_diameter=8.68, num_stages=7, filing='Fig1. To 0.03125'
    → upper=8.6800, lower=8.6800, conical=no
    ✓ trim=8.6800, stages=7, rpm=1760.0, model='MB', filing='Fig1. To 0.03125'

  test_id=99272302330010A2P
    raw trim: type=str  value='(3) @ 8.3 x 8.3 Fig1. To 0.19 75Ra
  '
      [extract_trim] POLISHED detected in '(3) @ 8.3 x 8.3 Fig1. To 0.19 75Ra'
      [extract_trim] is_vertical=True  has_@=True
      [extract_trim] → _parse_vertical_trim
      [parse_vt] input='(3) @ 8.3 x 8.3 Fig1. To 0.19 75Ra'
      [parse_vt] regex matched 1 group(s)
        (3) @ 8.3 x 8.3  avg=8.3000  contrib=3×8.3000=24.9000
      [parse_vt] RESULT: 24.9000 / 3 = 8.3000
      [parse_vt] upper=8.3000  lower=8.3000
      [parse_vt] filing_info='Fig1. To 0.19'
    → trim_diameter=8.3, num_stages=3, filing='Fig1. To 0.19'
    → upper=8.3000, lower=8.3000, conical=no
    → POLISHED impeller detected
    ✓ trim=8.3000, stages=3, rpm=1785.0, model='MMB', filing='Fig1. To 0.19'

  test_id=99272306570010A3P
    raw trim: type=str  value='(6) @ 8.54 x 8.54 Fig1. To 0.1875 AS CAST
  '
      [extract_trim] is_vertical=True  has_@=True
      [extract_trim] → _parse_vertical_trim
      [parse_vt] input='(6) @ 8.54 x 8.54 Fig1. To 0.1875 AS CAST'
      [parse_vt] regex matched 1 group(s)
        (6) @ 8.54 x 8.54  avg=8.5400  contrib=6×8.5400=51.2400
      [parse_vt] RESULT: 51.2400 / 6 = 8.5400
      [parse_vt] upper=8.5400  lower=8.5400
      [parse_vt] filing_info='Fig1. To 0.1875'
    → trim_diameter=8.54, num_stages=6, filing='Fig1. To 0.1875'
    → upper=8.5400, lower=8.5400, conical=no
    ✓ trim=8.5400, stages=6, rpm=1760.0, model='MB', filing='Fig1. To 0.1875'

  test_id=99272301060010A1P
    raw trim: type=str  value='(6) @ 8.46 x 8.46 Fig1. To 0.03125 75RA
  '
      [extract_trim] POLISHED detected in '(6) @ 8.46 x 8.46 Fig1. To 0.03125 75RA'
      [extract_trim] is_vertical=True  has_@=True
      [extract_trim] → _parse_vertical_trim
      [parse_vt] input='(6) @ 8.46 x 8.46 Fig1. To 0.03125 75RA'
      [parse_vt] regex matched 1 group(s)
        (6) @ 8.46 x 8.46  avg=8.4600  contrib=6×8.4600=50.7600
      [parse_vt] RESULT: 50.7600 / 6 = 8.4600
      [parse_vt] upper=8.4600  lower=8.4600
      [parse_vt] filing_info='Fig1. To 0.03125'
    → trim_diameter=8.46, num_stages=6, filing='Fig1. To 0.03125'
    → upper=8.4600, lower=8.4600, conical=no
    → POLISHED impeller detected
    ✓ trim=8.4600, stages=6, rpm=1785.0, model='MB', filing='Fig1. To 0.03125'

  test_id=99272314490010A1P
    raw trim: type=str  value='(5) @ 8.76 x 8.76 Fig1. To 0.1875 AS CAST
  '
      [extract_trim] is_vertical=True  has_@=True
      [extract_trim] → _parse_vertical_trim
      [parse_vt] input='(5) @ 8.76 x 8.76 Fig1. To 0.1875 AS CAST'
      [parse_vt] regex matched 1 group(s)
        (5) @ 8.76 x 8.76  avg=8.7600  contrib=5×8.7600=43.8000
      [parse_vt] RESULT: 43.8000 / 5 = 8.7600
      [parse_vt] upper=8.7600  lower=8.7600
      [parse_vt] filing_info='Fig1. To 0.1875'
    → trim_diameter=8.76, num_stages=5, filing='Fig1. To 0.1875'
    → upper=8.7600, lower=8.7600, conical=no
    ✓ trim=8.7600, stages=5, rpm=1760.0, model='MB', filing='Fig1. To 0.1875'

  test_id=99272328430010A1P
    raw trim: type=str  value='(7) @ 8.64 x 8.64 Fig1. To 0.03125 AS CAST
  '
      [extract_trim] is_vertical=True  has_@=True
      [extract_trim] → _parse_vertical_trim
      [parse_vt] input='(7) @ 8.64 x 8.64 Fig1. To 0.03125 AS CAST'
      [parse_vt] regex matched 1 group(s)
        (7) @ 8.64 x 8.64  avg=8.6400  contrib=7×8.6400=60.4800
      [parse_vt] RESULT: 60.4800 / 7 = 8.6400
      [parse_vt] upper=8.6400  lower=8.6400
      [parse_vt] filing_info='Fig1. To 0.03125'
    → trim_diameter=8.64, num_stages=7, filing='Fig1. To 0.03125'
    → upper=8.6400, lower=8.6400, conical=no
    ✓ trim=8.6400, stages=7, rpm=1760.0, model='MB', filing='Fig1. To 0.03125'

  test_id=99272303700010A1P
    raw trim: type=str  value='(4) @ 8.88 x 8.88 Fig1. To 0.03125 AS CAST
  '
      [extract_trim] is_vertical=True  has_@=True
      [extract_trim] → _parse_vertical_trim
      [parse_vt] input='(4) @ 8.88 x 8.88 Fig1. To 0.03125 AS CAST'
      [parse_vt] regex matched 1 group(s)
        (4) @ 8.88 x 8.88  avg=8.8800  contrib=4×8.8800=35.5200
      [parse_vt] RESULT: 35.5200 / 4 = 8.8800
      [parse_vt] upper=8.8800  lower=8.8800
      [parse_vt] filing_info='Fig1. To 0.03125'
    → trim_diameter=8.88, num_stages=4, filing='Fig1. To 0.03125'
    → upper=8.8800, lower=8.8800, conical=no
    ✓ trim=8.8800, stages=4, rpm=1760.0, model='MB', filing='Fig1. To 0.03125'

  test_id=99272324520010A1P
    raw trim: type=str  value='(6) @ 8.68 x 8.68 Fig1. To 0.03125 AS CAST
  '
      [extract_trim] is_vertical=True  has_@=True
      [extract_trim] → _parse_vertical_trim
      [parse_vt] input='(6) @ 8.68 x 8.68 Fig1. To 0.03125 AS CAST'
      [parse_vt] regex matched 1 group(s)
        (6) @ 8.68 x 8.68  avg=8.6800  contrib=6×8.6800=52.0800
      [parse_vt] RESULT: 52.0800 / 6 = 8.6800
      [parse_vt] upper=8.6800  lower=8.6800
      [parse_vt] filing_info='Fig1. To 0.03125'
    → trim_diameter=8.68, num_stages=6, filing='Fig1. To 0.03125'
    → upper=8.6800, lower=8.6800, conical=no
    ✓ trim=8.6800, stages=6, rpm=1760.0, model='MB', filing='Fig1. To 0.03125'

  test_id=99272334250010A1P
    raw trim: type=str  value='(8) @ 8.74 x 8.74 Fig1. To 0.1875 AS CAST
  '
      [extract_trim] is_vertical=True  has_@=True
      [extract_trim] → _parse_vertical_trim
      [parse_vt] input='(8) @ 8.74 x 8.74 Fig1. To 0.1875 AS CAST'
      [parse_vt] regex matched 1 group(s)
        (8) @ 8.74 x 8.74  avg=8.7400  contrib=8×8.7400=69.9200
      [parse_vt] RESULT: 69.9200 / 8 = 8.7400
      [parse_vt] upper=8.7400  lower=8.7400
      [parse_vt] filing_info='Fig1. To 0.1875'
    → trim_diameter=8.74, num_stages=8, filing='Fig1. To 0.1875'
    → upper=8.7400, lower=8.7400, conical=no
    ✓ trim=8.7400, stages=8, rpm=1760.0, model='MB', filing='Fig1. To 0.1875'

  test_id=99272284070010A1P
    raw trim: type=str  value='(4) @ 8.57 x 8.57 Fig1. To 0.1875 AS CAST
  '
      [extract_trim] is_vertical=True  has_@=True
      [extract_trim] → _parse_vertical_trim
      [parse_vt] input='(4) @ 8.57 x 8.57 Fig1. To 0.1875 AS CAST'
      [parse_vt] regex matched 1 group(s)
        (4) @ 8.57 x 8.57  avg=8.5700  contrib=4×8.5700=34.2800
      [parse_vt] RESULT: 34.2800 / 4 = 8.5700
      [parse_vt] upper=8.5700  lower=8.5700
      [parse_vt] filing_info='Fig1. To 0.1875'
    → trim_diameter=8.57, num_stages=4, filing='Fig1. To 0.1875'
    → upper=8.5700, lower=8.5700, conical=no
    ✓ trim=8.5700, stages=4, rpm=1785.0, model='MMB', filing='Fig1. To 0.1875'

  test_id=99272284070010B1P
    raw trim: type=str  value='(4) @ 8.57 x 8.57 Fig1. To 0.1875 AS CAST
  '
      [extract_trim] is_vertical=True  has_@=True
      [extract_trim] → _parse_vertical_trim
      [parse_vt] input='(4) @ 8.57 x 8.57 Fig1. To 0.1875 AS CAST'
      [parse_vt] regex matched 1 group(s)
        (4) @ 8.57 x 8.57  avg=8.5700  contrib=4×8.5700=34.2800
      [parse_vt] RESULT: 34.2800 / 4 = 8.5700
      [parse_vt] upper=8.5700  lower=8.5700
      [parse_vt] filing_info='Fig1. To 0.1875'
    → trim_diameter=8.57, num_stages=4, filing='Fig1. To 0.1875'
    → upper=8.5700, lower=8.5700, conical=no
    ✓ trim=8.5700, stages=4, rpm=1785.0, model='MMB', filing='Fig1. To 0.1875'

  test_id=99272284070010C1P
    raw trim: type=str  value='(4) @ 8.57 x 8.57 Fig1. To 0.1875 AS CAST
  '
      [extract_trim] is_vertical=True  has_@=True
      [extract_trim] → _parse_vertical_trim
      [parse_vt] input='(4) @ 8.57 x 8.57 Fig1. To 0.1875 AS CAST'
      [parse_vt] regex matched 1 group(s)
        (4) @ 8.57 x 8.57  avg=8.5700  contrib=4×8.5700=34.2800
      [parse_vt] RESULT: 34.2800 / 4 = 8.5700
      [parse_vt] upper=8.5700  lower=8.5700
      [parse_vt] filing_info='Fig1. To 0.1875'
    → trim_diameter=8.57, num_stages=4, filing='Fig1. To 0.1875'
    → upper=8.5700, lower=8.5700, conical=no
    ✓ trim=8.5700, stages=4, rpm=1785.0, model='MMB', filing='Fig1. To 0.1875'

  Total matches: 64, skipped (no trim): 0
  Unique trims: ['8.3000', '8.3300', '8.3300', '8.4000', '8.4500', '8.4600', '8.5000', '8.5400', '8.5700', '8.6000', '8.6100', '8.6200', '8.6400', '8.6600', '8.6800']
  Unique stages: [1, 2, 3, 4, 5, 6, 7, 8, 9, 10]

======================================================================
  TRIM GROUPING
======================================================================
  PX baseline diameters: [8.96, 8.6425, 8.325, 8.0075, 7.69]
  PX baseline speed:     1775.0
  Tolerance:             5%
  Input tests:           64

  Speed filter: 64 kept, 0 excluded

  [TRIM] 99272253050010A1P: test_trim=8.7000 → nearest_px=8.6425  diff=0.67%  ASSIGNED
  [TRIM] 99272245060011A1P: test_trim=8.8000 → nearest_px=8.6425  diff=1.82%  ASSIGNED
  [TRIM] 99272245060011A2P: test_trim=8.8000 → nearest_px=8.6425  diff=1.82%  ASSIGNED
  [TRIM] 99272259720010A1P: test_trim=8.9200 → nearest_px=8.9600  diff=0.45%  ASSIGNED
  [TRIM] 99272245060011B1P: test_trim=8.8000 → nearest_px=8.6425  diff=1.82%  ASSIGNED
  [TRIM] 99272254080022A1P: test_trim=8.6600 → nearest_px=8.6425  diff=0.20%  ASSIGNED
  [TRIM] 99272262650010A1P: test_trim=8.8800 → nearest_px=8.9600  diff=0.89%  ASSIGNED
  [TRIM] 99272253540010A1P: test_trim=8.8000 → nearest_px=8.6425  diff=1.82%  ASSIGNED
  [TRIM] 99272253540010A2P: test_trim=8.8000 → nearest_px=8.6425  diff=1.82%  ASSIGNED
  [TRIM] 99272257790010A1P: test_trim=8.7800 → nearest_px=8.6425  diff=1.59%  ASSIGNED
  [TRIM] 99272257790010A2P: test_trim=8.7800 → nearest_px=8.6425  diff=1.59%  ASSIGNED
  [TRIM] 99272253540010A4P: test_trim=8.8000 → nearest_px=8.6425  diff=1.82%  ASSIGNED
  [TRIM] 99272274170010A1P: test_trim=8.8200 → nearest_px=8.9600  diff=1.56%  ASSIGNED
  [TRIM] 99272264200010A1P: test_trim=8.7600 → nearest_px=8.6425  diff=1.36%  ASSIGNED
  [TRIM] 99272265400010A1P: test_trim=8.3300 → nearest_px=8.3250  diff=0.06%  ASSIGNED
  [TRIM] 99272265400010A2P: test_trim=8.3300 → nearest_px=8.3250  diff=0.06%  ASSIGNED
  [TRIM] 99272257800010A2P: test_trim=8.7800 → nearest_px=8.6425  diff=1.59%  ASSIGNED
  [TRIM] 99272258380010A1P: test_trim=8.8800 → nearest_px=8.9600  diff=0.89%  ASSIGNED
  [TRIM] 99272271770010A1P: test_trim=8.8800 → nearest_px=8.9600  diff=0.89%  ASSIGNED
  [TRIM] 99272258380010A2P: test_trim=8.8800 → nearest_px=8.9600  diff=0.89%  ASSIGNED
  [TRIM] 99272278430010A1P: test_trim=8.6600 → nearest_px=8.6425  diff=0.20%  ASSIGNED
  [TRIM] 99272262890010A1P: test_trim=8.9600 → nearest_px=8.9600  diff=0.00%  ASSIGNED
  [TRIM] 99272271470010A1P: test_trim=8.6100 → nearest_px=8.6425  diff=0.38%  ASSIGNED
  [TRIM] 99272286000010A1P: test_trim=8.7600 → nearest_px=8.6425  diff=1.36%  ASSIGNED
  [TRIM] 99272245040011A4P: test_trim=8.8000 → nearest_px=8.6425  diff=1.82%  ASSIGNED
  [TRIM] 99272245040011B2P: test_trim=8.8000 → nearest_px=8.6425  diff=1.82%  ASSIGNED
  [TRIM] 99272245040011A4P: test_trim=8.8000 → nearest_px=8.6425  diff=1.82%  ASSIGNED
  [TRIM] 99272245040011A4P: test_trim=8.8000 → nearest_px=8.6425  diff=1.82%  ASSIGNED
  [TRIM] 99272245060011A3P: test_trim=8.8000 → nearest_px=8.6425  diff=1.82%  ASSIGNED
  [TRIM] 99272245060011B2P: test_trim=8.8000 → nearest_px=8.6425  diff=1.82%  ASSIGNED
  [TRIM] 99272278430010A2P: test_trim=8.6600 → nearest_px=8.6425  diff=0.20%  ASSIGNED
  [TRIM] 99272271470010A2P: test_trim=8.6975 → nearest_px=8.6425  diff=0.64%  ASSIGNED
  [TRIM] 99272269620010A1P: test_trim=8.4500 → nearest_px=8.3250  diff=1.50%  ASSIGNED
  [TRIM] 99272275540010A1P: test_trim=8.8200 → nearest_px=8.9600  diff=1.56%  ASSIGNED
  [TRIM] 99272267020011A1P: test_trim=8.9600 → nearest_px=8.9600  diff=0.00%  ASSIGNED
  [TRIM] 99272268350010A1P: test_trim=8.7800 → nearest_px=8.6425  diff=1.59%  ASSIGNED
  [TRIM] 99272278180011A1P: test_trim=8.6200 → nearest_px=8.6425  diff=0.26%  ASSIGNED
  [TRIM] 99272278180011A1P: test_trim=8.6200 → nearest_px=8.6425  diff=0.26%  ASSIGNED
  [TRIM] 99272269620010C1P: test_trim=8.4500 → nearest_px=8.3250  diff=1.50%  ASSIGNED
  [TRIM] 99272269620010E1P: test_trim=8.4500 → nearest_px=8.3250  diff=1.50%  ASSIGNED
  [TRIM] 99272269620010F1P: test_trim=8.4500 → nearest_px=8.3250  diff=1.50%  ASSIGNED
  [TRIM] 99272269620010G1P: test_trim=8.4500 → nearest_px=8.3250  diff=1.50%  ASSIGNED
  [TRIM] 99272269620010H1P: test_trim=8.4500 → nearest_px=8.3250  diff=1.50%  ASSIGNED
  [TRIM] 99272269620010I1P: test_trim=8.4500 → nearest_px=8.3250  diff=1.50%  ASSIGNED
  [TRIM] 99272278580010A1P: test_trim=8.6000 → nearest_px=8.6425  diff=0.49%  ASSIGNED
  [TRIM] 99272282900010A1P: test_trim=8.4000 → nearest_px=8.3250  diff=0.90%  ASSIGNED
  [TRIM] 99272292100010A1P: test_trim=8.8800 → nearest_px=8.9600  diff=0.89%  ASSIGNED
  [TRIM] 99272301520010A1P: test_trim=8.8800 → nearest_px=8.9600  diff=0.89%  ASSIGNED
  [TRIM] 99272296820010A1P: test_trim=8.7200 → nearest_px=8.6425  diff=0.90%  ASSIGNED
  [TRIM] 99272283800010A1P: test_trim=8.9600 → nearest_px=8.9600  diff=0.00%  ASSIGNED
  [TRIM] 99272283800010A2P: test_trim=8.9600 → nearest_px=8.9600  diff=0.00%  ASSIGNED
  [TRIM] 99272302330010A1P: test_trim=8.5000 → nearest_px=8.6425  diff=1.65%  ASSIGNED
  [TRIM] 99272292220010A1P: test_trim=8.6800 → nearest_px=8.6425  diff=0.43%  ASSIGNED
  [TRIM] 99272302330010A2P: test_trim=8.3000 → nearest_px=8.3250  diff=0.30%  ASSIGNED
  [TRIM] 99272306570010A3P: test_trim=8.5400 → nearest_px=8.6425  diff=1.19%  ASSIGNED
  [TRIM] 99272301060010A1P: test_trim=8.4600 → nearest_px=8.3250  diff=1.62%  ASSIGNED
  [TRIM] 99272314490010A1P: test_trim=8.7600 → nearest_px=8.6425  diff=1.36%  ASSIGNED
  [TRIM] 99272328430010A1P: test_trim=8.6400 → nearest_px=8.6425  diff=0.03%  ASSIGNED
  [TRIM] 99272303700010A1P: test_trim=8.8800 → nearest_px=8.9600  diff=0.89%  ASSIGNED
  [TRIM] 99272324520010A1P: test_trim=8.6800 → nearest_px=8.6425  diff=0.43%  ASSIGNED
  [TRIM] 99272334250010A1P: test_trim=8.7400 → nearest_px=8.6425  diff=1.13%  ASSIGNED
  [TRIM] 99272284070010A1P: test_trim=8.5700 → nearest_px=8.6425  diff=0.84%  ASSIGNED
  [TRIM] 99272284070010B1P: test_trim=8.5700 → nearest_px=8.6425  diff=0.84%  ASSIGNED
  [TRIM] 99272284070010C1P: test_trim=8.5700 → nearest_px=8.6425  diff=0.84%  ASSIGNED

  ── [GROUP] PX baseline=8.9600 ──
    tests:        14
    trims:        ['8.9200', '8.8800', '8.8200', '8.8800', '8.8800', '8.8800', '8.9600', '8.8200', '8.9600', '8.8800', '8.8800', '8.9600', '8.9600', '8.8800']
    avg_trim:     8.8971
    dia_ratio:    8.9600 / 8.8971 = 1.007065
    avg_rpm:      1760.0
    speed_ratio:  1775.0 / 1760.0 = 1.008523
  ── [GROUP] PX baseline=8.6425 ──
    tests:        38
    trims:        ['8.7000', '8.8000', '8.8000', '8.8000', '8.6600', '8.8000', '8.8000', '8.7800', '8.7800', '8.8000', '8.7600', '8.7800', '8.6600', '8.6100', '8.7600', '8.8000', '8.8000', '8.8000', '8.8000', '8.8000', '8.8000', '8.6600', '8.6975', '8.7800', '8.6200', '8.6200', '8.6000', '8.7200', '8.5000', '8.6800', '8.5400', '8.7600', '8.6400', '8.6800', '8.7400', '8.5700', '8.5700', '8.5700']
    avg_trim:     8.7115
    dia_ratio:    8.6425 / 8.7115 = 0.992078
    avg_rpm:      1683.7
    speed_ratio:  1775.0 / 1683.7 = 1.054236
  ── [GROUP] PX baseline=8.3250 ──
    tests:        12
    trims:        ['8.3300', '8.3300', '8.4500', '8.4500', '8.4500', '8.4500', '8.4500', '8.4500', '8.4500', '8.4000', '8.3000', '8.4600']
    avg_trim:     8.4142
    dia_ratio:    8.3250 / 8.4142 = 0.989403
    avg_rpm:      1612.9
    speed_ratio:  1775.0 / 1612.9 = 1.100491
   [GROUP EMPTY] PX=8.0075: no tests
   [GROUP EMPTY] PX=7.6900: no tests
  [PATH] 99272259720010A1P → CACHED (skip resolve)
  [PATH] 99272262650010A1P → CACHED (skip resolve)
  [PATH] 99272274170010A1P → CACHED (skip resolve)
  [PATH] 99272258380010A1P → CACHED (skip resolve)
  [PATH] 99272271770010A1P → CACHED (skip resolve)
  [PATH] 99272258380010A2P → CACHED (skip resolve)
  [PATH] 99272262890010A1P → CACHED (skip resolve)
  [PATH] 99272275540010A1P → CACHED (skip resolve)
  [PATH] 99272267020011A1P → CACHED (skip resolve)
  [PATH] 99272292100010A1P → CACHED (skip resolve)
  [PATH] 99272301520010A1P → CACHED (skip resolve)
  [PATH] 99272283800010A1P → CACHED (skip resolve)
  [PATH] 99272283800010A2P → CACHED (skip resolve)
  [PATH] 99272253050010A1P → CACHED (skip resolve)
  [PATH] 99272245060011A1P → CACHED (skip resolve)
  [PATH] 99272245060011A2P → CACHED (skip resolve)
  [PATH] 99272245060011B1P → CACHED (skip resolve)
  [PATH] 99272254080022A1P → CACHED (skip resolve)
  [PATH] 99272253540010A1P → CACHED (skip resolve)
  [PATH] 99272253540010A2P → CACHED (skip resolve)
  [PATH] 99272257790010A1P → CACHED (skip resolve)
  [PATH] 99272257790010A2P → CACHED (skip resolve)
  [PATH] 99272253540010A4P → CACHED (skip resolve)
  [PATH] 99272264200010A1P → CACHED (skip resolve)
  [PATH] 99272257800010A2P → CACHED (skip resolve)
  [PATH] 99272278430010A1P → CACHED (skip resolve)
  [PATH] 99272271470010A1P → CACHED (skip resolve)
  [PATH] 99272286000010A1P → CACHED (skip resolve)
  [PATH] 99272245040011A4P → CACHED (skip resolve)
  [PATH] 99272245040011B2P → CACHED (skip resolve)
  [PATH] 99272245040011A4P → CACHED (skip resolve)
  [PATH] 99272245040011A4P → CACHED (skip resolve)
  [PATH] 99272245060011A3P → CACHED (skip resolve)
  [PATH] 99272245060011B2P → CACHED (skip resolve)
  [PATH] 99272278430010A2P → CACHED (skip resolve)
  [PATH] 99272271470010A2P → CACHED (skip resolve)
  [PATH] 99272268350010A1P → CACHED (skip resolve)
  [PATH] 99272278180011A1P → CACHED (skip resolve)
  [PATH] 99272278180011A1P → CACHED (skip resolve)
  [PATH] 99272278580010A1P → CACHED (skip resolve)
  [PATH] 99272296820010A1P → CACHED (skip resolve)
  [PATH] 99272302330010A1P → CACHED (skip resolve)
  [PATH] 99272292220010A1P → CACHED (skip resolve)
  [PATH] 99272265400010A1P → CACHED (skip resolve)
  [PATH] 99272265400010A2P → CACHED (skip resolve)
  [PATH] 99272269620010A1P → CACHED (skip resolve)
  [PATH] 99272269620010C1P → CACHED (skip resolve)
  [PATH] 99272269620010E1P → CACHED (skip resolve)
  [PATH] 99272269620010F1P → CACHED (skip resolve)
  [PATH] 99272269620010G1P → CACHED (skip resolve)
  [PATH] 99272269620010H1P → CACHED (skip resolve)
  [PATH] 99272269620010I1P → CACHED (skip resolve)
  [PATH] 99272282900010A1P → CACHED (skip resolve)
  [PATH] 99272302330010A2P → CACHED (skip resolve)
  [PATH] 99272303700010A1P → None  exists=False
  [PATH] 99272306570010A3P → None  exists=False
  [PATH] 99272314490010A1P → None  exists=False
  [PATH] 99272328430010A1P → None  exists=False
  [PATH] 99272324520010A1P → None  exists=False
  [PATH] 99272334250010A1P → None  exists=False
  [PATH] 99272284070010A1P → None  exists=False
  [PATH] 99272284070010B1P → None  exists=False
  [PATH] 99272284070010C1P → None  exists=False
  [PATH] 99272301060010A1P → None  exists=False
  54 cached, 0 found, 0 to copy

======================================================================
  DETAIL DATA + SCALING
======================================================================

  ── Group: PX baseline=8.9600, 14 tests, affinity=True ──

  ── [LOAD+SCALE] 99272259720010A1P ──
    trim=8.9200, stages=7, rpm=1760.0, filing='Fig1. To 0.03125'
    columns: ['curve_no', 'flow', 'speed', 'power_in', 'power_bowl_motor', 'power_bowl_dyno', 'power_pump_motor', 'power_pump_dyno', 'tdh_bowl', 'tdh_pump', 'eff_bowl_motor', 'eff_bowl_dyno', 'eff_pump_motor', 'eff_pump_dyno', 'eff_overall', 'npsha']
    rows: 12
    flow: 12 pts
      values: ['0.00', '633.85', '810.39', '965.77', '1003.47', '1024.90', '1228.91', '1426.51', '1504.74', '1560.14', '1700.62', '1769.22']
    head ('tdh_bowl'): 12 pts
      values: ['567.87', '507.33', '497.09', '476.76', '470.57', '467.26', '425.30', '371.89', '346.83', '329.41', '279.48', '251.74']
    power ('power_bowl_dyno'): all zero/negative — trying fallback
    power FALLBACK ('power_bowl_motor'): 12 pts
      values: ['77.3899', '127.9052', '144.3876', '156.3027', '158.9445', '160.1724', '169.5556', '173.2900', '173.1208', '172.7148', '170.7131', '169.0090']
    efficiency ('eff_bowl_motor'): 12 pts
      values: ['0.00', '63.38', '70.33', '74.26', '74.89', '75.37', '77.71', '77.17', '75.99', '75.01', '70.19', '66.43']
    [STAGE NORM] 7-stage → dividing head & power by 7
      head BEFORE: ['567.87', '507.33', '497.09', '476.76', '470.57', '467.26', '425.30', '371.89', '346.83', '329.41', '279.48', '251.74']
      head AFTER:  ['81.12', '72.48', '71.01', '68.11', '67.22', '66.75', '60.76', '53.13', '49.55', '47.06', '39.93', '35.96']
      power BEFORE: ['77.3899', '127.9052', '144.3876', '156.3027', '158.9445', '160.1724', '169.5556', '173.2900', '173.1208', '172.7148', '170.7131', '169.0090']
      power AFTER:  ['11.0557', '18.2722', '20.6268', '22.3290', '22.7064', '22.8818', '24.2222', '24.7557', '24.7315', '24.6735', '24.3876', '24.1441']
    [AFFINITY]
      test_diameter:     8.9200
      baseline_diameter: 8.9600
      dia_ratio:         8.9600/8.9200 = 1.004484
      test_rpm:          1760.0
      baseline_rpm:      1775.0
      speed_ratio:       1775.0/1760.0 = 1.008523
      scaled_flow:  ['0.00', '642.12', '820.96', '978.37', '1016.56', '1038.27', '1244.94', '1445.12', '1524.37', '1580.49', '1722.80', '1792.30']
      scaled_head:  ['83.26', '74.38', '72.88', '69.90', '68.99', '68.50', '62.35', '54.52', '50.85', '48.29', '40.97', '36.91']
      scaled_power: ['11.4940', '18.9966', '21.4446', '23.2143', '23.6066', '23.7890', '25.1826', '25.7372', '25.7121', '25.6518', '25.3545', '25.1014']
    [FINAL] plotted_flow:  [0.00 → 1792.30]
    [FINAL] plotted_head:  [83.26 → 36.91]
    [FINAL] plotted_power: [11.4940 → 25.1014]
    [FINAL] plotted_eff:   [0.00 → 66.43]

  ── [LOAD+SCALE] 99272262650010A1P ──
    trim=8.8800, stages=6, rpm=1760.0, filing='Fig1. To 0.03125'
    columns: ['curve_no', 'flow', 'speed', 'power_in', 'power_bowl_motor', 'power_bowl_dyno', 'power_pump_motor', 'power_pump_dyno', 'tdh_bowl', 'tdh_pump', 'eff_bowl_motor', 'eff_bowl_dyno', 'eff_pump_motor', 'eff_pump_dyno', 'eff_overall', 'npsha']
    rows: 11
    flow: 11 pts
      values: ['0.00', '449.08', '616.23', '731.96', '755.48', '774.22', '911.27', '1065.09', '1130.27', '1229.76', '1317.98']
    head ('tdh_bowl'): 11 pts
      values: ['424.33', '397.36', '386.38', '375.18', '372.32', '369.90', '346.94', '308.36', '289.31', '257.32', '225.66']
    power ('power_bowl_dyno'): all zero/negative — trying fallback
    power FALLBACK ('power_bowl_motor'): 11 pts
      values: ['42.4573', '74.9769', '85.9593', '92.6061', '93.5366', '94.6380', '99.6812', '101.9033', '101.6931', '100.4247', '98.4654']
    efficiency ('eff_bowl_motor'): 11 pts
      values: ['0.00', '60.00', '69.83', '74.76', '75.81', '76.29', '79.96', '81.25', '81.06', '79.43', '76.14']
    [STAGE NORM] 6-stage → dividing head & power by 6
      head BEFORE: ['424.33', '397.36', '386.38', '375.18', '372.32', '369.90', '346.94', '308.36', '289.31', '257.32', '225.66']
      head AFTER:  ['70.72', '66.23', '64.40', '62.53', '62.05', '61.65', '57.82', '51.39', '48.22', '42.89', '37.61']
      power BEFORE: ['42.4573', '74.9769', '85.9593', '92.6061', '93.5366', '94.6380', '99.6812', '101.9033', '101.6931', '100.4247', '98.4654']
      power AFTER:  ['7.0762', '12.4962', '14.3265', '15.4343', '15.5894', '15.7730', '16.6135', '16.9839', '16.9489', '16.7375', '16.4109']
    [AFFINITY]
      test_diameter:     8.8800
      baseline_diameter: 8.9600
      dia_ratio:         8.9600/8.8800 = 1.009009
      test_rpm:          1760.0
      baseline_rpm:      1775.0
      speed_ratio:       1775.0/1760.0 = 1.008523
      scaled_flow:  ['0.00', '456.99', '627.08', '744.85', '768.78', '787.85', '927.32', '1083.85', '1150.17', '1251.41', '1341.18']
      scaled_head:  ['73.23', '68.58', '66.68', '64.75', '64.26', '63.84', '59.88', '53.22', '49.93', '44.41', '38.95']
      scaled_power: ['7.4566', '13.1680', '15.0968', '16.2641', '16.4275', '16.6210', '17.5067', '17.8970', '17.8600', '17.6373', '17.2932']
    [FINAL] plotted_flow:  [0.00 → 1341.18]
    [FINAL] plotted_head:  [73.23 → 38.95]
    [FINAL] plotted_power: [7.4566 → 17.2932]
    [FINAL] plotted_eff:   [0.00 → 76.14]

  ── [LOAD+SCALE] 99272274170010A1P ──
    trim=8.8200, stages=4, rpm=1760.0, filing='Fig1. To 0.03125'
    columns: ['curve_no', 'flow', 'speed', 'power_in', 'power_bowl_motor', 'power_bowl_dyno', 'power_pump_motor', 'power_pump_dyno', 'tdh_bowl', 'tdh_pump', 'eff_bowl_motor', 'eff_bowl_dyno', 'eff_pump_motor', 'eff_pump_dyno', 'eff_overall', 'npsha']
    rows: 12
    flow: 12 pts
      values: ['0.00', '609.60', '814.01', '979.45', '1004.03', '1027.98', '1193.47', '1406.93', '1500.38', '1582.32', '1693.71', '1811.50']
    head ('tdh_bowl'): 12 pts
      values: ['315.92', '282.26', '274.76', '261.12', '258.48', '256.44', '238.30', '203.13', '183.70', '168.45', '144.37', '114.33']
    power ('power_bowl_dyno'): all zero/negative — trying fallback
    power FALLBACK ('power_bowl_motor'): 12 pts
      values: ['40.2293', '66.7494', '76.6644', '82.9864', '83.8938', '84.5206', '88.7285', '91.1599', '91.0679', '90.4123', '89.0693', '86.7929']
    efficiency ('eff_bowl_motor'): 12 pts
      values: ['0.00', '64.98', '73.54', '77.69', '77.98', '78.63', '80.80', '79.03', '76.30', '74.32', '69.21', '60.16']
    [STAGE NORM] 4-stage → dividing head & power by 4
      head BEFORE: ['315.92', '282.26', '274.76', '261.12', '258.48', '256.44', '238.30', '203.13', '183.70', '168.45', '144.37', '114.33']
      head AFTER:  ['78.98', '70.56', '68.69', '65.28', '64.62', '64.11', '59.58', '50.78', '45.92', '42.11', '36.09', '28.58']
      power BEFORE: ['40.2293', '66.7494', '76.6644', '82.9864', '83.8938', '84.5206', '88.7285', '91.1599', '91.0679', '90.4123', '89.0693', '86.7929']
      power AFTER:  ['10.0573', '16.6874', '19.1661', '20.7466', '20.9734', '21.1302', '22.1821', '22.7900', '22.7670', '22.6031', '22.2673', '21.6982']
    [AFFINITY]
      test_diameter:     8.8200
      baseline_diameter: 8.9600
      dia_ratio:         8.9600/8.8200 = 1.015873
      test_rpm:          1760.0
      baseline_rpm:      1775.0
      speed_ratio:       1775.0/1760.0 = 1.008523
      scaled_flow:  ['0.00', '624.56', '833.97', '1003.48', '1028.66', '1053.20', '1222.75', '1441.45', '1537.18', '1621.13', '1735.26', '1855.94']
      scaled_head:  ['82.90', '74.07', '72.10', '68.52', '67.83', '67.29', '62.53', '53.30', '48.21', '44.20', '37.89', '30.00']
      scaled_power: ['10.8158', '17.9458', '20.6115', '22.3112', '22.5551', '22.7237', '23.8549', '24.5086', '24.4839', '24.3076', '23.9466', '23.3345']
    [FINAL] plotted_flow:  [0.00 → 1855.94]
    [FINAL] plotted_head:  [82.90 → 30.00]
    [FINAL] plotted_power: [10.8158 → 23.3345]
    [FINAL] plotted_eff:   [0.00 → 60.16]

  ── [LOAD+SCALE] 99272258380010A1P ──
    trim=8.8800, stages=6, rpm=1760.0, filing='Fig1. To 0.03125'
    columns: ['curve_no', 'flow', 'speed', 'power_in', 'power_bowl_motor', 'power_bowl_dyno', 'power_pump_motor', 'power_pump_dyno', 'tdh_bowl', 'tdh_pump', 'eff_bowl_motor', 'eff_bowl_dyno', 'eff_pump_motor', 'eff_pump_dyno', 'eff_overall', 'npsha']
    rows: 13
    flow: 13 pts
      values: ['0.00', '319.93', '467.67', '603.55', '716.01', '743.89', '768.46', '908.98', '1032.50', '1124.55', '1126.47', '1234.74', '1317.38']
    head ('tdh_bowl'): 13 pts
      values: ['424.55', '402.73', '394.98', '384.80', '373.45', '370.40', '366.65', '343.64', '315.17', '287.17', '285.38', '252.91', '223.75']
    power ('power_bowl_dyno'): all zero/negative — trying fallback
    power FALLBACK ('power_bowl_motor'): 13 pts
      values: ['41.4890', '63.6635', '75.2301', '84.2953', '91.1562', '92.6862', '93.9979', '99.3493', '101.4786', '101.2959', '101.3076', '99.6872', '97.4700']
    efficiency ('eff_bowl_motor'): 13 pts
      values: ['0.00', '51.02', '61.90', '69.45', '73.95', '74.94', '75.56', '79.26', '80.84', '80.37', '79.99', '78.97', '76.24']
    [STAGE NORM] 6-stage → dividing head & power by 6
      head BEFORE: ['424.55', '402.73', '394.98', '384.80', '373.45', '370.40', '366.65', '343.64', '315.17', '287.17', '285.38', '252.91', '223.75']
      head AFTER:  ['70.76', '67.12', '65.83', '64.13', '62.24', '61.73', '61.11', '57.27', '52.53', '47.86', '47.56', '42.15', '37.29']
      power BEFORE: ['41.4890', '63.6635', '75.2301', '84.2953', '91.1562', '92.6862', '93.9979', '99.3493', '101.4786', '101.2959', '101.3076', '99.6872', '97.4700']
      power AFTER:  ['6.9148', '10.6106', '12.5383', '14.0492', '15.1927', '15.4477', '15.6663', '16.5582', '16.9131', '16.8827', '16.8846', '16.6145', '16.2450']
    [AFFINITY]
      test_diameter:     8.8800
      baseline_diameter: 8.9600
      dia_ratio:         8.9600/8.8800 = 1.009009
      test_rpm:          1760.0
      baseline_rpm:      1775.0
      speed_ratio:       1775.0/1760.0 = 1.008523
      scaled_flow:  ['0.00', '325.57', '475.91', '614.17', '728.62', '756.98', '782.00', '924.98', '1050.68', '1144.35', '1146.31', '1256.48', '1340.58']
      scaled_head:  ['73.27', '69.51', '68.17', '66.41', '64.45', '63.93', '63.28', '59.31', '54.39', '49.56', '49.25', '43.65', '38.62']
      scaled_power: ['7.2866', '11.1810', '13.2124', '14.8045', '16.0095', '16.2782', '16.5086', '17.4484', '17.8224', '17.7903', '17.7923', '17.5077', '17.1183']
    [FINAL] plotted_flow:  [0.00 → 1340.58]
    [FINAL] plotted_head:  [73.27 → 38.62]
    [FINAL] plotted_power: [7.2866 → 17.1183]
    [FINAL] plotted_eff:   [0.00 → 76.24]

  ── [LOAD+SCALE] 99272271770010A1P ──
    trim=8.8800, stages=6, rpm=1760.0, filing='Fig1. To 0.03125'
    columns: ['curve_no', 'flow', 'speed', 'power_in', 'power_bowl_motor', 'power_bowl_dyno', 'power_pump_motor', 'power_pump_dyno', 'tdh_bowl', 'tdh_pump', 'eff_bowl_motor', 'eff_bowl_dyno', 'eff_pump_motor', 'eff_pump_dyno', 'eff_overall', 'npsha']
    rows: 11
    flow: 11 pts
      values: ['0.00', '434.91', '613.53', '727.13', '748.89', '778.11', '908.91', '977.32', '1127.53', '1189.01', '1334.51']
    head ('tdh_bowl'): 11 pts
      values: ['428.68', '399.20', '388.47', '377.36', '375.35', '370.79', '350.39', '336.13', '297.36', '276.41', '228.90']
    power ('power_bowl_dyno'): all zero/negative — trying fallback
    power FALLBACK ('power_bowl_motor'): 11 pts
      values: ['42.8877', '73.1160', '85.0756', '91.3042', '92.4867', '93.8283', '98.8125', '100.3639', '101.2320', '100.3426', '96.7887']
    efficiency ('eff_bowl_motor'): 11 pts
      values: ['0.00', '59.86', '70.62', '75.76', '76.62', '77.52', '81.25', '82.51', '83.49', '82.57', '79.56']
    [STAGE NORM] 6-stage → dividing head & power by 6
      head BEFORE: ['428.68', '399.20', '388.47', '377.36', '375.35', '370.79', '350.39', '336.13', '297.36', '276.41', '228.90']
      head AFTER:  ['71.45', '66.53', '64.75', '62.89', '62.56', '61.80', '58.40', '56.02', '49.56', '46.07', '38.15']
      power BEFORE: ['42.8877', '73.1160', '85.0756', '91.3042', '92.4867', '93.8283', '98.8125', '100.3639', '101.2320', '100.3426', '96.7887']
      power AFTER:  ['7.1480', '12.1860', '14.1793', '15.2174', '15.4144', '15.6381', '16.4687', '16.7273', '16.8720', '16.7238', '16.1314']
    [AFFINITY]
      test_diameter:     8.8800
      baseline_diameter: 8.9600
      dia_ratio:         8.9600/8.8800 = 1.009009
      test_rpm:          1760.0
      baseline_rpm:      1775.0
      speed_ratio:       1775.0/1760.0 = 1.008523
      scaled_flow:  ['0.00', '442.57', '624.33', '739.93', '762.08', '791.81', '924.91', '994.53', '1147.39', '1209.94', '1358.01']
      scaled_head:  ['73.98', '68.90', '67.05', '65.13', '64.78', '63.99', '60.47', '58.01', '51.32', '47.71', '39.51']
      scaled_power: ['7.5322', '12.8411', '14.9416', '16.0355', '16.2431', '16.4788', '17.3541', '17.6266', '17.7791', '17.6229', '16.9987']
    [FINAL] plotted_flow:  [0.00 → 1358.01]
    [FINAL] plotted_head:  [73.98 → 39.51]
    [FINAL] plotted_power: [7.5322 → 16.9987]
    [FINAL] plotted_eff:   [0.00 → 79.56]

  ── [LOAD+SCALE] 99272258380010A2P ──
    trim=8.8800, stages=6, rpm=1760.0, filing='Fig1. To 0.03125'
    columns: ['curve_no', 'flow', 'speed', 'power_in', 'power_bowl_motor', 'power_bowl_dyno', 'power_pump_motor', 'power_pump_dyno', 'tdh_bowl', 'tdh_pump', 'eff_bowl_motor', 'eff_bowl_dyno', 'eff_pump_motor', 'eff_pump_dyno', 'eff_overall', 'npsha']
    rows: 12
    flow: 12 pts
      values: ['0.00', '295.02', '435.79', '602.49', '728.18', '744.58', '773.93', '791.17', '909.32', '1141.84', '1243.33', '1352.40']
    head ('tdh_bowl'): 12 pts
      values: ['422.64', '403.92', '398.05', '386.44', '374.22', '371.94', '368.53', '365.65', '347.38', '287.23', '255.96', '217.42']
    power ('power_bowl_dyno'): all zero/negative — trying fallback
    power FALLBACK ('power_bowl_motor'): 12 pts
      values: ['40.9154', '61.7292', '73.3940', '84.7992', '92.2078', '93.3240', '94.6838', '95.4350', '99.8798', '102.3957', '101.1799', '98.3665']
    efficiency ('eff_bowl_motor'): 12 pts
      values: ['0.00', '48.66', '59.58', '69.21', '74.50', '74.81', '75.94', '76.41', '79.73', '80.74', '79.29', '75.36']
    [STAGE NORM] 6-stage → dividing head & power by 6
      head BEFORE: ['422.64', '403.92', '398.05', '386.44', '374.22', '371.94', '368.53', '365.65', '347.38', '287.23', '255.96', '217.42']
      head AFTER:  ['70.44', '67.32', '66.34', '64.41', '62.37', '61.99', '61.42', '60.94', '57.90', '47.87', '42.66', '36.24']
      power BEFORE: ['40.9154', '61.7292', '73.3940', '84.7992', '92.2078', '93.3240', '94.6838', '95.4350', '99.8798', '102.3957', '101.1799', '98.3665']
      power AFTER:  ['6.8192', '10.2882', '12.2323', '14.1332', '15.3680', '15.5540', '15.7806', '15.9058', '16.6466', '17.0659', '16.8633', '16.3944']
    [AFFINITY]
      test_diameter:     8.8800
      baseline_diameter: 8.9600
      dia_ratio:         8.9600/8.8800 = 1.009009
      test_rpm:          1760.0
      baseline_rpm:      1775.0
      speed_ratio:       1775.0/1760.0 = 1.008523
      scaled_flow:  ['0.00', '300.22', '443.46', '613.10', '741.00', '757.69', '787.56', '805.10', '925.33', '1161.95', '1265.22', '1376.21']
      scaled_head:  ['72.94', '69.71', '68.70', '66.69', '64.59', '64.19', '63.60', '63.11', '59.95', '49.57', '44.18', '37.52']
      scaled_power: ['7.1858', '10.8413', '12.8900', '14.8930', '16.1942', '16.3902', '16.6290', '16.7609', '17.5416', '17.9834', '17.7699', '17.2758']
    [FINAL] plotted_flow:  [0.00 → 1376.21]
    [FINAL] plotted_head:  [72.94 → 37.52]
    [FINAL] plotted_power: [7.1858 → 17.2758]
    [FINAL] plotted_eff:   [0.00 → 75.36]

  ── [LOAD+SCALE] 99272262890010A1P ──
    trim=8.9600, stages=5, rpm=1760.0, filing='Fig1. To 0.03125'
    columns: ['curve_no', 'flow', 'speed', 'power_in', 'power_bowl_motor', 'power_bowl_dyno', 'power_pump_motor', 'power_pump_dyno', 'tdh_bowl', 'tdh_pump', 'eff_bowl_motor', 'eff_bowl_dyno', 'eff_pump_motor', 'eff_pump_dyno', 'eff_overall', 'npsha']
    rows: 11
    flow: 11 pts
      values: ['0.00', '624.87', '806.22', '962.98', '995.94', '1027.44', '1193.64', '1510.17', '1597.15', '1814.32', '1911.17']
    head ('tdh_bowl'): 11 pts
      values: ['422.10', '368.10', '359.97', '346.04', '341.69', '337.86', '314.44', '250.77', '227.44', '165.32', '129.15']
    power ('power_bowl_dyno'): all zero/negative — trying fallback
    power FALLBACK ('power_bowl_motor'): 11 pts
      values: ['57.1105', '88.9955', '100.7606', '109.6322', '111.2507', '112.4950', '118.6846', '123.1940', '122.7848', '120.7572', '116.9499']
    efficiency ('eff_bowl_motor'): 11 pts
      values: ['0.00', '65.15', '72.61', '76.62', '77.11', '77.79', '79.72', '77.49', '74.58', '62.61', '53.20']
    [STAGE NORM] 5-stage → dividing head & power by 5
      head BEFORE: ['422.10', '368.10', '359.97', '346.04', '341.69', '337.86', '314.44', '250.77', '227.44', '165.32', '129.15']
      head AFTER:  ['84.42', '73.62', '71.99', '69.21', '68.34', '67.57', '62.89', '50.15', '45.49', '33.06', '25.83']
      power BEFORE: ['57.1105', '88.9955', '100.7606', '109.6322', '111.2507', '112.4950', '118.6846', '123.1940', '122.7848', '120.7572', '116.9499']
      power AFTER:  ['11.4221', '17.7991', '20.1521', '21.9264', '22.2501', '22.4990', '23.7369', '24.6388', '24.5570', '24.1514', '23.3900']
    [AFFINITY]
      test_diameter:     8.9600
      baseline_diameter: 8.9600
      dia_ratio:         8.9600/8.9600 = 1.000000
      test_rpm:          1760.0
      baseline_rpm:      1775.0
      speed_ratio:       1775.0/1760.0 = 1.008523
      scaled_flow:  ['0.00', '630.20', '813.09', '971.19', '1004.43', '1036.20', '1203.81', '1523.04', '1610.76', '1829.78', '1927.46']
      scaled_head:  ['85.86', '74.88', '73.23', '70.39', '69.51', '68.73', '63.96', '51.01', '46.27', '33.63', '26.27']
      scaled_power: ['11.7166', '18.2581', '20.6718', '22.4919', '22.8239', '23.0792', '24.3490', '25.2742', '25.1902', '24.7742', '23.9931']
    [FINAL] plotted_flow:  [0.00 → 1927.46]
    [FINAL] plotted_head:  [85.86 → 26.27]
    [FINAL] plotted_power: [11.7166 → 23.9931]
    [FINAL] plotted_eff:   [0.00 → 53.20]

  ── [LOAD+SCALE] 99272275540010A1P ──
    trim=8.8200, stages=6, rpm=1760.0, filing='Fig1. To 0.1875'
    columns: ['curve_no', 'flow', 'speed', 'power_in', 'power_bowl_motor', 'power_bowl_dyno', 'power_pump_motor', 'power_pump_dyno', 'tdh_bowl', 'tdh_pump', 'eff_bowl_motor', 'eff_bowl_dyno', 'eff_pump_motor', 'eff_pump_dyno', 'eff_overall', 'npsha']
    rows: 10
    flow: 10 pts
      values: ['0.00', '440.09', '585.83', '727.71', '750.93', '785.86', '916.99', '1125.32', '1212.13', '1290.77']
    head ('tdh_bowl'): 10 pts
      values: ['415.54', '381.35', '370.85', '355.86', '353.18', '348.10', '326.88', '274.36', '247.86', '221.89']
    power ('power_bowl_dyno'): all zero/negative — trying fallback
    power FALLBACK ('power_bowl_motor'): 10 pts
      values: ['41.8023', '69.8355', '78.7104', '86.5267', '87.5433', '88.8945', '92.9146', '93.9594', '92.8950', '91.0050']
    efficiency ('eff_bowl_motor'): 10 pts
      values: ['0.00', '60.58', '69.58', '75.45', '76.37', '77.58', '81.33', '82.84', '81.53', '79.34']
    [STAGE NORM] 6-stage → dividing head & power by 6
      head BEFORE: ['415.54', '381.35', '370.85', '355.86', '353.18', '348.10', '326.88', '274.36', '247.86', '221.89']
      head AFTER:  ['69.26', '63.56', '61.81', '59.31', '58.86', '58.02', '54.48', '45.73', '41.31', '36.98']
      power BEFORE: ['41.8023', '69.8355', '78.7104', '86.5267', '87.5433', '88.8945', '92.9146', '93.9594', '92.8950', '91.0050']
      power AFTER:  ['6.9671', '11.6393', '13.1184', '14.4211', '14.5906', '14.8157', '15.4858', '15.6599', '15.4825', '15.1675']
    [AFFINITY]
      test_diameter:     8.8200
      baseline_diameter: 8.9600
      dia_ratio:         8.9600/8.8200 = 1.015873
      test_rpm:          1760.0
      baseline_rpm:      1775.0
      speed_ratio:       1775.0/1760.0 = 1.008523
      scaled_flow:  ['0.00', '450.89', '600.20', '745.56', '769.35', '805.13', '939.48', '1152.92', '1241.86', '1322.43']
      scaled_head:  ['72.70', '66.71', '64.88', '62.26', '61.79', '60.90', '57.19', '48.00', '43.36', '38.82']
      scaled_power: ['7.4925', '12.5170', '14.1077', '15.5087', '15.6909', '15.9331', '16.6536', '16.8409', '16.6501', '16.3113']
    [FINAL] plotted_flow:  [0.00 → 1322.43]
    [FINAL] plotted_head:  [72.70 → 38.82]
    [FINAL] plotted_power: [7.4925 → 16.3113]
    [FINAL] plotted_eff:   [0.00 → 79.34]

  ── [LOAD+SCALE] 99272267020011A1P ──
    trim=8.9600, stages=6, rpm=1760.0, filing='Fig1. To 0.03125'
    columns: ['curve_no', 'flow', 'speed', 'power_in', 'power_bowl_motor', 'power_bowl_dyno', 'power_pump_motor', 'power_pump_dyno', 'tdh_bowl', 'tdh_pump', 'eff_bowl_motor', 'eff_bowl_dyno', 'eff_pump_motor', 'eff_pump_dyno', 'eff_overall', 'npsha']
    rows: 10
    flow: 10 pts
      values: ['0.00', '594.52', '810.20', '954.75', '994.56', '1043.61', '1225.38', '1457.37', '1595.85', '1713.02']
    head ('tdh_bowl'): 10 pts
      values: ['503.12', '443.94', '433.17', '416.44', '410.95', '402.74', '370.23', '312.37', '269.09', '229.56']
    power ('power_bowl_dyno'): all zero/negative — trying fallback
    power FALLBACK ('power_bowl_motor'): 10 pts
      values: ['65.8847', '103.9706', '121.4698', '131.3142', '133.9592', '136.6079', '144.4043', '149.0002', '148.0380', '147.2246']
    efficiency ('eff_bowl_motor'): 10 pts
      values: ['0.00', '63.99', '72.83', '76.33', '76.91', '77.56', '79.20', '77.02', '73.13', '67.33']
    [STAGE NORM] 6-stage → dividing head & power by 6
      head BEFORE: ['503.12', '443.94', '433.17', '416.44', '410.95', '402.74', '370.23', '312.37', '269.09', '229.56']
      head AFTER:  ['83.85', '73.99', '72.19', '69.41', '68.49', '67.12', '61.71', '52.06', '44.85', '38.26']
      power BEFORE: ['65.8847', '103.9706', '121.4698', '131.3142', '133.9592', '136.6079', '144.4043', '149.0002', '148.0380', '147.2246']
      power AFTER:  ['10.9808', '17.3284', '20.2450', '21.8857', '22.3265', '22.7680', '24.0674', '24.8334', '24.6730', '24.5374']
    [AFFINITY]
      test_diameter:     8.9600
      baseline_diameter: 8.9600
      dia_ratio:         8.9600/8.9600 = 1.000000
      test_rpm:          1760.0
      baseline_rpm:      1775.0
      speed_ratio:       1775.0/1760.0 = 1.008523
      scaled_flow:  ['0.00', '599.59', '817.11', '962.89', '1003.04', '1052.50', '1235.82', '1469.79', '1609.45', '1727.62']
      scaled_head:  ['85.29', '75.26', '73.43', '70.59', '69.66', '68.27', '62.76', '52.95', '45.62', '38.91']
      scaled_power: ['11.2639', '17.7753', '20.7670', '22.4501', '22.9023', '23.3551', '24.6880', '25.4737', '25.3092', '25.1702']
    [FINAL] plotted_flow:  [0.00 → 1727.62]
    [FINAL] plotted_head:  [85.29 → 38.91]
    [FINAL] plotted_power: [11.2639 → 25.1702]
    [FINAL] plotted_eff:   [0.00 → 67.33]

  ── [LOAD+SCALE] 99272292100010A1P ──
    trim=8.8800, stages=2, rpm=1760.0, filing='Fig1. To 0.03125'
    columns: ['curve_no', 'flow', 'speed', 'power_in', 'power_bowl_motor', 'power_bowl_dyno', 'power_pump_motor', 'power_pump_dyno', 'tdh_bowl', 'tdh_pump', 'eff_bowl_motor', 'eff_bowl_dyno', 'eff_pump_motor', 'eff_pump_dyno', 'eff_overall', 'npsha']
    rows: 11
    flow: 11 pts
      values: ['0.00', '412.21', '623.21', '793.80', '959.84', '1006.44', '1034.30', '1198.43', '1519.82', '1594.43', '1702.26']
    head ('tdh_bowl'): 11 pts
      values: ['168.42', '147.37', '144.08', '140.06', '132.41', '129.85', '128.24', '117.81', '85.24', '77.27', '64.38']
    power ('power_bowl_dyno'): all zero/negative — trying fallback
    power FALLBACK ('power_bowl_motor'): 11 pts
      values: ['24.2224', '29.5596', '35.0006', '39.4316', '42.8777', '43.7399', '44.2397', '46.5021', '47.7483', '47.5173', '47.2196']
    efficiency ('eff_bowl_motor'): 11 pts
      values: ['0.00', '51.80', '64.67', '71.08', '74.72', '75.32', '75.58', '76.53', '68.40', '65.36', '58.51']
    [STAGE NORM] 2-stage → dividing head & power by 2
      head BEFORE: ['168.42', '147.37', '144.08', '140.06', '132.41', '129.85', '128.24', '117.81', '85.24', '77.27', '64.38']
      head AFTER:  ['84.21', '73.68', '72.04', '70.03', '66.20', '64.93', '64.12', '58.90', '42.62', '38.64', '32.19']
      power BEFORE: ['24.2224', '29.5596', '35.0006', '39.4316', '42.8777', '43.7399', '44.2397', '46.5021', '47.7483', '47.5173', '47.2196']
      power AFTER:  ['12.1112', '14.7798', '17.5003', '19.7158', '21.4389', '21.8700', '22.1198', '23.2511', '23.8742', '23.7587', '23.6098']
    [AFFINITY]
      test_diameter:     8.8800
      baseline_diameter: 8.9600
      dia_ratio:         8.9600/8.8800 = 1.009009
      test_rpm:          1760.0
      baseline_rpm:      1775.0
      speed_ratio:       1775.0/1760.0 = 1.008523
      scaled_flow:  ['0.00', '419.47', '634.19', '807.78', '976.74', '1024.16', '1052.51', '1219.53', '1546.58', '1622.50', '1732.24']
      scaled_head:  ['87.20', '76.30', '74.60', '72.52', '68.56', '67.23', '66.40', '61.00', '44.13', '40.01', '33.33']
      scaled_power: ['12.7623', '15.5744', '18.4412', '20.7757', '22.5914', '23.0457', '23.3090', '24.5011', '25.1577', '25.0360', '24.8791']
    [FINAL] plotted_flow:  [0.00 → 1732.24]
    [FINAL] plotted_head:  [87.20 → 33.33]
    [FINAL] plotted_power: [12.7623 → 24.8791]
    [FINAL] plotted_eff:   [0.00 → 58.51]

  ── [LOAD+SCALE] 99272301520010A1P ──
    trim=8.8800, stages=5, rpm=1760.0, filing='Fig1. To 0.03125'
    columns: ['curve_no', 'flow', 'speed', 'power_in', 'power_bowl_motor', 'power_bowl_dyno', 'power_pump_motor', 'power_pump_dyno', 'tdh_bowl', 'tdh_pump', 'eff_bowl_motor', 'eff_bowl_dyno', 'eff_pump_motor', 'eff_pump_dyno', 'eff_overall', 'npsha']
    rows: 12
    flow: 12 pts
      values: ['0.00', '423.58', '624.92', '686.44', '749.31', '801.41', '925.34', '1134.12', '1297.97', '1435.48', '1611.40', '1660.61']
    head ('tdh_bowl'): 12 pts
      values: ['367.24', '338.97', '329.11', '324.51', '318.64', '312.44', '294.75', '251.40', '205.39', '163.57', '89.34', '62.53']
    power ('power_bowl_dyno'): all zero/negative — trying fallback
    power FALLBACK ('power_bowl_motor'): 12 pts
      values: ['39.0034', '61.4411', '72.7538', '75.6023', '78.3241', '80.5052', '84.5365', '86.5894', '84.4316', '80.3359', '70.7830', '66.4918']
    efficiency ('eff_bowl_motor'): 12 pts
      values: ['0.00', '58.91', '71.26', '74.28', '76.85', '78.41', '81.33', '83.01', '79.59', '73.68', '51.27', '39.37']
    [STAGE NORM] 5-stage → dividing head & power by 5
      head BEFORE: ['367.24', '338.97', '329.11', '324.51', '318.64', '312.44', '294.75', '251.40', '205.39', '163.57', '89.34', '62.53']
      head AFTER:  ['73.45', '67.79', '65.82', '64.90', '63.73', '62.49', '58.95', '50.28', '41.08', '32.71', '17.87', '12.51']
      power BEFORE: ['39.0034', '61.4411', '72.7538', '75.6023', '78.3241', '80.5052', '84.5365', '86.5894', '84.4316', '80.3359', '70.7830', '66.4918']
      power AFTER:  ['7.8007', '12.2882', '14.5508', '15.1205', '15.6648', '16.1010', '16.9073', '17.3179', '16.8863', '16.0672', '14.1566', '13.2984']
    [AFFINITY]
      test_diameter:     8.8800
      baseline_diameter: 8.9600
      dia_ratio:         8.9600/8.8800 = 1.009009
      test_rpm:          1760.0
      baseline_rpm:      1775.0
      speed_ratio:       1775.0/1760.0 = 1.008523
      scaled_flow:  ['0.00', '431.04', '635.93', '698.53', '762.50', '815.52', '941.63', '1154.09', '1320.82', '1460.75', '1639.78', '1689.85']
      scaled_head:  ['76.06', '70.20', '68.16', '67.21', '65.99', '64.71', '61.04', '52.07', '42.54', '33.88', '18.50', '12.95']
      scaled_power: ['8.2201', '12.9489', '15.3330', '15.9333', '16.5070', '16.9667', '17.8163', '18.2489', '17.7942', '16.9310', '14.9177', '14.0133']
    [FINAL] plotted_flow:  [0.00 → 1689.85]
    [FINAL] plotted_head:  [76.06 → 12.95]
    [FINAL] plotted_power: [8.2201 → 14.0133]
    [FINAL] plotted_eff:   [0.00 → 39.37]

  ── [LOAD+SCALE] 99272283800010A1P ──
    trim=8.9600, stages=9, rpm=1760.0, filing='Fig1. To 0.03125'
    columns: ['curve_no', 'flow', 'speed', 'power_in', 'power_bowl_motor', 'power_bowl_dyno', 'power_pump_motor', 'power_pump_dyno', 'tdh_bowl', 'tdh_pump', 'eff_bowl_motor', 'eff_bowl_dyno', 'eff_pump_motor', 'eff_pump_dyno', 'eff_overall', 'npsha']
    rows: 13
    flow: 13 pts
      values: ['0.00', '414.57', '632.89', '823.41', '952.50', '995.97', '1026.19', '1043.84', '1193.75', '1349.11', '1526.93', '1661.21', '1724.16']
    head ('tdh_bowl'): 13 pts
      values: ['746.08', '671.90', '661.13', '645.19', '622.21', '612.88', '604.89', '600.10', '560.83', '508.26', '429.61', '366.99', '335.06']
    power ('power_bowl_dyno'): all zero/negative — trying fallback
    power FALLBACK ('power_bowl_motor'): 13 pts
      values: ['98.7645', '133.9643', '163.6300', '187.2427', '199.9959', '204.0541', '206.4160', '207.9604', '216.8483', '222.8392', '222.8155', '220.4671', '218.9481']
    efficiency ('eff_bowl_motor'): 13 pts
      values: ['0.00', '52.42', '64.46', '71.52', '74.70', '75.41', '75.81', '75.93', '77.83', '77.57', '74.22', '69.71', '66.51']
    [STAGE NORM] 9-stage → dividing head & power by 9
      head BEFORE: ['746.08', '671.90', '661.13', '645.19', '622.21', '612.88', '604.89', '600.10', '560.83', '508.26', '429.61', '366.99', '335.06']
      head AFTER:  ['82.90', '74.66', '73.46', '71.69', '69.13', '68.10', '67.21', '66.68', '62.31', '56.47', '47.73', '40.78', '37.23']
      power BEFORE: ['98.7645', '133.9643', '163.6300', '187.2427', '199.9959', '204.0541', '206.4160', '207.9604', '216.8483', '222.8392', '222.8155', '220.4671', '218.9481']
      power AFTER:  ['10.9738', '14.8849', '18.1811', '20.8047', '22.2218', '22.6727', '22.9351', '23.1067', '24.0943', '24.7599', '24.7573', '24.4963', '24.3276']
    [AFFINITY]
      test_diameter:     8.9600
      baseline_diameter: 8.9600
      dia_ratio:         8.9600/8.9600 = 1.000000
      test_rpm:          1760.0
      baseline_rpm:      1775.0
      speed_ratio:       1775.0/1760.0 = 1.008523
      scaled_flow:  ['0.00', '418.10', '638.29', '830.43', '960.62', '1004.45', '1034.94', '1052.74', '1203.93', '1360.61', '1539.95', '1675.37', '1738.86']
      scaled_head:  ['84.32', '75.93', '74.72', '72.91', '70.32', '69.26', '68.36', '67.82', '63.38', '57.44', '48.55', '41.47', '37.87']
      scaled_power: ['11.2568', '15.2688', '18.6499', '21.3412', '22.7948', '23.2573', '23.5265', '23.7026', '24.7156', '25.3984', '25.3957', '25.1280', '24.9549']
    [FINAL] plotted_flow:  [0.00 → 1738.86]
    [FINAL] plotted_head:  [84.32 → 37.87]
    [FINAL] plotted_power: [11.2568 → 24.9549]
    [FINAL] plotted_eff:   [0.00 → 66.51]

  ── [LOAD+SCALE] 99272283800010A2P ──
    trim=8.9600, stages=9, rpm=1760.0, filing='Fig2. To 0.01'
    columns: ['curve_no', 'flow', 'speed', 'power_in', 'power_bowl_motor', 'power_bowl_dyno', 'power_pump_motor', 'power_pump_dyno', 'tdh_bowl', 'tdh_pump', 'eff_bowl_motor', 'eff_bowl_dyno', 'eff_pump_motor', 'eff_pump_dyno', 'eff_overall', 'npsha']
    rows: 12
    flow: 12 pts
      values: ['0.00', '421.85', '610.69', '828.42', '930.85', '993.31', '1059.49', '1222.44', '1352.79', '1526.81', '1636.05', '1774.81']
    head ('tdh_bowl'): 12 pts
      values: ['752.58', '671.31', '663.08', '647.12', '631.36', '618.87', '604.38', '560.41', '517.68', '446.44', '395.77', '328.30']
    power ('power_bowl_dyno'): all zero/negative — trying fallback
    power FALLBACK ('power_bowl_motor'): 12 pts
      values: ['100.8704', '134.6591', '161.1261', '188.3994', '199.5159', '204.7832', '210.4465', '220.4929', '225.7023', '227.8227', '226.4356', '224.1103']
    efficiency ('eff_bowl_motor'): 12 pts
      values: ['0.00', '53.02', '63.35', '71.73', '74.26', '75.67', '76.70', '78.32', '78.22', '75.42', '72.09', '65.54']
    [STAGE NORM] 9-stage → dividing head & power by 9
      head BEFORE: ['752.58', '671.31', '663.08', '647.12', '631.36', '618.87', '604.38', '560.41', '517.68', '446.44', '395.77', '328.30']
      head AFTER:  ['83.62', '74.59', '73.68', '71.90', '70.15', '68.76', '67.15', '62.27', '57.52', '49.60', '43.97', '36.48']
      power BEFORE: ['100.8704', '134.6591', '161.1261', '188.3994', '199.5159', '204.7832', '210.4465', '220.4929', '225.7023', '227.8227', '226.4356', '224.1103']
      power AFTER:  ['11.2078', '14.9621', '17.9029', '20.9333', '22.1684', '22.7537', '23.3829', '24.4992', '25.0780', '25.3136', '25.1595', '24.9011']
    [AFFINITY]
      test_diameter:     8.9600
      baseline_diameter: 8.9600
      dia_ratio:         8.9600/8.9600 = 1.000000
      test_rpm:          1760.0
      baseline_rpm:      1775.0
      speed_ratio:       1775.0/1760.0 = 1.008523
      scaled_flow:  ['0.00', '425.45', '615.89', '835.48', '938.78', '1001.78', '1068.52', '1232.86', '1364.32', '1539.82', '1650.00', '1789.94']
      scaled_head:  ['85.05', '75.87', '74.94', '73.13', '71.35', '69.94', '68.30', '63.33', '58.51', '50.45', '44.73', '37.10']
      scaled_power: ['11.4968', '15.3479', '18.3646', '21.4731', '22.7401', '23.3404', '23.9859', '25.1310', '25.7247', '25.9664', '25.8083', '25.5433']
    [FINAL] plotted_flow:  [0.00 → 1789.94]
    [FINAL] plotted_head:  [85.05 → 37.10]
    [FINAL] plotted_power: [11.4968 → 25.5433]
    [FINAL] plotted_eff:   [0.00 → 65.54]

  ── [LOAD+SCALE] 99272303700010A1P ──
    trim=8.8800, stages=4, rpm=1760.0, filing='Fig1. To 0.03125'
    ✗ no detail data

  ── Group: PX baseline=8.6425, 38 tests, affinity=True ──

  ── [LOAD+SCALE] 99272253050010A1P ──
    trim=8.7000, stages=5, rpm=1760.0, filing='Fig1. To 0.03125'
    columns: ['curve_no', 'flow', 'speed', 'power_in', 'power_bowl_motor', 'power_bowl_dyno', 'power_pump_motor', 'power_pump_dyno', 'tdh_bowl', 'tdh_pump', 'eff_bowl_motor', 'eff_bowl_dyno', 'eff_pump_motor', 'eff_pump_dyno', 'eff_overall', 'npsha']
    rows: 11
    flow: 11 pts
      values: ['0.00', '591.35', '813.79', '965.13', '1002.56', '1036.69', '1188.43', '1361.02', '1493.24', '1605.64', '1672.56']
    head ('tdh_bowl'): 11 pts
      values: ['381.80', '341.11', '329.62', '312.84', '308.15', '303.70', '281.05', '246.43', '214.37', '186.11', '167.78']
    power ('power_bowl_dyno'): all zero/negative — trying fallback
    power FALLBACK ('power_bowl_motor'): 11 pts
      values: ['46.9893', '77.9063', '90.0933', '96.6320', '97.9414', '98.8616', '102.3905', '103.9974', '103.4685', '101.6037', '100.0873']
    efficiency ('eff_bowl_motor'): 11 pts
      values: ['0.00', '65.27', '75.06', '78.77', '79.52', '80.28', '82.23', '81.30', '77.99', '74.14', '70.68']
    [STAGE NORM] 5-stage → dividing head & power by 5
      head BEFORE: ['381.80', '341.11', '329.62', '312.84', '308.15', '303.70', '281.05', '246.43', '214.37', '186.11', '167.78']
      head AFTER:  ['76.36', '68.22', '65.92', '62.57', '61.63', '60.74', '56.21', '49.29', '42.87', '37.22', '33.56']
      power BEFORE: ['46.9893', '77.9063', '90.0933', '96.6320', '97.9414', '98.8616', '102.3905', '103.9974', '103.4685', '101.6037', '100.0873']
      power AFTER:  ['9.3979', '15.5813', '18.0187', '19.3264', '19.5883', '19.7723', '20.4781', '20.7995', '20.6937', '20.3207', '20.0175']
    [AFFINITY]
      test_diameter:     8.7000
      baseline_diameter: 8.6425
      dia_ratio:         8.6425/8.7000 = 0.993391
      test_rpm:          1760.0
      baseline_rpm:      1775.0
      speed_ratio:       1775.0/1760.0 = 1.008523
      scaled_flow:  ['0.00', '592.45', '815.30', '966.93', '1004.43', '1038.62', '1190.63', '1363.55', '1496.02', '1608.63', '1675.67']
      scaled_head:  ['76.64', '68.48', '66.17', '62.80', '61.86', '60.96', '56.42', '49.47', '43.03', '37.36', '33.68']
      scaled_power: ['9.4503', '15.6682', '18.1192', '19.4343', '19.6976', '19.8827', '20.5924', '20.9156', '20.8092', '20.4342', '20.1292']
    [FINAL] plotted_flow:  [0.00 → 1675.67]
    [FINAL] plotted_head:  [76.64 → 33.68]
    [FINAL] plotted_power: [9.4503 → 20.1292]
    [FINAL] plotted_eff:   [0.00 → 70.68]

  ── [LOAD+SCALE] 99272245060011A1P ──
    trim=8.8000, stages=7, rpm=1460.0, filing='Fig1. To 0.09375'
    columns: ['curve_no', 'flow', 'speed', 'power_in', 'power_bowl_motor', 'power_bowl_dyno', 'power_pump_motor', 'power_pump_dyno', 'tdh_bowl', 'tdh_pump', 'eff_bowl_motor', 'eff_bowl_dyno', 'eff_pump_motor', 'eff_pump_dyno', 'eff_overall', 'npsha']
    rows: 15
    flow: 15 pts
      values: ['0.00', '308.61', '385.93', '489.56', '499.53', '500.39', '501.20', '502.04', '511.10', '618.02', '713.05', '756.15', '839.66', '894.47', '951.42']
    head ('tdh_bowl'): 15 pts
      values: ['326.37', '309.65', '304.21', '296.42', '295.77', '297.31', '296.68', '296.10', '296.00', '284.43', '271.32', '263.94', '244.36', '225.87', '209.38']
    power ('power_bowl_dyno'): all zero/negative — trying fallback
    power FALLBACK ('power_bowl_motor'): 15 pts
      values: ['33.2264', '47.1465', '53.5253', '57.8063', '57.9063', '53.3565', '55.3266', '56.5600', '58.9518', '59.8193', '65.6211', '62.3076', '66.6036', '66.3495', '66.2419']
    efficiency ('eff_bowl_motor'): 15 pts
      values: ['0.00', '51.10', '55.29', '63.28', '64.32', '70.29', '67.75', '66.25', '64.69', '74.08', '74.32', '80.75', '77.66', '76.76', '75.81']
    [STAGE NORM] 7-stage → dividing head & power by 7
      head BEFORE: ['326.37', '309.65', '304.21', '296.42', '295.77', '297.31', '296.68', '296.10', '296.00', '284.43', '271.32', '263.94', '244.36', '225.87', '209.38']
      head AFTER:  ['46.62', '44.24', '43.46', '42.35', '42.25', '42.47', '42.38', '42.30', '42.29', '40.63', '38.76', '37.71', '34.91', '32.27', '29.91']
      power BEFORE: ['33.2264', '47.1465', '53.5253', '57.8063', '57.9063', '53.3565', '55.3266', '56.5600', '58.9518', '59.8193', '65.6211', '62.3076', '66.6036', '66.3495', '66.2419']
      power AFTER:  ['4.7466', '6.7352', '7.6465', '8.2580', '8.2723', '7.6224', '7.9038', '8.0800', '8.4217', '8.5456', '9.3744', '8.9011', '9.5148', '9.4785', '9.4631']
    [AFFINITY]
      test_diameter:     8.8000
      baseline_diameter: 8.6425
      dia_ratio:         8.6425/8.8000 = 0.982102
      test_rpm:          1460.0
      baseline_rpm:      1775.0
      speed_ratio:       1775.0/1460.0 = 1.215753
      scaled_flow:  ['0.00', '368.48', '460.79', '584.54', '596.43', '597.47', '598.43', '599.43', '610.25', '737.91', '851.38', '902.84', '1002.55', '1067.99', '1135.99']
      scaled_head:  ['66.47', '63.06', '61.96', '60.37', '60.24', '60.55', '60.42', '60.30', '60.28', '57.93', '55.26', '53.75', '49.77', '46.00', '42.64']
      scaled_power: ['8.0796', '11.4646', '13.0157', '14.0567', '14.0810', '12.9747', '13.4537', '13.7537', '14.3353', '14.5462', '15.9570', '15.1513', '16.1959', '16.1342', '16.1080']
      ⚠ Speed change is 21.6% (>10%). Affinity law accuracy may be reduced.
    [FINAL] plotted_flow:  [0.00 → 1135.99]
    [FINAL] plotted_head:  [66.47 → 42.64]
    [FINAL] plotted_power: [8.0796 → 16.1080]
    [FINAL] plotted_eff:   [0.00 → 75.81]

  ── [LOAD+SCALE] 99272245060011A2P ──
    trim=8.8000, stages=7, rpm=1460.0, filing='Fig1. To 0.09375'
    columns: ['curve_no', 'flow', 'speed', 'power_in', 'power_bowl_motor', 'power_bowl_dyno', 'power_pump_motor', 'power_pump_dyno', 'tdh_bowl', 'tdh_pump', 'eff_bowl_motor', 'eff_bowl_dyno', 'eff_pump_motor', 'eff_pump_dyno', 'eff_overall', 'npsha']
    rows: 13
    flow: 13 pts
      values: ['0.00', '293.73', '397.57', '478.17', '502.80', '507.61', '596.40', '700.63', '730.97', '747.28', '835.74', '972.88', '1008.63']
    head ('tdh_bowl'): 13 pts
      values: ['327.28', '309.62', '304.98', '297.70', '299.30', '296.84', '287.02', '273.01', '268.07', '265.63', '244.95', '205.10', '193.18']
    power ('power_bowl_dyno'): 13 pts
      values: ['27.7124', '43.5997', '49.0105', '53.1809', '54.9304', '54.0964', '58.3503', '62.6275', '63.7219', '63.2965', '63.3230', '63.1259', '62.8619']
    efficiency ('eff_bowl_dyno'): 13 pts
      values: ['0.00', '52.58', '62.37', '67.48', '69.06', '70.22', '73.95', '76.99', '77.52', '79.06', '81.50', '79.69', '78.14']
    [STAGE NORM] 7-stage → dividing head & power by 7
      head BEFORE: ['327.28', '309.62', '304.98', '297.70', '299.30', '296.84', '287.02', '273.01', '268.07', '265.63', '244.95', '205.10', '193.18']
      head AFTER:  ['46.75', '44.23', '43.57', '42.53', '42.76', '42.41', '41.00', '39.00', '38.30', '37.95', '34.99', '29.30', '27.60']
      power BEFORE: ['27.7124', '43.5997', '49.0105', '53.1809', '54.9304', '54.0964', '58.3503', '62.6275', '63.7219', '63.2965', '63.3230', '63.1259', '62.8619']
      power AFTER:  ['3.9589', '6.2285', '7.0015', '7.5973', '7.8472', '7.7281', '8.3358', '8.9468', '9.1031', '9.0424', '9.0461', '9.0180', '8.9803']
    [AFFINITY]
      test_diameter:     8.8000
      baseline_diameter: 8.6425
      dia_ratio:         8.6425/8.8000 = 0.982102
      test_rpm:          1460.0
      baseline_rpm:      1775.0
      speed_ratio:       1775.0/1460.0 = 1.215753
      scaled_flow:  ['0.00', '350.72', '474.69', '570.94', '600.34', '606.08', '712.10', '836.55', '872.78', '892.25', '997.87', '1161.61', '1204.29']
      scaled_head:  ['66.65', '63.06', '62.11', '60.63', '60.96', '60.45', '58.45', '55.60', '54.59', '54.10', '49.89', '41.77', '39.34']
      scaled_power: ['6.7388', '10.6021', '11.9178', '12.9320', '13.3574', '13.1546', '14.1890', '15.2291', '15.4952', '15.3918', '15.3982', '15.3503', '15.2861']
      ⚠ Speed change is 21.6% (>10%). Affinity law accuracy may be reduced.
    [FINAL] plotted_flow:  [0.00 → 1204.29]
    [FINAL] plotted_head:  [66.65 → 39.34]
    [FINAL] plotted_power: [6.7388 → 15.2861]
    [FINAL] plotted_eff:   [0.00 → 78.14]

  ── [LOAD+SCALE] 99272245060011B1P ──
    trim=8.8000, stages=7, rpm=1460.0, filing='Fig1. To 0.09375'
    columns: ['curve_no', 'flow', 'speed', 'power_in', 'power_bowl_motor', 'power_bowl_dyno', 'power_pump_motor', 'power_pump_dyno', 'tdh_bowl', 'tdh_pump', 'eff_bowl_motor', 'eff_bowl_dyno', 'eff_pump_motor', 'eff_pump_dyno', 'eff_overall', 'npsha']
    rows: 16
    flow: 16 pts
      values: ['0.00', '307.90', '431.20', '476.23', '503.74', '513.54', '608.68', '705.55', '748.25', '790.52', '860.46', '931.35', '982.51', '1006.80', '1047.46', '1081.69']
    head ('tdh_bowl'): 16 pts
      values: ['328.33', '310.54', '301.93', '299.43', '298.27', '296.64', '287.37', '274.65', '266.07', '257.03', '239.60', '218.07', '203.13', '194.58', '182.62', '170.14']
    power ('power_bowl_dyno'): 16 pts
      values: ['26.9192', '43.0600', '50.7350', '53.2633', '54.1159', '54.7399', '58.0892', '61.3006', '63.3803', '63.0560', '64.4948', '64.7932', '62.9076', '63.4125', '63.0654', '61.9314']
    efficiency ('eff_bowl_dyno'): 16 pts
      values: ['0.00', '55.98', '64.69', '67.49', '69.99', '70.15', '75.91', '79.69', '79.19', '81.23', '80.58', '79.02', '79.98', '77.88', '76.46', '74.91']
    [STAGE NORM] 7-stage → dividing head & power by 7
      head BEFORE: ['328.33', '310.54', '301.93', '299.43', '298.27', '296.64', '287.37', '274.65', '266.07', '257.03', '239.60', '218.07', '203.13', '194.58', '182.62', '170.14']
      head AFTER:  ['46.90', '44.36', '43.13', '42.78', '42.61', '42.38', '41.05', '39.24', '38.01', '36.72', '34.23', '31.15', '29.02', '27.80', '26.09', '24.31']
      power BEFORE: ['26.9192', '43.0600', '50.7350', '53.2633', '54.1159', '54.7399', '58.0892', '61.3006', '63.3803', '63.0560', '64.4948', '64.7932', '62.9076', '63.4125', '63.0654', '61.9314']
      power AFTER:  ['3.8456', '6.1514', '7.2479', '7.6090', '7.7308', '7.8200', '8.2985', '8.7572', '9.0543', '9.0080', '9.2135', '9.2562', '8.9868', '9.0589', '9.0093', '8.8473']
    [AFFINITY]
      test_diameter:     8.8000
      baseline_diameter: 8.6425
      dia_ratio:         8.6425/8.8000 = 0.982102
      test_rpm:          1460.0
      baseline_rpm:      1775.0
      speed_ratio:       1775.0/1460.0 = 1.215753
      scaled_flow:  ['0.00', '367.63', '514.85', '568.62', '601.47', '613.16', '726.76', '842.42', '893.41', '943.88', '1027.38', '1112.03', '1173.11', '1202.12', '1250.66', '1291.53']
      scaled_head:  ['66.87', '63.24', '61.49', '60.98', '60.75', '60.41', '58.53', '55.94', '54.19', '52.35', '48.80', '44.41', '41.37', '39.63', '37.19', '34.65']
      scaled_power: ['6.5459', '10.4709', '12.3372', '12.9520', '13.1593', '13.3111', '14.1255', '14.9064', '15.4121', '15.3333', '15.6832', '15.7557', '15.2972', '15.4200', '15.3356', '15.0598']
      ⚠ Speed change is 21.6% (>10%). Affinity law accuracy may be reduced.
    [FINAL] plotted_flow:  [0.00 → 1291.53]
    [FINAL] plotted_head:  [66.87 → 34.65]
    [FINAL] plotted_power: [6.5459 → 15.0598]
    [FINAL] plotted_eff:   [0.00 → 74.91]

  ── [LOAD+SCALE] 99272254080022A1P ──
    trim=8.6600, stages=4, rpm=1760.0, filing='Fig1. To 0.03125'
    columns: ['curve_no', 'flow', 'speed', 'power_in', 'power_bowl_motor', 'power_bowl_dyno', 'power_pump_motor', 'power_pump_dyno', 'tdh_bowl', 'tdh_pump', 'eff_bowl_motor', 'eff_bowl_dyno', 'eff_pump_motor', 'eff_pump_dyno', 'eff_overall', 'npsha']
    rows: 11
    flow: 11 pts
      values: ['0.00', '612.69', '794.85', '966.30', '996.63', '1025.09', '1208.64', '1390.30', '1494.13', '1606.83', '1707.75']
    head ('tdh_bowl'): 11 pts
      values: ['302.88', '268.67', '261.07', '246.54', '243.45', '240.21', '217.95', '190.65', '172.10', '150.03', '127.10']
    power ('power_bowl_dyno'): all zero/negative — trying fallback
    power FALLBACK ('power_bowl_motor'): 11 pts
      values: ['40.8340', '64.7792', '72.8009', '78.5656', '79.3466', '80.0088', '83.2887', '84.7524', '84.8151', '83.5498', '82.1725']
    efficiency ('eff_bowl_motor'): 11 pts
      values: ['0.00', '64.06', '71.86', '76.44', '77.08', '77.58', '79.73', '78.84', '76.43', '72.74', '66.59']
    [STAGE NORM] 4-stage → dividing head & power by 4
      head BEFORE: ['302.88', '268.67', '261.07', '246.54', '243.45', '240.21', '217.95', '190.65', '172.10', '150.03', '127.10']
      head AFTER:  ['75.72', '67.17', '65.27', '61.63', '60.86', '60.05', '54.49', '47.66', '43.02', '37.51', '31.78']
      power BEFORE: ['40.8340', '64.7792', '72.8009', '78.5656', '79.3466', '80.0088', '83.2887', '84.7524', '84.8151', '83.5498', '82.1725']
      power AFTER:  ['10.2085', '16.1948', '18.2002', '19.6414', '19.8366', '20.0022', '20.8222', '21.1881', '21.2038', '20.8875', '20.5431']
    [AFFINITY]
      test_diameter:     8.6600
      baseline_diameter: 8.6425
      dia_ratio:         8.6425/8.6600 = 0.997979
      test_rpm:          1760.0
      baseline_rpm:      1775.0
      speed_ratio:       1775.0/1760.0 = 1.008523
      scaled_flow:  ['0.00', '616.66', '800.01', '972.57', '1003.10', '1031.74', '1216.48', '1399.31', '1503.82', '1617.25', '1718.83']
      scaled_head:  ['76.71', '68.04', '66.12', '62.44', '61.65', '60.83', '55.20', '48.28', '43.58', '38.00', '32.19']
      scaled_power: ['10.4084', '16.5119', '18.5566', '20.0260', '20.2251', '20.3939', '21.2299', '21.6030', '21.6190', '21.2964', '20.9454']
    [FINAL] plotted_flow:  [0.00 → 1718.83]
    [FINAL] plotted_head:  [76.71 → 32.19]
    [FINAL] plotted_power: [10.4084 → 20.9454]
    [FINAL] plotted_eff:   [0.00 → 66.59]

  ── [LOAD+SCALE] 99272253540010A1P ──
    trim=8.8000, stages=6, rpm=1760.0, filing='Fig1. To 0.1875'
    columns: ['curve_no', 'flow', 'speed', 'power_in', 'power_bowl_motor', 'power_bowl_dyno', 'power_pump_motor', 'power_pump_dyno', 'tdh_bowl', 'tdh_pump', 'eff_bowl_motor', 'eff_bowl_dyno', 'eff_pump_motor', 'eff_pump_dyno', 'eff_overall', 'npsha']
    rows: 12
    flow: 12 pts
      values: ['0.00', '487.64', '601.34', '729.85', '747.77', '770.29', '919.19', '1020.75', '1133.99', '1227.97', '1329.01', '1414.00']
    head ('tdh_bowl'): 12 pts
      values: ['398.64', '369.72', '360.92', '346.61', '344.34', '341.13', '314.28', '287.64', '256.30', '227.46', '188.18', '152.07']
    power ('power_bowl_dyno'): all zero/negative — trying fallback
    power FALLBACK ('power_bowl_motor'): 12 pts
      values: ['38.0395', '71.0647', '77.8740', '84.2733', '85.1478', '85.9668', '89.9085', '90.4196', '90.0223', '88.7888', '85.6219', '81.2774']
    efficiency ('eff_bowl_motor'): 12 pts
      values: ['0.00', '63.95', '70.26', '75.67', '76.23', '77.05', '81.00', '81.86', '81.39', '79.30', '73.63', '66.69']
    [STAGE NORM] 6-stage → dividing head & power by 6
      head BEFORE: ['398.64', '369.72', '360.92', '346.61', '344.34', '341.13', '314.28', '287.64', '256.30', '227.46', '188.18', '152.07']
      head AFTER:  ['66.44', '61.62', '60.15', '57.77', '57.39', '56.85', '52.38', '47.94', '42.72', '37.91', '31.36', '25.34']
      power BEFORE: ['38.0395', '71.0647', '77.8740', '84.2733', '85.1478', '85.9668', '89.9085', '90.4196', '90.0223', '88.7888', '85.6219', '81.2774']
      power AFTER:  ['6.3399', '11.8441', '12.9790', '14.0455', '14.1913', '14.3278', '14.9848', '15.0699', '15.0037', '14.7981', '14.2703', '13.5462']
    [AFFINITY]
      test_diameter:     8.8000
      baseline_diameter: 8.6425
      dia_ratio:         8.6425/8.8000 = 0.982102
      test_rpm:          1760.0
      baseline_rpm:      1775.0
      speed_ratio:       1775.0/1760.0 = 1.008523
      scaled_flow:  ['0.00', '483.00', '595.61', '722.90', '740.65', '762.95', '910.43', '1011.02', '1123.19', '1216.27', '1316.35', '1400.53']
      scaled_head:  ['65.18', '60.45', '59.01', '56.67', '56.30', '55.78', '51.39', '47.03', '41.91', '37.19', '30.77', '24.86']
      scaled_power: ['6.1604', '11.5088', '12.6115', '13.6479', '13.7895', '13.9222', '14.5605', '14.6433', '14.5789', '14.3792', '13.8663', '13.1627']
    [FINAL] plotted_flow:  [0.00 → 1400.53]
    [FINAL] plotted_head:  [65.18 → 24.86]
    [FINAL] plotted_power: [6.1604 → 13.1627]
    [FINAL] plotted_eff:   [0.00 → 66.69]

  ── [LOAD+SCALE] 99272253540010A2P ──
    trim=8.8000, stages=6, rpm=1760.0, filing='Fig1. To 0.1875'
    columns: ['curve_no', 'flow', 'speed', 'power_in', 'power_bowl_motor', 'power_bowl_dyno', 'power_pump_motor', 'power_pump_dyno', 'tdh_bowl', 'tdh_pump', 'eff_bowl_motor', 'eff_bowl_dyno', 'eff_pump_motor', 'eff_pump_dyno', 'eff_overall', 'npsha']
    rows: 11
    flow: 11 pts
      values: ['0.00', '447.39', '604.86', '717.89', '752.46', '770.79', '910.53', '1022.98', '1132.47', '1239.84', '1346.18']
    head ('tdh_bowl'): 11 pts
      values: ['402.21', '377.08', '365.19', '352.33', '347.77', '345.10', '320.87', '293.50', '262.04', '230.08', '188.50']
    power ('power_bowl_dyno'): all zero/negative — trying fallback
    power FALLBACK ('power_bowl_motor'): 11 pts
      values: ['38.6643', '69.6819', '79.2051', '84.8866', '86.3550', '86.9700', '91.1325', '92.0032', '91.5078', '90.3319', '86.8007']
    efficiency ('eff_bowl_motor'): 11 pts
      values: ['0.00', '61.03', '70.30', '75.11', '76.39', '77.10', '80.82', '82.27', '81.75', '79.61', '73.69']
    [STAGE NORM] 6-stage → dividing head & power by 6
      head BEFORE: ['402.21', '377.08', '365.19', '352.33', '347.77', '345.10', '320.87', '293.50', '262.04', '230.08', '188.50']
      head AFTER:  ['67.03', '62.85', '60.87', '58.72', '57.96', '57.52', '53.48', '48.92', '43.67', '38.35', '31.42']
      power BEFORE: ['38.6643', '69.6819', '79.2051', '84.8866', '86.3550', '86.9700', '91.1325', '92.0032', '91.5078', '90.3319', '86.8007']
      power AFTER:  ['6.4440', '11.6137', '13.2008', '14.1478', '14.3925', '14.4950', '15.1887', '15.3339', '15.2513', '15.0553', '14.4668']
    [AFFINITY]
      test_diameter:     8.8000
      baseline_diameter: 8.6425
      dia_ratio:         8.6425/8.8000 = 0.982102
      test_rpm:          1760.0
      baseline_rpm:      1775.0
      speed_ratio:       1775.0/1760.0 = 1.008523
      scaled_flow:  ['0.00', '443.13', '599.10', '711.05', '745.29', '763.45', '901.85', '1013.23', '1121.68', '1228.03', '1333.35']
      scaled_head:  ['65.76', '61.65', '59.71', '57.61', '56.86', '56.43', '52.46', '47.99', '42.84', '37.62', '30.82']
      scaled_power: ['6.2616', '11.2849', '12.8271', '13.7472', '13.9850', '14.0846', '14.7587', '14.8998', '14.8195', '14.6291', '14.0572']
    [FINAL] plotted_flow:  [0.00 → 1333.35]
    [FINAL] plotted_head:  [65.76 → 30.82]
    [FINAL] plotted_power: [6.2616 → 14.0572]
    [FINAL] plotted_eff:   [0.00 → 73.69]

  ── [LOAD+SCALE] 99272257790010A1P ──
    trim=8.7800, stages=7, rpm=1760.0, filing='Fig1. To 0.1875'
    columns: ['curve_no', 'flow', 'speed', 'power_in', 'power_bowl_motor', 'power_bowl_dyno', 'power_pump_motor', 'power_pump_dyno', 'tdh_bowl', 'tdh_pump', 'eff_bowl_motor', 'eff_bowl_dyno', 'eff_pump_motor', 'eff_pump_dyno', 'eff_overall', 'npsha']
    rows: 11
    flow: 11 pts
      values: ['0.00', '461.42', '596.08', '731.01', '748.41', '785.55', '909.56', '1035.79', '1130.85', '1196.14', '1270.36']
    head ('tdh_bowl'): 11 pts
      values: ['467.43', '433.00', '420.64', '402.73', '399.53', '392.81', '366.04', '326.57', '293.17', '268.83', '237.73']
    power ('power_bowl_dyno'): all zero/negative — trying fallback
    power FALLBACK ('power_bowl_motor'): 11 pts
      values: ['44.1080', '79.9298', '89.2398', '97.3988', '98.1075', '99.7740', '103.3773', '103.8341', '103.0493', '102.1272', '99.7843']
    efficiency ('eff_bowl_motor'): 11 pts
      values: ['0.00', '63.01', '70.83', '76.20', '76.83', '77.96', '81.19', '82.12', '81.10', '79.37', '76.30']
    [STAGE NORM] 7-stage → dividing head & power by 7
      head BEFORE: ['467.43', '433.00', '420.64', '402.73', '399.53', '392.81', '366.04', '326.57', '293.17', '268.83', '237.73']
      head AFTER:  ['66.78', '61.86', '60.09', '57.53', '57.08', '56.12', '52.29', '46.65', '41.88', '38.40', '33.96']
      power BEFORE: ['44.1080', '79.9298', '89.2398', '97.3988', '98.1075', '99.7740', '103.3773', '103.8341', '103.0493', '102.1272', '99.7843']
      power AFTER:  ['6.3011', '11.4185', '12.7485', '13.9141', '14.0154', '14.2534', '14.7682', '14.8334', '14.7213', '14.5896', '14.2549']
    [AFFINITY]
      test_diameter:     8.7800
      baseline_diameter: 8.6425
      dia_ratio:         8.6425/8.7800 = 0.984339
      test_rpm:          1760.0
      baseline_rpm:      1775.0
      speed_ratio:       1775.0/1760.0 = 1.008523
      scaled_flow:  ['0.00', '458.06', '591.74', '725.70', '742.97', '779.84', '902.95', '1028.26', '1122.63', '1187.44', '1261.12']
      scaled_head:  ['65.81', '60.96', '59.22', '56.70', '56.25', '55.30', '51.53', '45.98', '41.28', '37.85', '33.47']
      scaled_power: ['6.1647', '11.1713', '12.4725', '13.6128', '13.7118', '13.9448', '14.4484', '14.5122', '14.4025', '14.2736', '13.9462']
    [FINAL] plotted_flow:  [0.00 → 1261.12]
    [FINAL] plotted_head:  [65.81 → 33.47]
    [FINAL] plotted_power: [6.1647 → 13.9462]
    [FINAL] plotted_eff:   [0.00 → 76.30]

  ── [LOAD+SCALE] 99272257790010A2P ──
    trim=8.7800, stages=7, rpm=1760.0, filing='Fig2. To 0.06'
    columns: ['curve_no', 'flow', 'speed', 'power_in', 'power_bowl_motor', 'power_bowl_dyno', 'power_pump_motor', 'power_pump_dyno', 'tdh_bowl', 'tdh_pump', 'eff_bowl_motor', 'eff_bowl_dyno', 'eff_pump_motor', 'eff_pump_dyno', 'eff_overall', 'npsha']
    rows: 12
    flow: 12 pts
      values: ['0.00', '449.37', '611.89', '715.50', '753.15', '779.63', '780.16', '893.17', '1026.42', '1124.82', '1175.50', '1239.99']
    head ('tdh_bowl'): 12 pts
      values: ['474.59', '439.99', '426.49', '413.85', '407.68', '403.51', '403.22', '381.87', '343.89', '309.95', '292.09', '267.40']
    power ('power_bowl_dyno'): all zero/negative — trying fallback
    power FALLBACK ('power_bowl_motor'): 12 pts
      values: ['45.7892', '80.7984', '92.2841', '98.6192', '100.6102', '101.9039', '101.7422', '105.9972', '107.5867', '107.1274', '106.6343', '105.4729']
    efficiency ('eff_bowl_motor'): 12 pts
      values: ['0.00', '61.69', '71.29', '75.69', '76.93', '77.82', '77.94', '81.12', '82.71', '82.04', '81.17', '79.25']
    [STAGE NORM] 7-stage → dividing head & power by 7
      head BEFORE: ['474.59', '439.99', '426.49', '413.85', '407.68', '403.51', '403.22', '381.87', '343.89', '309.95', '292.09', '267.40']
      head AFTER:  ['67.80', '62.86', '60.93', '59.12', '58.24', '57.64', '57.60', '54.55', '49.13', '44.28', '41.73', '38.20']
      power BEFORE: ['45.7892', '80.7984', '92.2841', '98.6192', '100.6102', '101.9039', '101.7422', '105.9972', '107.5867', '107.1274', '106.6343', '105.4729']
      power AFTER:  ['6.5413', '11.5426', '13.1834', '14.0885', '14.3729', '14.5577', '14.5346', '15.1425', '15.3695', '15.3039', '15.2335', '15.0676']
    [AFFINITY]
      test_diameter:     8.7800
      baseline_diameter: 8.6425
      dia_ratio:         8.6425/8.7800 = 0.984339
      test_rpm:          1760.0
      baseline_rpm:      1775.0
      speed_ratio:       1775.0/1760.0 = 1.008523
      scaled_flow:  ['0.00', '446.11', '607.44', '710.30', '747.67', '773.96', '774.48', '886.68', '1018.95', '1116.64', '1166.95', '1230.98']
      scaled_head:  ['66.82', '61.94', '60.04', '58.27', '57.40', '56.81', '56.77', '53.76', '48.42', '43.64', '41.12', '37.65']
      scaled_power: ['6.3997', '11.2927', '12.8980', '13.7834', '14.0616', '14.2424', '14.2198', '14.8145', '15.0367', '14.9725', '14.9036', '14.7413']
    [FINAL] plotted_flow:  [0.00 → 1230.98]
    [FINAL] plotted_head:  [66.82 → 37.65]
    [FINAL] plotted_power: [6.3997 → 14.7413]
    [FINAL] plotted_eff:   [0.00 → 79.25]

  ── [LOAD+SCALE] 99272253540010A4P ──
    trim=8.8000, stages=6, rpm=1760.0, filing='Fig1. To 0.1875'
    columns: ['curve_no', 'flow', 'speed', 'power_in', 'power_bowl_motor', 'power_bowl_dyno', 'power_pump_motor', 'power_pump_dyno', 'tdh_bowl', 'tdh_pump', 'eff_bowl_motor', 'eff_bowl_dyno', 'eff_pump_motor', 'eff_pump_dyno', 'eff_overall', 'npsha']
    rows: 11
    flow: 11 pts
      values: ['0.00', '449.53', '605.49', '718.72', '756.44', '773.65', '899.23', '1000.07', '1126.26', '1211.72', '1293.44']
    head ('tdh_bowl'): 11 pts
      values: ['406.28', '380.28', '369.63', '357.71', '353.17', '350.69', '330.63', '308.08', '273.60', '248.47', '218.94']
    power ('power_bowl_dyno'): all zero/negative — trying fallback
    power FALLBACK ('power_bowl_motor'): 11 pts
      values: ['39.4251', '70.6590', '80.0025', '86.0353', '87.7418', '88.4003', '92.5910', '94.0903', '94.2904', '93.5394', '91.7633']
    efficiency ('eff_bowl_motor'): 11 pts
      values: ['0.00', '60.99', '70.52', '75.33', '76.75', '77.37', '80.95', '82.55', '82.38', '81.14', '77.80']
    [STAGE NORM] 6-stage → dividing head & power by 6
      head BEFORE: ['406.28', '380.28', '369.63', '357.71', '353.17', '350.69', '330.63', '308.08', '273.60', '248.47', '218.94']
      head AFTER:  ['67.71', '63.38', '61.60', '59.62', '58.86', '58.45', '55.10', '51.35', '45.60', '41.41', '36.49']
      power BEFORE: ['39.4251', '70.6590', '80.0025', '86.0353', '87.7418', '88.4003', '92.5910', '94.0903', '94.2904', '93.5394', '91.7633']
      power AFTER:  ['6.5708', '11.7765', '13.3338', '14.3392', '14.6236', '14.7334', '15.4318', '15.6817', '15.7151', '15.5899', '15.2939']
    [AFFINITY]
      test_diameter:     8.8000
      baseline_diameter: 8.6425
      dia_ratio:         8.6425/8.8000 = 0.982102
      test_rpm:          1760.0
      baseline_rpm:      1775.0
      speed_ratio:       1775.0/1760.0 = 1.008523
      scaled_flow:  ['0.00', '445.25', '599.72', '711.87', '749.23', '766.28', '890.67', '990.55', '1115.53', '1200.17', '1281.12']
      scaled_head:  ['66.43', '62.18', '60.44', '58.49', '57.75', '57.34', '54.06', '50.37', '44.74', '40.63', '35.80']
      scaled_power: ['6.3848', '11.4431', '12.9563', '13.9333', '14.2096', '14.3163', '14.9949', '15.2378', '15.2702', '15.1485', '14.8609']
    [FINAL] plotted_flow:  [0.00 → 1281.12]
    [FINAL] plotted_head:  [66.43 → 35.80]
    [FINAL] plotted_power: [6.3848 → 14.8609]
    [FINAL] plotted_eff:   [0.00 → 77.80]

  ── [LOAD+SCALE] 99272264200010A1P ──
    trim=8.7600, stages=7, rpm=1760.0, filing='Fig1. To 0.1875'
    columns: ['curve_no', 'flow', 'speed', 'power_in', 'power_bowl_motor', 'power_bowl_dyno', 'power_pump_motor', 'power_pump_dyno', 'tdh_bowl', 'tdh_pump', 'eff_bowl_motor', 'eff_bowl_dyno', 'eff_pump_motor', 'eff_pump_dyno', 'eff_overall', 'npsha']
    rows: 11
    flow: 11 pts
      values: ['0.00', '449.29', '611.01', '723.18', '747.40', '768.38', '897.01', '1051.81', '1120.77', '1192.09', '1248.59']
    head ('tdh_bowl'): 11 pts
      values: ['466.41', '432.88', '418.57', '403.97', '400.52', '396.84', '374.09', '333.05', '310.76', '285.51', '263.86']
    power ('power_bowl_dyno'): all zero/negative — trying fallback
    power FALLBACK ('power_bowl_motor'): 11 pts
      values: ['44.6542', '78.9592', '90.2094', '96.9162', '97.9392', '99.1489', '103.8159', '105.4711', '105.1259', '104.2911', '102.9148']
    efficiency ('eff_bowl_motor'): 11 pts
      values: ['0.00', '62.09', '71.47', '75.99', '77.05', '77.53', '81.48', '83.73', '83.52', '82.27', '80.70']
    [STAGE NORM] 7-stage → dividing head & power by 7
      head BEFORE: ['466.41', '432.88', '418.57', '403.97', '400.52', '396.84', '374.09', '333.05', '310.76', '285.51', '263.86']
      head AFTER:  ['66.63', '61.84', '59.80', '57.71', '57.22', '56.69', '53.44', '47.58', '44.39', '40.79', '37.69']
      power BEFORE: ['44.6542', '78.9592', '90.2094', '96.9162', '97.9392', '99.1489', '103.8159', '105.4711', '105.1259', '104.2911', '102.9148']
      power AFTER:  ['6.3792', '11.2799', '12.8871', '13.8452', '13.9913', '14.1641', '14.8308', '15.0673', '15.0180', '14.8987', '14.7021']
    [AFFINITY]
      test_diameter:     8.7600
      baseline_diameter: 8.6425
      dia_ratio:         8.6425/8.7600 = 0.986587
      test_rpm:          1760.0
      baseline_rpm:      1775.0
      speed_ratio:       1775.0/1760.0 = 1.008523
      scaled_flow:  ['0.00', '447.04', '607.96', '719.56', '743.66', '764.53', '892.53', '1046.55', '1115.16', '1186.12', '1242.34']
      scaled_head:  ['65.97', '61.22', '59.20', '57.13', '56.65', '56.13', '52.91', '47.10', '43.95', '40.38', '37.32']
      scaled_power: ['6.2839', '11.1114', '12.6945', '13.6383', '13.7823', '13.9525', '14.6093', '14.8422', '14.7936', '14.6762', '14.4825']
    [FINAL] plotted_flow:  [0.00 → 1242.34]
    [FINAL] plotted_head:  [65.97 → 37.32]
    [FINAL] plotted_power: [6.2839 → 14.4825]
    [FINAL] plotted_eff:   [0.00 → 80.70]

  ── [LOAD+SCALE] 99272257800010A2P ──
    trim=8.7800, stages=7, rpm=1760.0, filing='Fig1. To 0.03'
    columns: ['curve_no', 'flow', 'speed', 'power_in', 'power_bowl_motor', 'power_bowl_dyno', 'power_pump_motor', 'power_pump_dyno', 'tdh_bowl', 'tdh_pump', 'eff_bowl_motor', 'eff_bowl_dyno', 'eff_pump_motor', 'eff_pump_dyno', 'eff_overall', 'npsha']
    rows: 11
    flow: 11 pts
      values: ['0.00', '430.16', '596.49', '707.83', '725.82', '744.07', '772.78', '980.01', '1142.72', '1243.98', '1325.15']
    head ('tdh_bowl'): 11 pts
      values: ['470.31', '441.66', '427.05', '413.57', '411.06', '408.10', '403.41', '357.42', '302.11', '262.61', '228.09']
    power ('power_bowl_dyno'): all zero/negative — trying fallback
    power FALLBACK ('power_bowl_motor'): 11 pts
      values: ['43.7440', '79.2949', '91.0263', '97.9754', '98.7992', '99.9854', '101.0655', '106.6624', '105.8965', '103.7982', '100.7273']
    efficiency ('eff_bowl_motor'): 11 pts
      values: ['0.00', '60.40', '70.55', '75.32', '76.13', '76.56', '77.76', '82.79', '82.18', '79.34', '75.64']
    [STAGE NORM] 7-stage → dividing head & power by 7
      head BEFORE: ['470.31', '441.66', '427.05', '413.57', '411.06', '408.10', '403.41', '357.42', '302.11', '262.61', '228.09']
      head AFTER:  ['67.19', '63.09', '61.01', '59.08', '58.72', '58.30', '57.63', '51.06', '43.16', '37.52', '32.58']
      power BEFORE: ['43.7440', '79.2949', '91.0263', '97.9754', '98.7992', '99.9854', '101.0655', '106.6624', '105.8965', '103.7982', '100.7273']
      power AFTER:  ['6.2491', '11.3278', '13.0038', '13.9965', '14.1142', '14.2836', '14.4379', '15.2375', '15.1281', '14.8283', '14.3896']
    [AFFINITY]
      test_diameter:     8.7800
      baseline_diameter: 8.6425
      dia_ratio:         8.6425/8.7800 = 0.984339
      test_rpm:          1760.0
      baseline_rpm:      1775.0
      speed_ratio:       1775.0/1760.0 = 1.008523
      scaled_flow:  ['0.00', '427.03', '592.16', '702.68', '720.54', '738.66', '767.16', '972.89', '1134.41', '1234.93', '1315.51']
      scaled_head:  ['66.21', '62.18', '60.12', '58.23', '57.87', '57.46', '56.80', '50.32', '42.53', '36.97', '32.11']
      scaled_power: ['6.1138', '11.0825', '12.7222', '13.6934', '13.8085', '13.9743', '14.1253', '14.9075', '14.8005', '14.5072', '14.0780']
    [FINAL] plotted_flow:  [0.00 → 1315.51]
    [FINAL] plotted_head:  [66.21 → 32.11]
    [FINAL] plotted_power: [6.1138 → 14.0780]
    [FINAL] plotted_eff:   [0.00 → 75.64]

  ── [LOAD+SCALE] 99272278430010A1P ──
    trim=8.6600, stages=4, rpm=1760.0, filing='Fig1. To 0.03125'
    columns: ['curve_no', 'flow', 'speed', 'power_in', 'power_bowl_motor', 'power_bowl_dyno', 'power_pump_motor', 'power_pump_dyno', 'tdh_bowl', 'tdh_pump', 'eff_bowl_motor', 'eff_bowl_dyno', 'eff_pump_motor', 'eff_pump_dyno', 'eff_overall', 'npsha']
    rows: 9
    flow: 9 pts
      values: ['0.00', '595.88', '814.23', '954.09', '997.99', '1050.17', '1230.47', '1509.15', '1670.34']
    head ('tdh_bowl'): 9 pts
      values: ['302.87', '267.11', '256.66', '243.65', '238.74', '233.00', '208.96', '156.82', '121.68']
    power ('power_bowl_dyno'): all zero/negative — trying fallback
    power FALLBACK ('power_bowl_motor'): 9 pts
      values: ['38.3135', '61.1471', '70.3043', '74.6308', '75.7651', '76.9003', '79.4033', '78.8671', '75.7518']
    efficiency ('eff_bowl_motor'): 9 pts
      values: ['0.00', '65.62', '74.94', '78.52', '79.27', '80.21', '81.63', '75.65', '67.63']
    [STAGE NORM] 4-stage → dividing head & power by 4
      head BEFORE: ['302.87', '267.11', '256.66', '243.65', '238.74', '233.00', '208.96', '156.82', '121.68']
      head AFTER:  ['75.72', '66.78', '64.17', '60.91', '59.68', '58.25', '52.24', '39.21', '30.42']
      power BEFORE: ['38.3135', '61.1471', '70.3043', '74.6308', '75.7651', '76.9003', '79.4033', '78.8671', '75.7518']
      power AFTER:  ['9.5784', '15.2868', '17.5761', '18.6577', '18.9413', '19.2251', '19.8508', '19.7168', '18.9379']
    [AFFINITY]
      test_diameter:     8.6600
      baseline_diameter: 8.6425
      dia_ratio:         8.6425/8.6600 = 0.997979
      test_rpm:          1760.0
      baseline_rpm:      1775.0
      speed_ratio:       1775.0/1760.0 = 1.008523
      scaled_flow:  ['0.00', '599.74', '819.51', '960.28', '1004.47', '1056.98', '1238.45', '1518.94', '1681.17']
      scaled_head:  ['76.70', '67.65', '65.00', '61.70', '60.46', '59.01', '52.92', '39.72', '30.81']
      scaled_power: ['9.7659', '15.5861', '17.9202', '19.0230', '19.3122', '19.6015', '20.2395', '20.1028', '19.3088']
    [FINAL] plotted_flow:  [0.00 → 1681.17]
    [FINAL] plotted_head:  [76.70 → 30.81]
    [FINAL] plotted_power: [9.7659 → 19.3088]
    [FINAL] plotted_eff:   [0.00 → 67.63]

  ── [LOAD+SCALE] 99272271470010A1P ──
    trim=8.6100, stages=4, rpm=1760.0, filing='Fig1. To 0.03125'
    columns: ['curve_no', 'flow', 'speed', 'power_in', 'power_bowl_motor', 'power_bowl_dyno', 'power_pump_motor', 'power_pump_dyno', 'tdh_bowl', 'tdh_pump', 'eff_bowl_motor', 'eff_bowl_dyno', 'eff_pump_motor', 'eff_pump_dyno', 'eff_overall', 'npsha']
    rows: 10
    flow: 10 pts
      values: ['0.00', '412.49', '803.29', '959.37', '1004.24', '1061.24', '1250.39', '1501.91', '1658.74', '1731.30']
    head ('tdh_bowl'): 10 pts
      values: ['301.92', '272.85', '257.33', '243.06', '238.62', '232.57', '207.60', '162.16', '128.05', '110.14']
    power ('power_bowl_dyno'): all zero/negative — trying fallback
    power FALLBACK ('power_bowl_motor'): 10 pts
      values: ['38.2504', '52.5104', '70.1423', '75.2153', '76.3242', '77.6564', '80.4965', '80.1460', '77.6037', '75.8985']
    efficiency ('eff_bowl_motor'): 10 pts
      values: ['0.00', '54.11', '74.40', '78.27', '79.26', '80.24', '81.41', '76.72', '69.09', '63.43']
    [STAGE NORM] 4-stage → dividing head & power by 4
      head BEFORE: ['301.92', '272.85', '257.33', '243.06', '238.62', '232.57', '207.60', '162.16', '128.05', '110.14']
      head AFTER:  ['75.48', '68.21', '64.33', '60.76', '59.66', '58.14', '51.90', '40.54', '32.01', '27.53']
      power BEFORE: ['38.2504', '52.5104', '70.1423', '75.2153', '76.3242', '77.6564', '80.4965', '80.1460', '77.6037', '75.8985']
      power AFTER:  ['9.5626', '13.1276', '17.5356', '18.8038', '19.0810', '19.4141', '20.1241', '20.0365', '19.4009', '18.9746']
    [AFFINITY]
      test_diameter:     8.6100
      baseline_diameter: 8.6425
      dia_ratio:         8.6425/8.6100 = 1.003775
      test_rpm:          1760.0
      baseline_rpm:      1775.0
      speed_ratio:       1775.0/1760.0 = 1.008523
      scaled_flow:  ['0.00', '417.58', '813.19', '971.20', '1016.63', '1074.33', '1265.81', '1520.43', '1679.19', '1752.64']
      scaled_head:  ['77.35', '69.91', '65.93', '62.27', '61.14', '59.58', '53.19', '41.55', '32.81', '28.22']
      scaled_power: ['9.9207', '13.6192', '18.1922', '19.5080', '19.7956', '20.1411', '20.8777', '20.7868', '20.1274', '19.6852']
    [FINAL] plotted_flow:  [0.00 → 1752.64]
    [FINAL] plotted_head:  [77.35 → 28.22]
    [FINAL] plotted_power: [9.9207 → 19.6852]
    [FINAL] plotted_eff:   [0.00 → 63.43]

  ── [LOAD+SCALE] 99272286000010A1P ──
    trim=8.7600, stages=4, rpm=1760.0, filing='Fig1. To 0.03125'
    columns: ['curve_no', 'flow', 'speed', 'power_in', 'power_bowl_motor', 'power_bowl_dyno', 'power_pump_motor', 'power_pump_dyno', 'tdh_bowl', 'tdh_pump', 'eff_bowl_motor', 'eff_bowl_dyno', 'eff_pump_motor', 'eff_pump_dyno', 'eff_overall', 'npsha']
    rows: 12
    flow: 12 pts
      values: ['0.00', '599.61', '801.54', '910.04', '1001.11', '1073.16', '1213.19', '1354.31', '1514.65', '1619.70', '1763.50', '1869.48']
    head ('tdh_bowl'): 12 pts
      values: ['314.10', '277.85', '270.15', '262.21', '253.30', '246.18', '229.49', '207.60', '178.35', '158.73', '126.07', '95.20']
    power ('power_bowl_dyno'): all zero/negative — trying fallback
    power FALLBACK ('power_bowl_motor'): 12 pts
      values: ['40.1025', '64.2792', '74.0246', '78.3823', '81.1969', '83.1903', '86.1980', '87.9165', '87.8061', '86.7608', '84.6965', '81.3927']
    efficiency ('eff_bowl_motor'): 12 pts
      values: ['0.00', '65.34', '73.74', '76.74', '78.73', '80.06', '81.42', '80.62', '77.55', '74.70', '66.17', '55.12']
    [STAGE NORM] 4-stage → dividing head & power by 4
      head BEFORE: ['314.10', '277.85', '270.15', '262.21', '253.30', '246.18', '229.49', '207.60', '178.35', '158.73', '126.07', '95.20']
      head AFTER:  ['78.53', '69.46', '67.54', '65.55', '63.33', '61.55', '57.37', '51.90', '44.59', '39.68', '31.52', '23.80']
      power BEFORE: ['40.1025', '64.2792', '74.0246', '78.3823', '81.1969', '83.1903', '86.1980', '87.9165', '87.8061', '86.7608', '84.6965', '81.3927']
      power AFTER:  ['10.0256', '16.0698', '18.5061', '19.5956', '20.2992', '20.7976', '21.5495', '21.9791', '21.9515', '21.6902', '21.1741', '20.3482']
    [AFFINITY]
      test_diameter:     8.7600
      baseline_diameter: 8.6425
      dia_ratio:         8.6425/8.7600 = 0.986587
      test_rpm:          1760.0
      baseline_rpm:      1775.0
      speed_ratio:       1775.0/1760.0 = 1.008523
      scaled_flow:  ['0.00', '596.61', '797.53', '905.49', '996.10', '1067.79', '1207.12', '1347.53', '1507.07', '1611.60', '1754.67', '1860.12']
      scaled_head:  ['77.74', '68.77', '66.86', '64.90', '62.69', '60.93', '56.80', '51.38', '44.14', '39.29', '31.20', '23.56']
      scaled_power: ['9.8758', '15.8297', '18.2297', '19.3028', '19.9960', '20.4869', '21.2276', '21.6508', '21.6236', '21.3662', '20.8578', '20.0442']
    [FINAL] plotted_flow:  [0.00 → 1860.12]
    [FINAL] plotted_head:  [77.74 → 23.56]
    [FINAL] plotted_power: [9.8758 → 20.0442]
    [FINAL] plotted_eff:   [0.00 → 55.12]

  ── [LOAD+SCALE] 99272245040011A4P ──
    trim=8.8000, stages=9, rpm=1460.0, filing='Fig1. To 0.1875'
    columns: ['curve_no', 'flow', 'speed', 'power_in', 'power_bowl_motor', 'power_bowl_dyno', 'power_pump_motor', 'power_pump_dyno', 'tdh_bowl', 'tdh_pump', 'eff_bowl_motor', 'eff_bowl_dyno', 'eff_pump_motor', 'eff_pump_dyno', 'eff_overall', 'npsha']
    rows: 15
    flow: 15 pts
      values: ['0.00', '303.58', '423.97', '484.12', '502.20', '506.48', '525.67', '527.39', '530.48', '631.36', '783.47', '881.17', '944.53', '1011.65', '1056.55']
    head ('tdh_bowl'): 15 pts
      values: ['417.13', '396.62', '385.98', '379.35', '379.67', '379.48', '376.63', '376.73', '376.95', '361.02', '329.44', '294.47', '270.61', '244.18', '225.26']
    power ('power_bowl_dyno'): 15 pts
      values: ['31.9006', '56.5893', '65.5025', '68.9757', '70.0087', '70.2184', '71.1625', '71.1471', '71.0029', '77.0883', '82.0617', '82.2011', '81.4991', '80.3921', '79.4004']
    efficiency ('eff_bowl_dyno'): 15 pts
      values: ['0.00', '53.64', '62.98', '67.12', '68.66', '69.00', '70.13', '70.40', '71.00', '74.54', '79.29', '79.57', '79.06', '77.46', '75.56']
    [STAGE NORM] 9-stage → dividing head & power by 9
      head BEFORE: ['417.13', '396.62', '385.98', '379.35', '379.67', '379.48', '376.63', '376.73', '376.95', '361.02', '329.44', '294.47', '270.61', '244.18', '225.26']
      head AFTER:  ['46.35', '44.07', '42.89', '42.15', '42.19', '42.16', '41.85', '41.86', '41.88', '40.11', '36.60', '32.72', '30.07', '27.13', '25.03']
      power BEFORE: ['31.9006', '56.5893', '65.5025', '68.9757', '70.0087', '70.2184', '71.1625', '71.1471', '71.0029', '77.0883', '82.0617', '82.2011', '81.4991', '80.3921', '79.4004']
      power AFTER:  ['3.5445', '6.2877', '7.2781', '7.6640', '7.7787', '7.8020', '7.9069', '7.9052', '7.8892', '8.5654', '9.1180', '9.1335', '9.0555', '8.9325', '8.8223']
    [AFFINITY]
      test_diameter:     8.8000
      baseline_diameter: 8.6425
      dia_ratio:         8.6425/8.8000 = 0.982102
      test_rpm:          1460.0
      baseline_rpm:      1775.0
      speed_ratio:       1775.0/1460.0 = 1.215753
      scaled_flow:  ['0.00', '362.47', '506.22', '578.04', '599.63', '604.74', '627.64', '629.70', '633.40', '753.84', '935.46', '1052.11', '1127.76', '1207.90', '1261.51']
      scaled_head:  ['66.07', '62.83', '61.14', '60.09', '60.14', '60.11', '59.66', '59.67', '59.71', '57.19', '52.18', '46.64', '42.86', '38.68', '35.68']
      scaled_power: ['6.0334', '10.7028', '12.3886', '13.0455', '13.2409', '13.2805', '13.4591', '13.4562', '13.4289', '14.5798', '15.5205', '15.5468', '15.4141', '15.2047', '15.0171']
      ⚠ Speed change is 21.6% (>10%). Affinity law accuracy may be reduced.
    [FINAL] plotted_flow:  [0.00 → 1261.51]
    [FINAL] plotted_head:  [66.07 → 35.68]
    [FINAL] plotted_power: [6.0334 → 15.0171]
    [FINAL] plotted_eff:   [0.00 → 75.56]

  ── [LOAD+SCALE] 99272245040011B2P ──
    trim=8.8000, stages=9, rpm=1460.0, filing='Fig1. To 0.1875'
    columns: ['curve_no', 'flow', 'speed', 'power_in', 'power_bowl_motor', 'power_bowl_dyno', 'power_pump_motor', 'power_pump_dyno', 'tdh_bowl', 'tdh_pump', 'eff_bowl_motor', 'eff_bowl_dyno', 'eff_pump_motor', 'eff_pump_dyno', 'eff_overall', 'npsha']
    rows: 12
    flow: 12 pts
      values: ['0.00', '295.93', '401.48', '481.06', '512.02', '523.43', '631.18', '762.45', '843.74', '893.63', '982.77', '1056.94']
    head ('tdh_bowl'): 12 pts
      values: ['416.96', '397.51', '388.90', '383.63', '380.22', '379.26', '362.31', '337.94', '311.10', '293.48', '260.87', '226.34']
    power ('power_bowl_dyno'): 12 pts
      values: ['31.3050', '54.5310', '62.6948', '68.1467', '70.1641', '70.2203', '76.4068', '80.2032', '81.7764', '81.3062', '80.9098', '78.6333']
    efficiency ('eff_bowl_dyno'): 12 pts
      values: ['0.00', '54.38', '62.78', '68.27', '69.95', '71.27', '75.45', '80.99', '80.92', '81.32', '79.88', '76.69']
    [STAGE NORM] 9-stage → dividing head & power by 9
      head BEFORE: ['416.96', '397.51', '388.90', '383.63', '380.22', '379.26', '362.31', '337.94', '311.10', '293.48', '260.87', '226.34']
      head AFTER:  ['46.33', '44.17', '43.21', '42.63', '42.25', '42.14', '40.26', '37.55', '34.57', '32.61', '28.99', '25.15']
      power BEFORE: ['31.3050', '54.5310', '62.6948', '68.1467', '70.1641', '70.2203', '76.4068', '80.2032', '81.7764', '81.3062', '80.9098', '78.6333']
      power AFTER:  ['3.4783', '6.0590', '6.9661', '7.5719', '7.7960', '7.8023', '8.4896', '8.9115', '9.0863', '9.0340', '8.9900', '8.7370']
    [AFFINITY]
      test_diameter:     8.8000
      baseline_diameter: 8.6425
      dia_ratio:         8.6425/8.8000 = 0.982102
      test_rpm:          1460.0
      baseline_rpm:      1775.0
      speed_ratio:       1775.0/1460.0 = 1.215753
      scaled_flow:  ['0.00', '353.34', '479.36', '574.38', '611.35', '624.97', '753.62', '910.37', '1007.42', '1066.99', '1173.43', '1261.98']
      scaled_head:  ['66.05', '62.97', '61.60', '60.77', '60.23', '60.08', '57.39', '53.53', '49.28', '46.49', '41.32', '35.85']
      scaled_power: ['5.9208', '10.3135', '11.8576', '12.8887', '13.2703', '13.2809', '14.4509', '15.1690', '15.4665', '15.3776', '15.3026', '14.8720']
      ⚠ Speed change is 21.6% (>10%). Affinity law accuracy may be reduced.
    [FINAL] plotted_flow:  [0.00 → 1261.98]
    [FINAL] plotted_head:  [66.05 → 35.85]
    [FINAL] plotted_power: [5.9208 → 14.8720]
    [FINAL] plotted_eff:   [0.00 → 76.69]

  ── [LOAD+SCALE] 99272245040011A4P ──
    trim=8.8000, stages=9, rpm=1460.0, filing='Fig1. To 0.1875'
    columns: ['curve_no', 'flow', 'speed', 'power_in', 'power_bowl_motor', 'power_bowl_dyno', 'power_pump_motor', 'power_pump_dyno', 'tdh_bowl', 'tdh_pump', 'eff_bowl_motor', 'eff_bowl_dyno', 'eff_pump_motor', 'eff_pump_dyno', 'eff_overall', 'npsha']
    rows: 15
    flow: 15 pts
      values: ['0.00', '303.58', '423.97', '484.12', '502.20', '506.48', '525.67', '527.39', '530.48', '631.36', '783.47', '881.17', '944.53', '1011.65', '1056.55']
    head ('tdh_bowl'): 15 pts
      values: ['417.13', '396.62', '385.98', '379.35', '379.67', '379.48', '376.63', '376.73', '376.95', '361.02', '329.44', '294.47', '270.61', '244.18', '225.26']
    power ('power_bowl_dyno'): 15 pts
      values: ['31.9006', '56.5893', '65.5025', '68.9757', '70.0087', '70.2184', '71.1625', '71.1471', '71.0029', '77.0883', '82.0617', '82.2011', '81.4991', '80.3921', '79.4004']
    efficiency ('eff_bowl_dyno'): 15 pts
      values: ['0.00', '53.64', '62.98', '67.12', '68.66', '69.00', '70.13', '70.40', '71.00', '74.54', '79.29', '79.57', '79.06', '77.46', '75.56']
    [STAGE NORM] 9-stage → dividing head & power by 9
      head BEFORE: ['417.13', '396.62', '385.98', '379.35', '379.67', '379.48', '376.63', '376.73', '376.95', '361.02', '329.44', '294.47', '270.61', '244.18', '225.26']
      head AFTER:  ['46.35', '44.07', '42.89', '42.15', '42.19', '42.16', '41.85', '41.86', '41.88', '40.11', '36.60', '32.72', '30.07', '27.13', '25.03']
      power BEFORE: ['31.9006', '56.5893', '65.5025', '68.9757', '70.0087', '70.2184', '71.1625', '71.1471', '71.0029', '77.0883', '82.0617', '82.2011', '81.4991', '80.3921', '79.4004']
      power AFTER:  ['3.5445', '6.2877', '7.2781', '7.6640', '7.7787', '7.8020', '7.9069', '7.9052', '7.8892', '8.5654', '9.1180', '9.1335', '9.0555', '8.9325', '8.8223']
    [AFFINITY]
      test_diameter:     8.8000
      baseline_diameter: 8.6425
      dia_ratio:         8.6425/8.8000 = 0.982102
      test_rpm:          1460.0
      baseline_rpm:      1775.0
      speed_ratio:       1775.0/1460.0 = 1.215753
      scaled_flow:  ['0.00', '362.47', '506.22', '578.04', '599.63', '604.74', '627.64', '629.70', '633.40', '753.84', '935.46', '1052.11', '1127.76', '1207.90', '1261.51']
      scaled_head:  ['66.07', '62.83', '61.14', '60.09', '60.14', '60.11', '59.66', '59.67', '59.71', '57.19', '52.18', '46.64', '42.86', '38.68', '35.68']
      scaled_power: ['6.0334', '10.7028', '12.3886', '13.0455', '13.2409', '13.2805', '13.4591', '13.4562', '13.4289', '14.5798', '15.5205', '15.5468', '15.4141', '15.2047', '15.0171']
      ⚠ Speed change is 21.6% (>10%). Affinity law accuracy may be reduced.
    [FINAL] plotted_flow:  [0.00 → 1261.51]
    [FINAL] plotted_head:  [66.07 → 35.68]
    [FINAL] plotted_power: [6.0334 → 15.0171]
    [FINAL] plotted_eff:   [0.00 → 75.56]

  ── [LOAD+SCALE] 99272245040011A4P ──
    trim=8.8000, stages=9, rpm=1460.0, filing='Fig1. To 0.1875'
    columns: ['curve_no', 'flow', 'speed', 'power_in', 'power_bowl_motor', 'power_bowl_dyno', 'power_pump_motor', 'power_pump_dyno', 'tdh_bowl', 'tdh_pump', 'eff_bowl_motor', 'eff_bowl_dyno', 'eff_pump_motor', 'eff_pump_dyno', 'eff_overall', 'npsha']
    rows: 15
    flow: 15 pts
      values: ['0.00', '303.58', '423.97', '484.12', '502.20', '506.48', '525.67', '527.39', '530.48', '631.36', '783.47', '881.17', '944.53', '1011.65', '1056.55']
    head ('tdh_bowl'): 15 pts
      values: ['417.13', '396.62', '385.98', '379.35', '379.67', '379.48', '376.63', '376.73', '376.95', '361.02', '329.44', '294.47', '270.61', '244.18', '225.26']
    power ('power_bowl_dyno'): 15 pts
      values: ['31.9006', '56.5893', '65.5025', '68.9757', '70.0087', '70.2184', '71.1625', '71.1471', '71.0029', '77.0883', '82.0617', '82.2011', '81.4991', '80.3921', '79.4004']
    efficiency ('eff_bowl_dyno'): 15 pts
      values: ['0.00', '53.64', '62.98', '67.12', '68.66', '69.00', '70.13', '70.40', '71.00', '74.54', '79.29', '79.57', '79.06', '77.46', '75.56']
    [STAGE NORM] 9-stage → dividing head & power by 9
      head BEFORE: ['417.13', '396.62', '385.98', '379.35', '379.67', '379.48', '376.63', '376.73', '376.95', '361.02', '329.44', '294.47', '270.61', '244.18', '225.26']
      head AFTER:  ['46.35', '44.07', '42.89', '42.15', '42.19', '42.16', '41.85', '41.86', '41.88', '40.11', '36.60', '32.72', '30.07', '27.13', '25.03']
      power BEFORE: ['31.9006', '56.5893', '65.5025', '68.9757', '70.0087', '70.2184', '71.1625', '71.1471', '71.0029', '77.0883', '82.0617', '82.2011', '81.4991', '80.3921', '79.4004']
      power AFTER:  ['3.5445', '6.2877', '7.2781', '7.6640', '7.7787', '7.8020', '7.9069', '7.9052', '7.8892', '8.5654', '9.1180', '9.1335', '9.0555', '8.9325', '8.8223']
    [AFFINITY]
      test_diameter:     8.8000
      baseline_diameter: 8.6425
      dia_ratio:         8.6425/8.8000 = 0.982102
      test_rpm:          1460.0
      baseline_rpm:      1775.0
      speed_ratio:       1775.0/1460.0 = 1.215753
      scaled_flow:  ['0.00', '362.47', '506.22', '578.04', '599.63', '604.74', '627.64', '629.70', '633.40', '753.84', '935.46', '1052.11', '1127.76', '1207.90', '1261.51']
      scaled_head:  ['66.07', '62.83', '61.14', '60.09', '60.14', '60.11', '59.66', '59.67', '59.71', '57.19', '52.18', '46.64', '42.86', '38.68', '35.68']
      scaled_power: ['6.0334', '10.7028', '12.3886', '13.0455', '13.2409', '13.2805', '13.4591', '13.4562', '13.4289', '14.5798', '15.5205', '15.5468', '15.4141', '15.2047', '15.0171']
      ⚠ Speed change is 21.6% (>10%). Affinity law accuracy may be reduced.
    [FINAL] plotted_flow:  [0.00 → 1261.51]
    [FINAL] plotted_head:  [66.07 → 35.68]
    [FINAL] plotted_power: [6.0334 → 15.0171]
    [FINAL] plotted_eff:   [0.00 → 75.56]

  ── [LOAD+SCALE] 99272245060011A3P ──
    trim=8.8000, stages=7, rpm=1460.0, filing='Fig1. To 0.09375'
    columns: ['curve_no', 'flow', 'speed', 'power_in', 'power_bowl_motor', 'power_bowl_dyno', 'power_pump_motor', 'power_pump_dyno', 'tdh_bowl', 'tdh_pump', 'eff_bowl_motor', 'eff_bowl_dyno', 'eff_pump_motor', 'eff_pump_dyno', 'eff_overall', 'npsha']
    rows: 13
    flow: 13 pts
      values: ['0.00', '304.97', '399.32', '440.58', '477.85', '497.86', '516.50', '600.09', '756.76', '834.71', '927.02', '1021.92', '1101.69']
    head ('tdh_bowl'): 13 pts
      values: ['326.95', '309.82', '304.29', '302.12', '299.33', '296.90', '295.88', '286.75', '261.88', '245.48', '219.58', '189.76', '162.05']
    power ('power_bowl_dyno'): 13 pts
      values: ['27.0083', '43.0473', '48.7164', '50.5948', '52.4178', '53.7876', '54.6982', '58.9311', '63.4455', '63.5439', '64.1229', '62.7352', '60.7572']
    efficiency ('eff_bowl_dyno'): 13 pts
      values: ['0.00', '55.33', '62.88', '66.32', '68.79', '69.28', '70.43', '73.61', '78.74', '81.29', '80.02', '77.92', '74.07']
    [STAGE NORM] 7-stage → dividing head & power by 7
      head BEFORE: ['326.95', '309.82', '304.29', '302.12', '299.33', '296.90', '295.88', '286.75', '261.88', '245.48', '219.58', '189.76', '162.05']
      head AFTER:  ['46.71', '44.26', '43.47', '43.16', '42.76', '42.41', '42.27', '40.96', '37.41', '35.07', '31.37', '27.11', '23.15']
      power BEFORE: ['27.0083', '43.0473', '48.7164', '50.5948', '52.4178', '53.7876', '54.6982', '58.9311', '63.4455', '63.5439', '64.1229', '62.7352', '60.7572']
      power AFTER:  ['3.8583', '6.1496', '6.9595', '7.2278', '7.4883', '7.6839', '7.8140', '8.4187', '9.0636', '9.0777', '9.1604', '8.9622', '8.6796']
    [AFFINITY]
      test_diameter:     8.8000
      baseline_diameter: 8.6425
      dia_ratio:         8.6425/8.8000 = 0.982102
      test_rpm:          1460.0
      baseline_rpm:      1775.0
      speed_ratio:       1775.0/1460.0 = 1.215753
      scaled_flow:  ['0.00', '364.13', '476.79', '526.05', '570.55', '594.45', '616.69', '716.51', '903.57', '996.64', '1106.85', '1220.17', '1315.42']
      scaled_head:  ['66.59', '63.10', '61.97', '61.53', '60.96', '60.47', '60.26', '58.40', '53.33', '50.00', '44.72', '38.65', '33.00']
      scaled_power: ['6.5676', '10.4678', '11.8463', '12.3031', '12.7464', '13.0795', '13.3009', '14.3302', '15.4280', '15.4519', '15.5927', '15.2553', '14.7743']
      ⚠ Speed change is 21.6% (>10%). Affinity law accuracy may be reduced.
    [FINAL] plotted_flow:  [0.00 → 1315.42]
    [FINAL] plotted_head:  [66.59 → 33.00]
    [FINAL] plotted_power: [6.5676 → 14.7743]
    [FINAL] plotted_eff:   [0.00 → 74.07]

  ── [LOAD+SCALE] 99272245060011B2P ──
    trim=8.8000, stages=7, rpm=1460.0, filing='Fig1. To 0.09375'
    columns: ['curve_no', 'flow', 'speed', 'power_in', 'power_bowl_motor', 'power_bowl_dyno', 'power_pump_motor', 'power_pump_dyno', 'tdh_bowl', 'tdh_pump', 'eff_bowl_motor', 'eff_bowl_dyno', 'eff_pump_motor', 'eff_pump_dyno', 'eff_overall', 'npsha']
    rows: 14
    flow: 14 pts
      values: ['0.00', '275.16', '373.46', '436.97', '478.98', '501.29', '516.38', '628.55', '769.98', '803.26', '861.44', '959.60', '1023.26', '1080.44']
    head ('tdh_bowl'): 14 pts
      values: ['327.91', '311.34', '305.80', '300.83', '299.18', '297.98', '295.36', '284.72', '261.81', '253.51', '238.28', '209.87', '189.30', '169.54']
    power ('power_bowl_dyno'): 14 pts
      values: ['27.0806', '42.1583', '47.2980', '52.1770', '54.3040', '54.9664', '55.9737', '59.2409', '64.4099', '64.3465', '65.1112', '64.2590', '62.6989', '62.1819']
    efficiency ('eff_bowl_dyno'): 14 pts
      values: ['0.00', '51.23', '60.87', '63.51', '66.52', '68.51', '68.69', '76.15', '78.90', '79.78', '79.47', '79.01', '77.88', '74.26']
    [STAGE NORM] 7-stage → dividing head & power by 7
      head BEFORE: ['327.91', '311.34', '305.80', '300.83', '299.18', '297.98', '295.36', '284.72', '261.81', '253.51', '238.28', '209.87', '189.30', '169.54']
      head AFTER:  ['46.84', '44.48', '43.69', '42.98', '42.74', '42.57', '42.19', '40.67', '37.40', '36.22', '34.04', '29.98', '27.04', '24.22']
      power BEFORE: ['27.0806', '42.1583', '47.2980', '52.1770', '54.3040', '54.9664', '55.9737', '59.2409', '64.4099', '64.3465', '65.1112', '64.2590', '62.6989', '62.1819']
      power AFTER:  ['3.8687', '6.0226', '6.7569', '7.4539', '7.7577', '7.8523', '7.9962', '8.4630', '9.2014', '9.1924', '9.3016', '9.1799', '8.9570', '8.8831']
    [AFFINITY]
      test_diameter:     8.8000
      baseline_diameter: 8.6425
      dia_ratio:         8.6425/8.8000 = 0.982102
      test_rpm:          1460.0
      baseline_rpm:      1775.0
      speed_ratio:       1775.0/1460.0 = 1.215753
      scaled_flow:  ['0.00', '328.54', '445.91', '521.74', '571.90', '598.54', '616.55', '750.48', '919.35', '959.09', '1028.55', '1145.76', '1221.77', '1290.04']
      scaled_head:  ['66.78', '63.41', '62.28', '61.27', '60.93', '60.69', '60.15', '57.99', '53.32', '51.63', '48.53', '42.74', '38.55', '34.53']
      scaled_power: ['6.5852', '10.2516', '11.5014', '12.6878', '13.2050', '13.3661', '13.6111', '14.4056', '15.6625', '15.6471', '15.8330', '15.6258', '15.2464', '15.1207']
      ⚠ Speed change is 21.6% (>10%). Affinity law accuracy may be reduced.
    [FINAL] plotted_flow:  [0.00 → 1290.04]
    [FINAL] plotted_head:  [66.78 → 34.53]
    [FINAL] plotted_power: [6.5852 → 15.1207]
    [FINAL] plotted_eff:   [0.00 → 74.26]

  ── [LOAD+SCALE] 99272278430010A2P ──
    trim=8.6600, stages=4, rpm=1760.0, filing='Fig2. To 0.01'
    columns: ['curve_no', 'flow', 'speed', 'power_in', 'power_bowl_motor', 'power_bowl_dyno', 'power_pump_motor', 'power_pump_dyno', 'tdh_bowl', 'tdh_pump', 'eff_bowl_motor', 'eff_bowl_dyno', 'eff_pump_motor', 'eff_pump_dyno', 'eff_overall', 'npsha']
    rows: 13
    flow: 13 pts
      values: ['0.00', '377.30', '601.68', '816.08', '961.25', '1002.54', '1034.26', '1213.08', '1343.43', '1511.08', '1616.79', '1719.17', '1803.16']
    head ('tdh_bowl'): 13 pts
      values: ['307.99', '278.17', '268.11', '258.08', '245.36', '241.67', '238.34', '217.90', '196.57', '167.03', '143.95', '118.10', '98.26']
    power ('power_bowl_dyno'): all zero/negative — trying fallback
    power FALLBACK ('power_bowl_motor'): 13 pts
      values: ['39.5753', '52.1821', '62.4093', '71.4031', '76.2627', '77.3065', '78.0710', '81.4334', '82.7185', '82.3231', '80.7258', '78.6497', '76.5603']
    efficiency ('eff_bowl_motor'): 13 pts
      values: ['0.00', '50.70', '65.16', '74.36', '77.96', '79.01', '79.60', '81.83', '80.48', '77.29', '72.68', '65.08', '58.34']
    [STAGE NORM] 4-stage → dividing head & power by 4
      head BEFORE: ['307.99', '278.17', '268.11', '258.08', '245.36', '241.67', '238.34', '217.90', '196.57', '167.03', '143.95', '118.10', '98.26']
      head AFTER:  ['77.00', '69.54', '67.03', '64.52', '61.34', '60.42', '59.58', '54.47', '49.14', '41.76', '35.99', '29.52', '24.57']
      power BEFORE: ['39.5753', '52.1821', '62.4093', '71.4031', '76.2627', '77.3065', '78.0710', '81.4334', '82.7185', '82.3231', '80.7258', '78.6497', '76.5603']
      power AFTER:  ['9.8938', '13.0455', '15.6023', '17.8508', '19.0657', '19.3266', '19.5177', '20.3584', '20.6796', '20.5808', '20.1814', '19.6624', '19.1401']
    [AFFINITY]
      test_diameter:     8.6600
      baseline_diameter: 8.6425
      dia_ratio:         8.6425/8.6600 = 0.997979
      test_rpm:          1760.0
      baseline_rpm:      1775.0
      speed_ratio:       1775.0/1760.0 = 1.008523
      scaled_flow:  ['0.00', '379.75', '605.59', '821.37', '967.48', '1009.04', '1040.97', '1220.94', '1352.14', '1520.88', '1627.28', '1730.32', '1814.85']
      scaled_head:  ['78.00', '70.45', '67.90', '65.36', '62.14', '61.20', '60.36', '55.18', '49.78', '42.30', '36.45', '29.91', '24.89']
      scaled_power: ['10.0875', '13.3010', '15.9078', '18.2003', '19.4390', '19.7051', '19.8999', '20.7570', '21.0845', '20.9838', '20.5766', '20.0474', '19.5149']
    [FINAL] plotted_flow:  [0.00 → 1814.85]
    [FINAL] plotted_head:  [78.00 → 24.89]
    [FINAL] plotted_power: [10.0875 → 19.5149]
    [FINAL] plotted_eff:   [0.00 → 58.34]

  ── [LOAD+SCALE] 99272271470010A2P ──
    trim=8.6975, stages=4, rpm=1760.0, filing='Fig1. To 0.03125'
    columns: ['curve_no', 'flow', 'speed', 'power_in', 'power_bowl_motor', 'power_bowl_dyno', 'power_pump_motor', 'power_pump_dyno', 'tdh_bowl', 'tdh_pump', 'eff_bowl_motor', 'eff_bowl_dyno', 'eff_pump_motor', 'eff_pump_dyno', 'eff_overall', 'npsha']
    rows: 11
    flow: 11 pts
      values: ['0.00', '582.17', '811.93', '968.01', '993.74', '1027.95', '1247.05', '1502.42', '1617.00', '1691.83', '1778.34']
    head ('tdh_bowl'): 11 pts
      values: ['317.82', '277.81', '268.45', '255.01', '253.15', '249.56', '225.79', '180.28', '157.10', '140.14', '118.31']
    power ('power_bowl_dyno'): all zero/negative — trying fallback
    power FALLBACK ('power_bowl_motor'): 11 pts
      values: ['41.3481', '63.8536', '74.3996', '80.0922', '80.9461', '82.0687', '86.8875', '88.3298', '87.3483', '86.4574', '84.4863']
    efficiency ('eff_bowl_motor'): 11 pts
      values: ['0.00', '63.85', '73.85', '77.70', '78.35', '78.80', '81.69', '77.30', '73.31', '69.13', '62.78']
    [STAGE NORM] 4-stage → dividing head & power by 4
      head BEFORE: ['317.82', '277.81', '268.45', '255.01', '253.15', '249.56', '225.79', '180.28', '157.10', '140.14', '118.31']
      head AFTER:  ['79.45', '69.45', '67.11', '63.75', '63.29', '62.39', '56.45', '45.07', '39.27', '35.03', '29.58']
      power BEFORE: ['41.3481', '63.8536', '74.3996', '80.0922', '80.9461', '82.0687', '86.8875', '88.3298', '87.3483', '86.4574', '84.4863']
      power AFTER:  ['10.3370', '15.9634', '18.5999', '20.0231', '20.2365', '20.5172', '21.7219', '22.0825', '21.8371', '21.6143', '21.1216']
    [AFFINITY]
      test_diameter:     8.6975
      baseline_diameter: 8.6425
      dia_ratio:         8.6425/8.6975 = 0.993676
      test_rpm:          1760.0
      baseline_rpm:      1775.0
      speed_ratio:       1775.0/1760.0 = 1.008523
      scaled_flow:  ['0.00', '583.42', '813.67', '970.08', '995.87', '1030.15', '1249.73', '1505.64', '1620.47', '1695.46', '1782.16']
      scaled_head:  ['79.80', '69.75', '67.40', '64.03', '63.56', '62.66', '56.69', '45.26', '39.44', '35.19', '29.71']
      scaled_power: ['10.4037', '16.0663', '18.7199', '20.1522', '20.3670', '20.6495', '21.8620', '22.2249', '21.9779', '21.7537', '21.2578']
    [FINAL] plotted_flow:  [0.00 → 1782.16]
    [FINAL] plotted_head:  [79.80 → 29.71]
    [FINAL] plotted_power: [10.4037 → 21.2578]
    [FINAL] plotted_eff:   [0.00 → 62.78]

  ── [LOAD+SCALE] 99272268350010A1P ──
    trim=8.7800, stages=5, rpm=1760.0, filing='Fig1. To 0.03125'
    columns: ['curve_no', 'flow', 'speed', 'power_in', 'power_bowl_motor', 'power_bowl_dyno', 'power_pump_motor', 'power_pump_dyno', 'tdh_bowl', 'tdh_pump', 'eff_bowl_motor', 'eff_bowl_dyno', 'eff_pump_motor', 'eff_pump_dyno', 'eff_overall', 'npsha']
    rows: 11
    flow: 11 pts
      values: ['0.00', '607.25', '816.28', '924.21', '1009.03', '1081.79', '1186.49', '1519.56', '1588.63', '1802.17', '1850.88']
    head ('tdh_bowl'): 11 pts
      values: ['401.96', '349.74', '338.32', '327.11', '316.86', '306.38', '289.78', '219.23', '201.81', '139.35', '114.39']
    power ('power_bowl_dyno'): all zero/negative — trying fallback
    power FALLBACK ('power_bowl_motor'): 11 pts
      values: ['54.7776', '83.1857', '95.3717', '100.4836', '103.8655', '106.3055', '108.9849', '110.6224', '109.7649', '105.1738', '101.1390']
    efficiency ('eff_bowl_motor'): 11 pts
      values: ['0.00', '64.36', '73.00', '75.84', '77.60', '78.60', '79.53', '75.92', '73.63', '60.19', '52.77']
    [STAGE NORM] 5-stage → dividing head & power by 5
      head BEFORE: ['401.96', '349.74', '338.32', '327.11', '316.86', '306.38', '289.78', '219.23', '201.81', '139.35', '114.39']
      head AFTER:  ['80.39', '69.95', '67.66', '65.42', '63.37', '61.28', '57.96', '43.85', '40.36', '27.87', '22.88']
      power BEFORE: ['54.7776', '83.1857', '95.3717', '100.4836', '103.8655', '106.3055', '108.9849', '110.6224', '109.7649', '105.1738', '101.1390']
      power AFTER:  ['10.9555', '16.6371', '19.0743', '20.0967', '20.7731', '21.2611', '21.7970', '22.1245', '21.9530', '21.0348', '20.2278']
    [AFFINITY]
      test_diameter:     8.7800
      baseline_diameter: 8.6425
      dia_ratio:         8.6425/8.7800 = 0.984339
      test_rpm:          1760.0
      baseline_rpm:      1775.0
      speed_ratio:       1775.0/1760.0 = 1.008523
      scaled_flow:  ['0.00', '602.83', '810.35', '917.49', '1001.70', '1073.92', '1177.86', '1508.51', '1577.07', '1789.06', '1837.42']
      scaled_head:  ['79.23', '68.93', '66.68', '64.47', '62.45', '60.39', '57.12', '43.21', '39.78', '27.47', '22.55']
      scaled_power: ['10.7183', '16.2769', '18.6613', '19.6615', '20.3232', '20.8007', '21.3249', '21.6454', '21.4776', '20.5792', '19.7898']
    [FINAL] plotted_flow:  [0.00 → 1837.42]
    [FINAL] plotted_head:  [79.23 → 22.55]
    [FINAL] plotted_power: [10.7183 → 19.7898]
    [FINAL] plotted_eff:   [0.00 → 52.77]

  ── [LOAD+SCALE] 99272278180011A1P ──
    trim=8.6200, stages=3, rpm=1760.0, filing='Fig1. To 0.03125'
    columns: ['curve_no', 'flow', 'speed', 'power_in', 'power_bowl_motor', 'power_bowl_dyno', 'power_pump_motor', 'power_pump_dyno', 'tdh_bowl', 'tdh_pump', 'eff_bowl_motor', 'eff_bowl_dyno', 'eff_pump_motor', 'eff_pump_dyno', 'eff_overall', 'npsha']
    rows: 10
    flow: 10 pts
      values: ['0.00', '603.23', '811.41', '934.47', '997.29', '1048.02', '1223.38', '1509.58', '1612.58', '1777.18']
    head ('tdh_bowl'): 10 pts
      values: ['228.45', '199.35', '191.54', '182.66', '177.59', '173.61', '156.57', '116.62', '98.87', '68.30']
    power ('power_bowl_dyno'): all zero/negative — trying fallback
    power FALLBACK ('power_bowl_motor'): 10 pts
      values: ['29.1505', '47.0994', '53.7898', '56.8629', '58.1516', '58.9319', '60.9068', '60.7490', '59.3306', '56.5169']
    efficiency ('eff_bowl_motor'): 10 pts
      values: ['0.00', '64.36', '72.84', '75.67', '76.78', '77.83', '79.28', '73.05', '67.75', '54.14']
    [STAGE NORM] 3-stage → dividing head & power by 3
      head BEFORE: ['228.45', '199.35', '191.54', '182.66', '177.59', '173.61', '156.57', '116.62', '98.87', '68.30']
      head AFTER:  ['76.15', '66.45', '63.85', '60.89', '59.20', '57.87', '52.19', '38.87', '32.96', '22.77']
      power BEFORE: ['29.1505', '47.0994', '53.7898', '56.8629', '58.1516', '58.9319', '60.9068', '60.7490', '59.3306', '56.5169']
      power AFTER:  ['9.7168', '15.6998', '17.9299', '18.9543', '19.3839', '19.6440', '20.3023', '20.2497', '19.7769', '18.8390']
    [AFFINITY]
      test_diameter:     8.6200
      baseline_diameter: 8.6425
      dia_ratio:         8.6425/8.6200 = 1.002610
      test_rpm:          1760.0
      baseline_rpm:      1775.0
      speed_ratio:       1775.0/1760.0 = 1.008523
      scaled_flow:  ['0.00', '609.96', '820.46', '944.90', '1008.42', '1059.71', '1237.02', '1526.42', '1630.57', '1797.01']
      scaled_head:  ['77.86', '67.94', '65.28', '62.25', '60.52', '59.17', '53.36', '39.74', '33.70', '23.28']
      scaled_power: ['10.0457', '16.2311', '18.5367', '19.5957', '20.0398', '20.3087', '20.9893', '20.9349', '20.4461', '19.4765']
    [FINAL] plotted_flow:  [0.00 → 1797.01]
    [FINAL] plotted_head:  [77.86 → 23.28]
    [FINAL] plotted_power: [10.0457 → 19.4765]
    [FINAL] plotted_eff:   [0.00 → 54.14]

  ── [LOAD+SCALE] 99272278180011A1P ──
    trim=8.6200, stages=3, rpm=1760.0, filing='Fig1. To 0.03125'
    columns: ['curve_no', 'flow', 'speed', 'power_in', 'power_bowl_motor', 'power_bowl_dyno', 'power_pump_motor', 'power_pump_dyno', 'tdh_bowl', 'tdh_pump', 'eff_bowl_motor', 'eff_bowl_dyno', 'eff_pump_motor', 'eff_pump_dyno', 'eff_overall', 'npsha']
    rows: 10
    flow: 10 pts
      values: ['0.00', '603.23', '811.41', '934.47', '997.29', '1048.02', '1223.38', '1509.58', '1612.58', '1777.18']
    head ('tdh_bowl'): 10 pts
      values: ['228.45', '199.35', '191.54', '182.66', '177.59', '173.61', '156.57', '116.62', '98.87', '68.30']
    power ('power_bowl_dyno'): all zero/negative — trying fallback
    power FALLBACK ('power_bowl_motor'): 10 pts
      values: ['29.1505', '47.0994', '53.7898', '56.8629', '58.1516', '58.9319', '60.9068', '60.7490', '59.3306', '56.5169']
    efficiency ('eff_bowl_motor'): 10 pts
      values: ['0.00', '64.36', '72.84', '75.67', '76.78', '77.83', '79.28', '73.05', '67.75', '54.14']
    [STAGE NORM] 3-stage → dividing head & power by 3
      head BEFORE: ['228.45', '199.35', '191.54', '182.66', '177.59', '173.61', '156.57', '116.62', '98.87', '68.30']
      head AFTER:  ['76.15', '66.45', '63.85', '60.89', '59.20', '57.87', '52.19', '38.87', '32.96', '22.77']
      power BEFORE: ['29.1505', '47.0994', '53.7898', '56.8629', '58.1516', '58.9319', '60.9068', '60.7490', '59.3306', '56.5169']
      power AFTER:  ['9.7168', '15.6998', '17.9299', '18.9543', '19.3839', '19.6440', '20.3023', '20.2497', '19.7769', '18.8390']
    [AFFINITY]
      test_diameter:     8.6200
      baseline_diameter: 8.6425
      dia_ratio:         8.6425/8.6200 = 1.002610
      test_rpm:          1760.0
      baseline_rpm:      1775.0
      speed_ratio:       1775.0/1760.0 = 1.008523
      scaled_flow:  ['0.00', '609.96', '820.46', '944.90', '1008.42', '1059.71', '1237.02', '1526.42', '1630.57', '1797.01']
      scaled_head:  ['77.86', '67.94', '65.28', '62.25', '60.52', '59.17', '53.36', '39.74', '33.70', '23.28']
      scaled_power: ['10.0457', '16.2311', '18.5367', '19.5957', '20.0398', '20.3087', '20.9893', '20.9349', '20.4461', '19.4765']
    [FINAL] plotted_flow:  [0.00 → 1797.01]
    [FINAL] plotted_head:  [77.86 → 23.28]
    [FINAL] plotted_power: [10.0457 → 19.4765]
    [FINAL] plotted_eff:   [0.00 → 54.14]

  ── [LOAD+SCALE] 99272278580010A1P ──
    trim=8.6000, stages=5, rpm=1760.0, filing='Fig1. To 0.03125'
    columns: ['curve_no', 'flow', 'speed', 'power_in', 'power_bowl_motor', 'power_bowl_dyno', 'power_pump_motor', 'power_pump_dyno', 'tdh_bowl', 'tdh_pump', 'eff_bowl_motor', 'eff_bowl_dyno', 'eff_pump_motor', 'eff_pump_dyno', 'eff_overall', 'npsha']
    rows: 10
    flow: 10 pts
      values: ['0.00', '608.23', '786.79', '923.18', '1003.63', '1073.38', '1512.67', '1618.93', '1746.47', '1833.09']
    head ('tdh_bowl'): 10 pts
      values: ['377.68', '331.85', '320.67', '305.73', '294.97', '283.93', '189.52', '159.47', '118.72', '85.53']
    power ('power_bowl_dyno'): all zero/negative — trying fallback
    power FALLBACK ('power_bowl_motor'): 10 pts
      values: ['47.5429', '76.5615', '85.6771', '91.1087', '93.6046', '95.1466', '95.7166', '93.4520', '89.2912', '84.6344']
    efficiency ('eff_bowl_motor'): 10 pts
      values: ['0.00', '66.46', '74.24', '78.09', '79.73', '80.75', '75.50', '69.64', '58.54', '46.70']
    [STAGE NORM] 5-stage → dividing head & power by 5
      head BEFORE: ['377.68', '331.85', '320.67', '305.73', '294.97', '283.93', '189.52', '159.47', '118.72', '85.53']
      head AFTER:  ['75.54', '66.37', '64.13', '61.15', '58.99', '56.79', '37.90', '31.89', '23.74', '17.11']
      power BEFORE: ['47.5429', '76.5615', '85.6771', '91.1087', '93.6046', '95.1466', '95.7166', '93.4520', '89.2912', '84.6344']
      power AFTER:  ['9.5086', '15.3123', '17.1354', '18.2217', '18.7209', '19.0293', '19.1433', '18.6904', '17.8582', '16.9269']
    [AFFINITY]
      test_diameter:     8.6000
      baseline_diameter: 8.6425
      dia_ratio:         8.6425/8.6000 = 1.004942
      test_rpm:          1760.0
      baseline_rpm:      1775.0
      speed_ratio:       1775.0/1760.0 = 1.008523
      scaled_flow:  ['0.00', '616.45', '797.42', '935.65', '1017.19', '1087.88', '1533.10', '1640.80', '1770.06', '1857.85']
      scaled_head:  ['77.59', '68.18', '65.88', '62.81', '60.60', '58.33', '38.93', '32.76', '24.39', '17.57']
      scaled_power: ['9.8991', '15.9412', '17.8392', '18.9701', '19.4898', '19.8109', '19.9295', '19.4580', '18.5917', '17.6221']
    [FINAL] plotted_flow:  [0.00 → 1857.85]
    [FINAL] plotted_head:  [77.59 → 17.57]
    [FINAL] plotted_power: [9.8991 → 17.6221]
    [FINAL] plotted_eff:   [0.00 → 46.70]

  ── [LOAD+SCALE] 99272296820010A1P ──
    trim=8.7200, stages=8, rpm=1460.0, filing='Fig1. To 0.03125'
    columns: ['curve_no', 'flow', 'speed', 'power_in', 'power_bowl_motor', 'power_bowl_dyno', 'power_pump_motor', 'power_pump_dyno', 'tdh_bowl', 'tdh_pump', 'eff_bowl_motor', 'eff_bowl_dyno', 'eff_pump_motor', 'eff_pump_dyno', 'eff_overall', 'npsha']
    rows: 13
    flow: 13 pts
      values: ['0.00', '329.04', '484.38', '624.39', '716.80', '741.26', '770.03', '916.31', '1018.30', '1127.74', '1223.12', '1299.87', '1381.80']
    head ('tdh_bowl'): 13 pts
      values: ['442.06', '392.08', '381.74', '371.02', '359.22', '354.91', '351.94', '326.22', '301.65', '269.41', '239.72', '213.14', '182.77']
    power ('power_bowl_dyno'): all zero/negative — trying fallback
    power FALLBACK ('power_bowl_motor'): 13 pts
      values: ['54.2672', '67.0952', '78.2656', '87.2525', '91.3033', '90.6632', '91.4846', '99.2164', '101.1652', '101.7445', '100.5588', '99.0325', '96.9260']
    efficiency ('eff_bowl_motor'): 13 pts
      values: ['0.00', '48.47', '59.56', '66.93', '71.09', '73.15', '74.68', '75.95', '76.54', '75.28', '73.50', '70.52', '65.68']
    [STAGE NORM] 8-stage → dividing head & power by 8
      head BEFORE: ['442.06', '392.08', '381.74', '371.02', '359.22', '354.91', '351.94', '326.22', '301.65', '269.41', '239.72', '213.14', '182.77']
      head AFTER:  ['55.26', '49.01', '47.72', '46.38', '44.90', '44.36', '43.99', '40.78', '37.71', '33.68', '29.96', '26.64', '22.85']
      power BEFORE: ['54.2672', '67.0952', '78.2656', '87.2525', '91.3033', '90.6632', '91.4846', '99.2164', '101.1652', '101.7445', '100.5588', '99.0325', '96.9260']
      power AFTER:  ['6.7834', '8.3869', '9.7832', '10.9066', '11.4129', '11.3329', '11.4356', '12.4021', '12.6457', '12.7181', '12.5698', '12.3791', '12.1158']
    [AFFINITY]
      test_diameter:     8.7200
      baseline_diameter: 8.6425
      dia_ratio:         8.6425/8.7200 = 0.991112
      test_rpm:          1460.0
      baseline_rpm:      1775.0
      speed_ratio:       1775.0/1460.0 = 1.215753
      scaled_flow:  ['0.00', '396.47', '583.65', '752.36', '863.70', '893.18', '927.85', '1104.10', '1227.00', '1358.87', '1473.80', '1566.28', '1665.00']
      scaled_head:  ['80.23', '71.16', '69.28', '67.34', '65.19', '64.41', '63.87', '59.20', '54.75', '48.90', '43.51', '38.68', '33.17']
      scaled_power: ['11.8673', '14.6726', '17.1154', '19.0807', '19.9665', '19.8265', '20.0061', '21.6970', '22.1231', '22.2498', '21.9905', '21.6567', '21.1961']
      ⚠ Speed change is 21.6% (>10%). Affinity law accuracy may be reduced.
    [FINAL] plotted_flow:  [0.00 → 1665.00]
    [FINAL] plotted_head:  [80.23 → 33.17]
    [FINAL] plotted_power: [11.8673 → 21.1961]
    [FINAL] plotted_eff:   [0.00 → 65.68]

  ── [LOAD+SCALE] 99272302330010A1P ──
    trim=8.5000, stages=3, rpm=1785.0, filing='Fig1. To 0.19'
    columns: ['curve_no', 'flow', 'speed', 'power_in', 'power_bowl_motor', 'power_bowl_dyno', 'power_pump_motor', 'power_pump_dyno', 'tdh_bowl', 'tdh_pump', 'eff_bowl_motor', 'eff_bowl_dyno', 'eff_pump_motor', 'eff_pump_dyno', 'eff_overall', 'npsha']
    rows: 10
    flow: 10 pts
      values: ['0.01', '389.04', '590.36', '794.20', '954.87', '996.02', '1038.93', '1188.42', '1343.47', '1472.79']
    head ('tdh_bowl'): 10 pts
      values: ['192.54', '181.50', '174.02', '161.05', '148.04', '143.55', '138.71', '118.07', '91.77', '66.01']
    power ('power_bowl_dyno'): all zero/negative — trying fallback
    power FALLBACK ('power_bowl_motor'): 10 pts
      values: ['21.3325', '33.4915', '38.8709', '42.7609', '44.5432', '44.6720', '44.7446', '44.6044', '42.4207', '38.8660']
    efficiency ('eff_bowl_motor'): 10 pts
      values: ['0.00', '53.23', '66.72', '75.51', '80.12', '80.80', '81.31', '79.42', '73.37', '63.15']
    [STAGE NORM] 3-stage → dividing head & power by 3
      head BEFORE: ['192.54', '181.50', '174.02', '161.05', '148.04', '143.55', '138.71', '118.07', '91.77', '66.01']
      head AFTER:  ['64.18', '60.50', '58.01', '53.68', '49.35', '47.85', '46.24', '39.36', '30.59', '22.00']
      power BEFORE: ['21.3325', '33.4915', '38.8709', '42.7609', '44.5432', '44.6720', '44.7446', '44.6044', '42.4207', '38.8660']
      power AFTER:  ['7.1108', '11.1638', '12.9570', '14.2536', '14.8477', '14.8907', '14.9149', '14.8681', '14.1402', '12.9553']
    [AFFINITY]
      test_diameter:     8.5000
      baseline_diameter: 8.6425
      dia_ratio:         8.6425/8.5000 = 1.016765
      test_rpm:          1785.0
      baseline_rpm:      1775.0
      speed_ratio:       1775.0/1785.0 = 0.994398
      scaled_flow:  ['0.01', '393.35', '596.89', '802.99', '965.44', '1007.04', '1050.43', '1201.58', '1358.34', '1489.09']
      scaled_head:  ['65.61', '61.85', '59.30', '54.88', '50.45', '48.92', '47.27', '40.23', '31.27', '22.49']
      scaled_power: ['7.3496', '11.5387', '13.3920', '14.7322', '15.3462', '15.3906', '15.4156', '15.3673', '14.6150', '13.3903']
    [FINAL] plotted_flow:  [0.01 → 1489.09]
    [FINAL] plotted_head:  [65.61 → 22.49]
    [FINAL] plotted_power: [7.3496 → 13.3903]
    [FINAL] plotted_eff:   [0.00 → 63.15]

  ── [LOAD+SCALE] 99272292220010A1P ──
    trim=8.6800, stages=7, rpm=1760.0, filing='Fig1. To 0.03125'
    columns: ['curve_no', 'flow', 'speed', 'power_in', 'power_bowl_motor', 'power_bowl_dyno', 'power_pump_motor', 'power_pump_dyno', 'tdh_bowl', 'tdh_pump', 'eff_bowl_motor', 'eff_bowl_dyno', 'eff_pump_motor', 'eff_pump_dyno', 'eff_overall', 'npsha']
    rows: 11
    flow: 11 pts
      values: ['0.00', '386.70', '599.79', '803.37', '956.31', '1004.28', '1035.01', '1189.85', '1331.29', '1502.24', '1632.68']
    head ('tdh_bowl'): 11 pts
      values: ['544.86', '491.13', '475.60', '458.74', '434.80', '425.21', '418.81', '381.88', '340.74', '283.87', '231.35']
    power ('power_bowl_dyno'): all zero/negative — trying fallback
    power FALLBACK ('power_bowl_motor'): 11 pts
      values: ['72.0128', '94.4325', '112.1322', '128.1825', '137.1932', '139.6637', '140.7536', '145.0024', '146.3260', '144.4221', '140.5211']
    efficiency ('eff_bowl_motor'): 11 pts
      values: ['0.00', '50.70', '64.13', '72.48', '76.40', '77.08', '77.64', '79.00', '78.15', '74.44', '67.76']
    [STAGE NORM] 7-stage → dividing head & power by 7
      head BEFORE: ['544.86', '491.13', '475.60', '458.74', '434.80', '425.21', '418.81', '381.88', '340.74', '283.87', '231.35']
      head AFTER:  ['77.84', '70.16', '67.94', '65.53', '62.11', '60.74', '59.83', '54.55', '48.68', '40.55', '33.05']
      power BEFORE: ['72.0128', '94.4325', '112.1322', '128.1825', '137.1932', '139.6637', '140.7536', '145.0024', '146.3260', '144.4221', '140.5211']
      power AFTER:  ['10.2875', '13.4904', '16.0189', '18.3118', '19.5990', '19.9520', '20.1077', '20.7146', '20.9037', '20.6317', '20.0744']
    [AFFINITY]
      test_diameter:     8.6800
      baseline_diameter: 8.6425
      dia_ratio:         8.6425/8.6800 = 0.995680
      test_rpm:          1760.0
      baseline_rpm:      1775.0
      speed_ratio:       1775.0/1760.0 = 1.008523
      scaled_flow:  ['0.00', '388.31', '602.29', '806.72', '960.30', '1008.47', '1039.32', '1194.81', '1336.84', '1508.49', '1639.48']
      scaled_head:  ['78.49', '70.75', '68.51', '66.08', '62.63', '61.25', '60.33', '55.01', '49.08', '40.89', '33.33']
      scaled_power: ['10.4166', '13.6596', '16.2199', '18.5416', '19.8450', '20.2023', '20.3600', '20.9746', '21.1660', '20.8906', '20.3264']
    [FINAL] plotted_flow:  [0.00 → 1639.48]
    [FINAL] plotted_head:  [78.49 → 33.33]
    [FINAL] plotted_power: [10.4166 → 20.3264]
    [FINAL] plotted_eff:   [0.00 → 67.76]

  ── [LOAD+SCALE] 99272306570010A3P ──
    trim=8.5400, stages=6, rpm=1760.0, filing='Fig1. To 0.1875'
    ✗ no detail data

  ── [LOAD+SCALE] 99272314490010A1P ──
    trim=8.7600, stages=5, rpm=1760.0, filing='Fig1. To 0.1875'
    ✗ no detail data

  ── [LOAD+SCALE] 99272328430010A1P ──
    trim=8.6400, stages=7, rpm=1760.0, filing='Fig1. To 0.03125'
    ✗ no detail data

  ── [LOAD+SCALE] 99272324520010A1P ──
    trim=8.6800, stages=6, rpm=1760.0, filing='Fig1. To 0.03125'
    ✗ no detail data

  ── [LOAD+SCALE] 99272334250010A1P ──
    trim=8.7400, stages=8, rpm=1760.0, filing='Fig1. To 0.1875'
    ✗ no detail data

  ── [LOAD+SCALE] 99272284070010A1P ──
    trim=8.5700, stages=4, rpm=1785.0, filing='Fig1. To 0.1875'
    ✗ no detail data

  ── [LOAD+SCALE] 99272284070010B1P ──
    trim=8.5700, stages=4, rpm=1785.0, filing='Fig1. To 0.1875'
    ✗ no detail data

  ── [LOAD+SCALE] 99272284070010C1P ──
    trim=8.5700, stages=4, rpm=1785.0, filing='Fig1. To 0.1875'
    ✗ no detail data

  ── Group: PX baseline=8.3250, 12 tests, affinity=True ──

  ── [LOAD+SCALE] 99272265400010A1P ──
    trim=8.3300, stages=10, rpm=1785.0, filing='Fig1. To 0.1875'
    columns: ['curve_no', 'flow', 'speed', 'power_in', 'power_bowl_motor', 'power_bowl_dyno', 'power_pump_motor', 'power_pump_dyno', 'tdh_bowl', 'tdh_pump', 'eff_bowl_motor', 'eff_bowl_dyno', 'eff_pump_motor', 'eff_pump_dyno', 'eff_overall', 'npsha']
    rows: 9
    flow: 9 pts
      values: ['0.00', '397.58', '813.47', '953.47', '999.49', '1032.12', '1204.72', '1298.55', '1367.93']
    head ('tdh_bowl'): 9 pts
      values: ['609.32', '570.74', '486.19', '437.81', '419.50', '403.88', '311.13', '253.81', '204.86']
    power ('power_bowl_dyno'): all zero/negative — trying fallback
    power FALLBACK ('power_bowl_motor'): 9 pts
      values: ['59.4719', '98.4268', '123.1701', '124.4085', '124.6356', '124.2831', '118.4446', '111.5278', '104.3905']
    efficiency ('eff_bowl_motor'): 9 pts
      values: ['0.00', '58.20', '81.06', '84.71', '84.93', '84.68', '79.89', '74.60', '67.77']
    [STAGE NORM] 10-stage → dividing head & power by 10
      head BEFORE: ['609.32', '570.74', '486.19', '437.81', '419.50', '403.88', '311.13', '253.81', '204.86']
      head AFTER:  ['60.93', '57.07', '48.62', '43.78', '41.95', '40.39', '31.11', '25.38', '20.49']
      power BEFORE: ['59.4719', '98.4268', '123.1701', '124.4085', '124.6356', '124.2831', '118.4446', '111.5278', '104.3905']
      power AFTER:  ['5.9472', '9.8427', '12.3170', '12.4408', '12.4636', '12.4283', '11.8445', '11.1528', '10.4391']
    [AFFINITY]
      test_diameter:     8.3300
      baseline_diameter: 8.3250
      dia_ratio:         8.3250/8.3300 = 0.999400
      test_rpm:          1785.0
      baseline_rpm:      1775.0
      speed_ratio:       1775.0/1785.0 = 0.994398
      scaled_flow:  ['0.00', '395.11', '808.42', '947.56', '993.30', '1025.72', '1197.26', '1290.50', '1359.45']
      scaled_head:  ['60.18', '56.37', '48.02', '43.24', '41.43', '39.89', '30.73', '25.07', '20.23']
      scaled_power: ['5.8373', '9.6608', '12.0894', '12.2109', '12.2332', '12.1986', '11.6256', '10.9467', '10.2461']
    [FINAL] plotted_flow:  [0.00 → 1359.45]
    [FINAL] plotted_head:  [60.18 → 20.23]
    [FINAL] plotted_power: [5.8373 → 10.2461]
    [FINAL] plotted_eff:   [0.00 → 67.77]

  ── [LOAD+SCALE] 99272265400010A2P ──
    trim=8.3300, stages=10, rpm=1785.0, filing='Fig1. To 0.1875'
    columns: ['curve_no', 'flow', 'speed', 'power_in', 'power_bowl_motor', 'power_bowl_dyno', 'power_pump_motor', 'power_pump_dyno', 'tdh_bowl', 'tdh_pump', 'eff_bowl_motor', 'eff_bowl_dyno', 'eff_pump_motor', 'eff_pump_dyno', 'eff_overall', 'npsha']
    rows: 11
    flow: 11 pts
      values: ['0.00', '402.71', '825.66', '947.46', '965.90', '996.63', '1013.80', '1049.37', '1200.77', '1311.68', '1377.34']
    head ('tdh_bowl'): 11 pts
      values: ['619.73', '581.69', '494.11', '449.10', '441.94', '429.12', '420.26', '403.88', '321.70', '251.06', '208.57']
    power ('power_bowl_dyno'): all zero/negative — trying fallback
    power FALLBACK ('power_bowl_motor'): 11 pts
      values: ['62.0035', '102.6053', '127.1366', '128.0737', '128.1402', '127.9764', '127.8900', '127.5687', '122.1627', '113.9615', '107.8311']
    efficiency ('eff_bowl_motor'): 11 pts
      values: ['0.00', '57.64', '81.01', '83.87', '84.10', '84.37', '84.10', '83.87', '79.83', '72.95', '67.26']
    [STAGE NORM] 10-stage → dividing head & power by 10
      head BEFORE: ['619.73', '581.69', '494.11', '449.10', '441.94', '429.12', '420.26', '403.88', '321.70', '251.06', '208.57']
      head AFTER:  ['61.97', '58.17', '49.41', '44.91', '44.19', '42.91', '42.03', '40.39', '32.17', '25.11', '20.86']
      power BEFORE: ['62.0035', '102.6053', '127.1366', '128.0737', '128.1402', '127.9764', '127.8900', '127.5687', '122.1627', '113.9615', '107.8311']
      power AFTER:  ['6.2004', '10.2605', '12.7137', '12.8074', '12.8140', '12.7976', '12.7890', '12.7569', '12.2163', '11.3962', '10.7831']
    [AFFINITY]
      test_diameter:     8.3300
      baseline_diameter: 8.3250
      dia_ratio:         8.3250/8.3300 = 0.999400
      test_rpm:          1785.0
      baseline_rpm:      1775.0
      speed_ratio:       1775.0/1785.0 = 0.994398
      scaled_flow:  ['0.00', '400.21', '820.54', '941.58', '959.91', '990.45', '1007.52', '1042.86', '1193.33', '1303.55', '1368.80']
      scaled_head:  ['61.21', '57.45', '48.80', '44.36', '43.65', '42.38', '41.51', '39.89', '31.77', '24.80', '20.60']
      scaled_power: ['6.0858', '10.0709', '12.4787', '12.5707', '12.5772', '12.5611', '12.5526', '12.5211', '11.9905', '11.1855', '10.5838']
    [FINAL] plotted_flow:  [0.00 → 1368.80]
    [FINAL] plotted_head:  [61.21 → 20.60]
    [FINAL] plotted_power: [6.0858 → 10.5838]
    [FINAL] plotted_eff:   [0.00 → 67.26]

  ── [LOAD+SCALE] 99272269620010A1P ──
    trim=8.4500, stages=5, rpm=1490.0, filing='Fig1. To 0.03125'
    columns: ['curve_no', 'flow', 'speed', 'power_in', 'power_bowl_motor', 'power_bowl_dyno', 'power_pump_motor', 'power_pump_dyno', 'tdh_bowl', 'tdh_pump', 'eff_bowl_motor', 'eff_bowl_dyno', 'eff_pump_motor', 'eff_pump_dyno', 'eff_overall', 'npsha']
    rows: 10
    flow: 10 pts
      values: ['0.00', '366.05', '547.05', '709.13', '822.43', '878.87', '929.45', '1052.28', '1309.95', '1447.05']
    head ('tdh_bowl'): 10 pts
      values: ['257.61', '231.81', '224.41', '214.05', '202.95', '196.45', '189.53', '171.28', '124.22', '90.70']
    power ('power_bowl_dyno'): 10 pts
      values: ['28.2066', '40.1255', '47.1060', '52.3133', '55.0931', '56.0461', '56.6855', '57.5405', '56.3828', '53.2193']
    efficiency ('eff_bowl_dyno'): 10 pts
      values: ['0.00', '53.39', '65.79', '73.25', '76.48', '77.77', '78.46', '79.08', '72.86', '62.26']
    [STAGE NORM] 5-stage → dividing head & power by 5
      head BEFORE: ['257.61', '231.81', '224.41', '214.05', '202.95', '196.45', '189.53', '171.28', '124.22', '90.70']
      head AFTER:  ['51.52', '46.36', '44.88', '42.81', '40.59', '39.29', '37.91', '34.26', '24.84', '18.14']
      power BEFORE: ['28.2066', '40.1255', '47.1060', '52.3133', '55.0931', '56.0461', '56.6855', '57.5405', '56.3828', '53.2193']
      power AFTER:  ['5.6413', '8.0251', '9.4212', '10.4627', '11.0186', '11.2092', '11.3371', '11.5081', '11.2766', '10.6439']
    [AFFINITY]
      test_diameter:     8.4500
      baseline_diameter: 8.3250
      dia_ratio:         8.3250/8.4500 = 0.985207
      test_rpm:          1490.0
      baseline_rpm:      1775.0
      speed_ratio:       1775.0/1490.0 = 1.191275
      scaled_flow:  ['0.00', '429.62', '642.05', '832.28', '965.25', '1031.49', '1090.86', '1235.01', '1537.43', '1698.33']
      scaled_head:  ['70.97', '63.86', '61.82', '58.97', '55.91', '54.12', '52.21', '47.19', '34.22', '24.99']
      scaled_power: ['9.1201', '12.9739', '15.2309', '16.9146', '17.8134', '18.1215', '18.3282', '18.6047', '18.2304', '17.2075']
      ⚠ Speed change is 19.1% (>10%). Affinity law accuracy may be reduced.
    [FINAL] plotted_flow:  [0.00 → 1698.33]
    [FINAL] plotted_head:  [70.97 → 24.99]
    [FINAL] plotted_power: [9.1201 → 17.2075]
    [FINAL] plotted_eff:   [0.00 → 62.26]

  ── [LOAD+SCALE] 99272269620010C1P ──
    trim=8.4500, stages=5, rpm=1490.0, filing='Fig1. To 0.03125'
    columns: ['curve_no', 'flow', 'speed', 'power_in', 'power_bowl_motor', 'power_bowl_dyno', 'power_pump_motor', 'power_pump_dyno', 'tdh_bowl', 'tdh_pump', 'eff_bowl_motor', 'eff_bowl_dyno', 'eff_pump_motor', 'eff_pump_dyno', 'eff_overall', 'npsha']
    rows: 10
    flow: 10 pts
      values: ['0.00', '336.21', '507.19', '686.24', '828.29', '868.10', '901.71', '1050.46', '1259.47', '1442.80']
    head ('tdh_bowl'): 10 pts
      values: ['260.01', '234.38', '226.53', '215.93', '202.66', '197.69', '193.78', '171.18', '132.52', '90.22']
    power ('power_bowl_dyno'): 10 pts
      values: ['28.1427', '38.1727', '44.6095', '50.4479', '53.7812', '54.6150', '55.1258', '56.3571', '55.6116', '51.7465']
    efficiency ('eff_bowl_dyno'): 10 pts
      values: ['0.00', '52.12', '65.02', '74.15', '78.80', '79.33', '80.02', '80.55', '75.77', '63.50']
    [STAGE NORM] 5-stage → dividing head & power by 5
      head BEFORE: ['260.01', '234.38', '226.53', '215.93', '202.66', '197.69', '193.78', '171.18', '132.52', '90.22']
      head AFTER:  ['52.00', '46.88', '45.31', '43.19', '40.53', '39.54', '38.76', '34.24', '26.50', '18.04']
      power BEFORE: ['28.1427', '38.1727', '44.6095', '50.4479', '53.7812', '54.6150', '55.1258', '56.3571', '55.6116', '51.7465']
      power AFTER:  ['5.6285', '7.6345', '8.9219', '10.0896', '10.7562', '10.9230', '11.0252', '11.2714', '11.1223', '10.3493']
    [AFFINITY]
      test_diameter:     8.4500
      baseline_diameter: 8.3250
      dia_ratio:         8.3250/8.4500 = 0.985207
      test_rpm:          1490.0
      baseline_rpm:      1775.0
      speed_ratio:       1775.0/1490.0 = 1.191275
      scaled_flow:  ['0.00', '394.60', '595.27', '805.40', '972.13', '1018.85', '1058.30', '1232.87', '1478.18', '1693.34']
      scaled_head:  ['71.63', '64.57', '62.41', '59.49', '55.83', '54.46', '53.39', '47.16', '36.51', '24.85']
      scaled_power: ['9.0994', '12.3425', '14.4237', '16.3114', '17.3892', '17.6588', '17.8239', '18.2220', '17.9810', '16.7313']
      ⚠ Speed change is 19.1% (>10%). Affinity law accuracy may be reduced.
    [FINAL] plotted_flow:  [0.00 → 1693.34]
    [FINAL] plotted_head:  [71.63 → 24.85]
    [FINAL] plotted_power: [9.0994 → 16.7313]
    [FINAL] plotted_eff:   [0.00 → 63.50]

  ── [LOAD+SCALE] 99272269620010E1P ──
    trim=8.4500, stages=5, rpm=1490.0, filing='Fig1. To 0.03125'
    columns: ['curve_no', 'flow', 'speed', 'power_in', 'power_bowl_motor', 'power_bowl_dyno', 'power_pump_motor', 'power_pump_dyno', 'tdh_bowl', 'tdh_pump', 'eff_bowl_motor', 'eff_bowl_dyno', 'eff_pump_motor', 'eff_pump_dyno', 'eff_overall', 'npsha']
    rows: 10
    flow: 10 pts
      values: ['0.00', '352.59', '506.55', '688.17', '810.09', '869.10', '923.55', '1038.17', '1262.87', '1446.81']
    head ('tdh_bowl'): 10 pts
      values: ['256.64', '232.49', '226.20', '215.46', '204.32', '197.94', '190.65', '174.54', '135.05', '91.97']
    power ('power_bowl_dyno'): 10 pts
      values: ['27.4598', '38.8439', '44.7085', '50.8862', '53.8783', '55.0390', '55.7296', '56.6939', '56.4192', '52.7103']
    efficiency ('eff_bowl_dyno'): 10 pts
      values: ['0.00', '53.27', '64.70', '73.56', '77.55', '78.91', '79.76', '80.69', '76.32', '63.73']
    [STAGE NORM] 5-stage → dividing head & power by 5
      head BEFORE: ['256.64', '232.49', '226.20', '215.46', '204.32', '197.94', '190.65', '174.54', '135.05', '91.97']
      head AFTER:  ['51.33', '46.50', '45.24', '43.09', '40.86', '39.59', '38.13', '34.91', '27.01', '18.39']
      power BEFORE: ['27.4598', '38.8439', '44.7085', '50.8862', '53.8783', '55.0390', '55.7296', '56.6939', '56.4192', '52.7103']
      power AFTER:  ['5.4920', '7.7688', '8.9417', '10.1772', '10.7757', '11.0078', '11.1459', '11.3388', '11.2838', '10.5421']
    [AFFINITY]
      test_diameter:     8.4500
      baseline_diameter: 8.3250
      dia_ratio:         8.3250/8.4500 = 0.985207
      test_rpm:          1490.0
      baseline_rpm:      1775.0
      speed_ratio:       1775.0/1490.0 = 1.191275
      scaled_flow:  ['0.00', '413.81', '594.52', '807.67', '950.76', '1020.03', '1083.92', '1218.45', '1482.18', '1698.05']
      scaled_head:  ['70.70', '64.05', '62.31', '59.36', '56.29', '54.53', '52.52', '48.09', '37.21', '25.34']
      scaled_power: ['8.8786', '12.5595', '14.4557', '16.4531', '17.4206', '17.7959', '18.0192', '18.3310', '18.2421', '17.0429']
      ⚠ Speed change is 19.1% (>10%). Affinity law accuracy may be reduced.
    [FINAL] plotted_flow:  [0.00 → 1698.05]
    [FINAL] plotted_head:  [70.70 → 25.34]
    [FINAL] plotted_power: [8.8786 → 17.0429]
    [FINAL] plotted_eff:   [0.00 → 63.73]

  ── [LOAD+SCALE] 99272269620010F1P ──
    trim=8.4500, stages=5, rpm=1490.0, filing='Fig1. To 0.03125'
    columns: ['curve_no', 'flow', 'speed', 'power_in', 'power_bowl_motor', 'power_bowl_dyno', 'power_pump_motor', 'power_pump_dyno', 'tdh_bowl', 'tdh_pump', 'eff_bowl_motor', 'eff_bowl_dyno', 'eff_pump_motor', 'eff_pump_dyno', 'eff_overall', 'npsha']
    rows: 10
    flow: 10 pts
      values: ['0.00', '364.92', '510.04', '700.77', '810.63', '869.34', '946.10', '1046.25', '1272.91', '1463.67']
    head ('tdh_bowl'): 10 pts
      values: ['251.10', '232.85', '227.59', '217.31', '205.98', '199.24', '189.48', '175.59', '136.39', '95.06']
    power ('power_bowl_dyno'): 10 pts
      values: ['26.5558', '40.0172', '45.4681', '51.9652', '54.5939', '55.7150', '56.6754', '57.4155', '57.4121', '53.7066']
    efficiency ('eff_bowl_dyno'): 10 pts
      values: ['0.00', '53.60', '64.45', '73.98', '77.21', '78.49', '79.85', '80.78', '76.34', '65.40']
    [STAGE NORM] 5-stage → dividing head & power by 5
      head BEFORE: ['251.10', '232.85', '227.59', '217.31', '205.98', '199.24', '189.48', '175.59', '136.39', '95.06']
      head AFTER:  ['50.22', '46.57', '45.52', '43.46', '41.20', '39.85', '37.90', '35.12', '27.28', '19.01']
      power BEFORE: ['26.5558', '40.0172', '45.4681', '51.9652', '54.5939', '55.7150', '56.6754', '57.4155', '57.4121', '53.7066']
      power AFTER:  ['5.3112', '8.0034', '9.0936', '10.3930', '10.9188', '11.1430', '11.3351', '11.4831', '11.4824', '10.7413']
    [AFFINITY]
      test_diameter:     8.4500
      baseline_diameter: 8.3250
      dia_ratio:         8.3250/8.4500 = 0.985207
      test_rpm:          1490.0
      baseline_rpm:      1775.0
      speed_ratio:       1775.0/1490.0 = 1.191275
      scaled_flow:  ['0.00', '428.29', '598.61', '822.47', '951.40', '1020.31', '1110.39', '1227.94', '1493.95', '1717.84']
      scaled_head:  ['69.18', '64.15', '62.70', '59.87', '56.75', '54.89', '52.20', '48.37', '37.57', '26.19']
      scaled_power: ['8.5863', '12.9389', '14.7013', '16.8020', '17.6520', '18.0145', '18.3250', '18.5643', '18.5632', '17.3651']
      ⚠ Speed change is 19.1% (>10%). Affinity law accuracy may be reduced.
    [FINAL] plotted_flow:  [0.00 → 1717.84]
    [FINAL] plotted_head:  [69.18 → 26.19]
    [FINAL] plotted_power: [8.5863 → 17.3651]
    [FINAL] plotted_eff:   [0.00 → 65.40]

  ── [LOAD+SCALE] 99272269620010G1P ──
    trim=8.4500, stages=5, rpm=1490.0, filing='Fig1. To 0.03125'
    columns: ['curve_no', 'flow', 'speed', 'power_in', 'power_bowl_motor', 'power_bowl_dyno', 'power_pump_motor', 'power_pump_dyno', 'tdh_bowl', 'tdh_pump', 'eff_bowl_motor', 'eff_bowl_dyno', 'eff_pump_motor', 'eff_pump_dyno', 'eff_overall', 'npsha']
    rows: 10
    flow: 10 pts
      values: ['0.00', '363.30', '505.97', '691.77', '829.26', '868.47', '925.91', '1037.58', '1256.78', '1431.53']
    head ('tdh_bowl'): 10 pts
      values: ['255.60', '231.04', '225.92', '214.75', '201.14', '196.06', '188.26', '172.13', '131.11', '89.22']
    power ('power_bowl_dyno'): 10 pts
      values: ['26.3687', '38.4435', '44.0840', '50.4489', '53.6170', '54.2917', '54.9471', '55.7383', '55.0747', '51.1998']
    efficiency ('eff_bowl_dyno'): 10 pts
      values: ['0.00', '55.12', '65.46', '74.34', '78.54', '79.18', '80.09', '80.89', '75.53', '62.97']
    [STAGE NORM] 5-stage → dividing head & power by 5
      head BEFORE: ['255.60', '231.04', '225.92', '214.75', '201.14', '196.06', '188.26', '172.13', '131.11', '89.22']
      head AFTER:  ['51.12', '46.21', '45.18', '42.95', '40.23', '39.21', '37.65', '34.43', '26.22', '17.84']
      power BEFORE: ['26.3687', '38.4435', '44.0840', '50.4489', '53.6170', '54.2917', '54.9471', '55.7383', '55.0747', '51.1998']
      power AFTER:  ['5.2737', '7.6887', '8.8168', '10.0898', '10.7234', '10.8583', '10.9894', '11.1477', '11.0149', '10.2400']
    [AFFINITY]
      test_diameter:     8.4500
      baseline_diameter: 8.3250
      dia_ratio:         8.3250/8.4500 = 0.985207
      test_rpm:          1490.0
      baseline_rpm:      1775.0
      speed_ratio:       1775.0/1490.0 = 1.191275
      scaled_flow:  ['0.00', '426.38', '593.83', '811.89', '973.26', '1019.29', '1086.70', '1217.75', '1475.03', '1680.12']
      scaled_head:  ['70.41', '63.65', '62.24', '59.16', '55.41', '54.01', '51.86', '47.42', '36.12', '24.58']
      scaled_power: ['8.5259', '12.4300', '14.2538', '16.3117', '17.3361', '17.5542', '17.7662', '18.0220', '17.8074', '16.5545']
      ⚠ Speed change is 19.1% (>10%). Affinity law accuracy may be reduced.
    [FINAL] plotted_flow:  [0.00 → 1680.12]
    [FINAL] plotted_head:  [70.41 → 24.58]
    [FINAL] plotted_power: [8.5259 → 16.5545]
    [FINAL] plotted_eff:   [0.00 → 62.97]

  ── [LOAD+SCALE] 99272269620010H1P ──
    trim=8.4500, stages=5, rpm=1490.0, filing='Fig1. To 0.03125'
    columns: ['curve_no', 'flow', 'speed', 'power_in', 'power_bowl_motor', 'power_bowl_dyno', 'power_pump_motor', 'power_pump_dyno', 'tdh_bowl', 'tdh_pump', 'eff_bowl_motor', 'eff_bowl_dyno', 'eff_pump_motor', 'eff_pump_dyno', 'eff_overall', 'npsha']
    rows: 11
    flow: 11 pts
      values: ['0.00', '388.71', '533.14', '696.12', '696.30', '815.62', '873.78', '926.60', '1052.27', '1252.85', '1434.87']
    head ('tdh_bowl'): 11 pts
      values: ['256.38', '230.25', '224.89', '214.66', '214.71', '203.35', '196.14', '189.49', '169.92', '132.20', '90.09']
    power ('power_bowl_dyno'): 11 pts
      values: ['28.9248', '41.6398', '47.0029', '52.2134', '52.3598', '54.7853', '55.8824', '56.7667', '57.6942', '57.6150', '53.4605']
    efficiency ('eff_bowl_dyno'): 11 pts
      values: ['0.00', '54.26', '64.40', '72.25', '72.08', '76.43', '77.43', '78.08', '78.24', '72.58', '61.04']
    [STAGE NORM] 5-stage → dividing head & power by 5
      head BEFORE: ['256.38', '230.25', '224.89', '214.66', '214.71', '203.35', '196.14', '189.49', '169.92', '132.20', '90.09']
      head AFTER:  ['51.28', '46.05', '44.98', '42.93', '42.94', '40.67', '39.23', '37.90', '33.98', '26.44', '18.02']
      power BEFORE: ['28.9248', '41.6398', '47.0029', '52.2134', '52.3598', '54.7853', '55.8824', '56.7667', '57.6942', '57.6150', '53.4605']
      power AFTER:  ['5.7850', '8.3280', '9.4006', '10.4427', '10.4720', '10.9571', '11.1765', '11.3533', '11.5388', '11.5230', '10.6921']
    [AFFINITY]
      test_diameter:     8.4500
      baseline_diameter: 8.3250
      dia_ratio:         8.3250/8.4500 = 0.985207
      test_rpm:          1490.0
      baseline_rpm:      1775.0
      speed_ratio:       1775.0/1490.0 = 1.191275
      scaled_flow:  ['0.00', '456.20', '625.73', '817.00', '817.22', '957.26', '1025.52', '1087.51', '1234.99', '1470.41', '1684.04']
      scaled_head:  ['70.63', '63.43', '61.96', '59.14', '59.15', '56.02', '54.04', '52.20', '46.81', '36.42', '24.82']
      scaled_power: ['9.3523', '13.4635', '15.1976', '16.8823', '16.9296', '17.7139', '18.0686', '18.3545', '18.6544', '18.6288', '17.2855']
      ⚠ Speed change is 19.1% (>10%). Affinity law accuracy may be reduced.
    [FINAL] plotted_flow:  [0.00 → 1684.04]
    [FINAL] plotted_head:  [70.63 → 24.82]
    [FINAL] plotted_power: [9.3523 → 17.2855]
    [FINAL] plotted_eff:   [0.00 → 61.04]

  ── [LOAD+SCALE] 99272269620010I1P ──
    trim=8.4500, stages=5, rpm=1490.0, filing='Fig1. To 0.03125'
    columns: ['curve_no', 'flow', 'speed', 'power_in', 'power_bowl_motor', 'power_bowl_dyno', 'power_pump_motor', 'power_pump_dyno', 'tdh_bowl', 'tdh_pump', 'eff_bowl_motor', 'eff_bowl_dyno', 'eff_pump_motor', 'eff_pump_dyno', 'eff_overall', 'npsha']
    rows: 10
    flow: 10 pts
      values: ['0.00', '362.87', '516.58', '710.79', '836.97', '870.22', '926.21', '1043.00', '1263.62', '1451.30']
    head ('tdh_bowl'): 10 pts
      values: ['253.72', '232.86', '227.30', '215.99', '203.20', '199.87', '192.40', '174.37', '135.08', '93.58']
    power ('power_bowl_dyno'): 10 pts
      values: ['26.9257', '39.9563', '45.7653', '52.1383', '55.1198', '55.7482', '56.4689', '57.3046', '57.0655', '53.2599']
    efficiency ('eff_bowl_dyno'): 10 pts
      values: ['0.00', '53.39', '64.77', '74.34', '77.89', '78.76', '79.67', '80.12', '75.51', '64.38']
    [STAGE NORM] 5-stage → dividing head & power by 5
      head BEFORE: ['253.72', '232.86', '227.30', '215.99', '203.20', '199.87', '192.40', '174.37', '135.08', '93.58']
      head AFTER:  ['50.74', '46.57', '45.46', '43.20', '40.64', '39.97', '38.48', '34.87', '27.02', '18.72']
      power BEFORE: ['26.9257', '39.9563', '45.7653', '52.1383', '55.1198', '55.7482', '56.4689', '57.3046', '57.0655', '53.2599']
      power AFTER:  ['5.3851', '7.9913', '9.1531', '10.4277', '11.0240', '11.1496', '11.2938', '11.4609', '11.4131', '10.6520']
    [AFFINITY]
      test_diameter:     8.4500
      baseline_diameter: 8.3250
      dia_ratio:         8.3250/8.4500 = 0.985207
      test_rpm:          1490.0
      baseline_rpm:      1775.0
      speed_ratio:       1775.0/1490.0 = 1.191275
      scaled_flow:  ['0.00', '425.88', '606.29', '834.22', '982.31', '1021.33', '1087.05', '1224.13', '1483.05', '1703.32']
      scaled_head:  ['69.90', '64.15', '62.62', '59.50', '55.98', '55.06', '53.01', '48.04', '37.21', '25.78']
      scaled_power: ['8.7059', '12.9192', '14.7974', '16.8580', '17.8220', '18.0252', '18.2582', '18.5284', '18.4511', '17.2206']
      ⚠ Speed change is 19.1% (>10%). Affinity law accuracy may be reduced.
    [FINAL] plotted_flow:  [0.00 → 1703.32]
    [FINAL] plotted_head:  [69.90 → 25.78]
    [FINAL] plotted_power: [8.7059 → 17.2206]
    [FINAL] plotted_eff:   [0.00 → 64.38]

  ── [LOAD+SCALE] 99272282900010A1P ──
    trim=8.4000, stages=1, rpm=1785.0, filing=''
    columns: ['curve_no', 'flow', 'speed', 'power_in', 'power_bowl_motor', 'power_bowl_dyno', 'power_pump_motor', 'power_pump_dyno', 'tdh_bowl', 'tdh_pump', 'eff_bowl_motor', 'eff_bowl_dyno', 'eff_pump_motor', 'eff_pump_dyno', 'eff_overall', 'npsha']
    rows: 10
    flow: 10 pts
      values: ['0.00', '312.72', '633.42', '777.62', '810.08', '830.55', '917.13', '984.88', '1019.62', '1044.36']
    head ('tdh_bowl'): 10 pts
      values: ['59.88', '58.55', '49.64', '40.71', '38.58', '36.87', '29.92', '23.61', '19.94', '17.49']
    power ('power_bowl_dyno'): 10 pts
      values: ['3.8948', '7.6544', '10.3123', '10.4064', '10.3405', '10.2708', '9.8293', '9.2921', '8.9299', '8.6633']
    efficiency ('eff_bowl_dyno'): 10 pts
      values: ['0.00', '60.39', '76.98', '76.79', '76.31', '75.26', '70.48', '63.18', '57.47', '53.24']
    [STAGE NORM] single-stage — no division
    [AFFINITY]
      test_diameter:     8.4000
      baseline_diameter: 8.3250
      dia_ratio:         8.3250/8.4000 = 0.991071
      test_rpm:          1785.0
      baseline_rpm:      1775.0
      speed_ratio:       1775.0/1785.0 = 0.994398
      scaled_flow:  ['0.00', '308.19', '624.24', '766.36', '798.35', '818.52', '903.85', '970.62', '1004.86', '1029.24']
      scaled_head:  ['58.16', '56.87', '48.21', '39.54', '37.47', '35.81', '29.06', '22.93', '19.36', '16.99']
      scaled_power: ['3.7280', '7.3266', '9.8708', '9.9609', '9.8978', '9.8310', '9.4085', '8.8943', '8.5476', '8.2924']
    [FINAL] plotted_flow:  [0.00 → 1029.24]
    [FINAL] plotted_head:  [58.16 → 16.99]
    [FINAL] plotted_power: [3.7280 → 8.2924]
    [FINAL] plotted_eff:   [0.00 → 53.24]

  ── [LOAD+SCALE] 99272302330010A2P ──
    trim=8.3000, stages=3, rpm=1785.0, filing='Fig1. To 0.19'
    columns: ['curve_no', 'flow', 'speed', 'power_in', 'power_bowl_motor', 'power_bowl_dyno', 'power_pump_motor', 'power_pump_dyno', 'tdh_bowl', 'tdh_pump', 'eff_bowl_motor', 'eff_bowl_dyno', 'eff_pump_motor', 'eff_pump_dyno', 'eff_overall', 'npsha']
    rows: 10
    flow: 10 pts
      values: ['0.00', '389.98', '593.82', '774.60', '960.68', '998.86', '1026.96', '1194.73', '1301.77', '1406.34']
    head ('tdh_bowl'): 10 pts
      values: ['179.80', '169.51', '159.98', '147.62', '130.99', '126.95', '123.76', '99.63', '80.13', '59.00']
    power ('power_bowl_dyno'): all zero/negative — trying fallback
    power FALLBACK ('power_bowl_motor'): 10 pts
      values: ['18.5610', '30.3676', '34.6410', '37.2448', '38.4214', '38.5110', '38.5681', '37.5653', '35.5270', '32.6400']
    efficiency ('eff_bowl_motor'): 10 pts
      values: ['0.00', '54.95', '69.23', '77.51', '82.69', '83.12', '83.19', '79.99', '74.13', '64.17']
    [STAGE NORM] 3-stage → dividing head & power by 3
      head BEFORE: ['179.80', '169.51', '159.98', '147.62', '130.99', '126.95', '123.76', '99.63', '80.13', '59.00']
      head AFTER:  ['59.93', '56.50', '53.33', '49.21', '43.66', '42.32', '41.25', '33.21', '26.71', '19.67']
      power BEFORE: ['18.5610', '30.3676', '34.6410', '37.2448', '38.4214', '38.5110', '38.5681', '37.5653', '35.5270', '32.6400']
      power AFTER:  ['6.1870', '10.1225', '11.5470', '12.4149', '12.8071', '12.8370', '12.8560', '12.5218', '11.8423', '10.8800']
    [AFFINITY]
      test_diameter:     8.3000
      baseline_diameter: 8.3250
      dia_ratio:         8.3250/8.3000 = 1.003012
      test_rpm:          1785.0
      baseline_rpm:      1775.0
      speed_ratio:       1775.0/1785.0 = 0.994398
      scaled_flow:  ['0.00', '388.97', '592.27', '772.58', '958.18', '996.26', '1024.28', '1191.61', '1298.37', '1402.68']
      scaled_head:  ['59.62', '56.21', '53.05', '48.95', '43.44', '42.10', '41.04', '33.04', '26.57', '19.56']
      scaled_power: ['6.1387', '10.0436', '11.4569', '12.3181', '12.7072', '12.7369', '12.7557', '12.4241', '11.7500', '10.7951']
    [FINAL] plotted_flow:  [0.00 → 1402.68]
    [FINAL] plotted_head:  [59.62 → 19.56]
    [FINAL] plotted_power: [6.1387 → 10.7951]
    [FINAL] plotted_eff:   [0.00 → 64.17]

  ── [LOAD+SCALE] 99272301060010A1P ──
    trim=8.4600, stages=6, rpm=1785.0, filing='Fig1. To 0.03125'
    ✗ no detail data

  ── Group: PX baseline=8.0075, 0 tests, affinity=False ──

  ── Group: PX baseline=7.6900, 0 tests, affinity=False ──

======================================================================
  SUMMARY
======================================================================
  Total tests found:     64
  Tests with data:       54
  Groups:                5
  Detail: 54 cached, 0 from Excel
