Comparison debug log — 2026-09-05T20:39:16.946527
======================================================================

Selected impeller part numbers: ['2624331']
======================================================================
  COMPARISON RUN
======================================================================
  px_file:       C:\Users\107087\OneDrive - Grundfos\Desktop\12MBPSD.xlsx
  date_start:    2023-01-01
  date_end:      2026-01-01
  tolerance:     3%
  test_iteration:1
  head_col:      tdh_bowl
  power_col:     power_bowl_dyno

======================================================================
  PX CURVES
======================================================================
  Curve number: 12MBHC-2624331
  Rated speed:  1775.0
  Trim count:   5
    Trim dia=8.96  attrs=['bep_efficiency', 'bep_flow', 'diameter', 'head', 'head_flow', 'npsh', 'npsh_flow', 'power', 'power_flow', 'shutoff_power']
    Trim dia=8.6425  attrs=['bep_efficiency', 'bep_flow', 'diameter', 'head', 'head_flow', 'npsh', 'npsh_flow', 'power', 'power_flow', 'shutoff_power']
    Trim dia=8.325  attrs=['bep_efficiency', 'bep_flow', 'diameter', 'head', 'head_flow', 'npsh', 'npsh_flow', 'power', 'power_flow', 'shutoff_power']
    Trim dia=8.0075  attrs=['bep_efficiency', 'bep_flow', 'diameter', 'head', 'head_flow', 'npsh', 'npsh_flow', 'power', 'power_flow', 'shutoff_power']
    Trim dia=7.69  attrs=['bep_efficiency', 'bep_flow', 'diameter', 'head', 'head_flow', 'npsh', 'npsh_flow', 'power', 'power_flow', 'shutoff_power']

======================================================================
  CLASSIFICATION
======================================================================
  pump_type:       vertical
  index_name:      new_test_list
  trim_column:     impeller_trim
  bowl_diameter:   12
  detail_path:     12MB
  base_model_name: MB
  impeller_part:   2624331

======================================================================
  INDEX SEARCH
======================================================================
Mixed impellers filter applied using 'mixed_impellers': 162 rows -> 162 rows. Removed=0
Applied vertical impeller part filter: 162 rows -> 76 rows. Selected=['2624331']
  Index file path: X:\US\Ind\Prod\Verttest\NEWTESTLISTv.2.xlsx
  File exists: True
  Index 'new_test_list': 13570 rows loaded
  Columns: ['test_date', 'test_id', 'job_number', 'order_type', 'test_run', 'test_type', 'pass_fail', 'bowl_size', 'pump_model', 'fire_pump', 'num_stages', 'configuration', 'mixed_bowl', 'first_stg_size', 'first_stg_model', 'bowl_material', 'imp_part_num', 'imp_material', 'impeller_trim', 'mixed_impellers', 'first_stg_imp', 'first_stg_mat', 'first_stg_trim', 'rated_flow', 'rated_head', 'guaranteed_eff', 'test_grade', 'rpm', 'driver', 'driver_speed', 'customer', 'trim_source', 'trim_source_2', 'failure_cause', 'comments', 'valid_test', 'px_trim', 'px_pass_fail', 'px_eff', 'test_eff', 'test_head', 'test_bep_flow', 'test_bep_head', 'test_bep_eff', 'pattern_notes', 'Column1', '_source_index']
  Model search regex: ^\s*[A-Za-z]?MB[A-Za-z]?\s*$
  Unique pump_model values: 54
  Sample models: [' MA', 'GLLG', 'GLME', 'GLME/LC', 'GLME/MC', 'HD', 'HDX', 'HH']
  After model filter: 1980 rows (from 13570)
  After bowl size filter (bowl_size=12): 1980 rows (from 1980)
  Sample test_date values: ['2024-07-31', '2024-07-31', '2024-07-29', '2024-07-29', '2024-07-26']
  After date filter [2023-01-01 to 2026-01-01]: 229 rows (from 1980)
  After test iteration filter: 162 rows (from 229)
  After mixed impellers filter: 162 rows (from 162)
  After vertical impeller part filter: 76 rows (from 162)

  Trim column: 'impeller_trim'  found=True  is_vertical=True
  Raw trim samples:
    [0] type=str  value='(4) @ 8.64 x 8.64 Fig1. To 0.03125 AS CAST
  '
    [1] type=str  value='(3) @ 8.6 x 8.6 Fig1. To 0.03125 AS CAST
  '
    [2] type=str  value='(3) @ 8.96 x 8.96 Fig1. To 0.03125 AS CAST
  '
    [3] type=str  value='(4) @ 8.76 x 8.76 Fig1. To 0.03125 AS CAST
  '
    [4] type=str  value='(6) @ 8.88 x 8.88 Fig1. To 0.03125 AS CAST
  '

----------------------------------------------------------------------
  PER-ROW TRIM PARSING
----------------------------------------------------------------------

  test_id=99272093690010A1P
    raw trim: type=str  value='(4) @ 8.64 x 8.64 Fig1. To 0.03125 AS CAST
  '
      [extract_trim] is_vertical=True  has_@=True
      [extract_trim] → _parse_vertical_trim
      [parse_vt] input='(4) @ 8.64 x 8.64 Fig1. To 0.03125 AS CAST'
      [parse_vt] regex matched 1 group(s)
        (4) @ 8.64 x 8.64  avg=8.6400  contrib=4×8.6400=34.5600
      [parse_vt] RESULT: 34.5600 / 4 = 8.6400
      [parse_vt] upper=8.6400  lower=8.6400
      [parse_vt] filing_info='Fig1. To 0.03125'
    → trim_diameter=8.64, num_stages=4, filing='Fig1. To 0.03125'
    → upper=8.6400, lower=8.6400, conical=no
    ✓ trim=8.6400, stages=4, rpm=1760.0, model='MB', filing='Fig1. To 0.03125'

  test_id=99272088080010A1P
    raw trim: type=str  value='(3) @ 8.6 x 8.6 Fig1. To 0.03125 AS CAST
  '
      [extract_trim] is_vertical=True  has_@=True
      [extract_trim] → _parse_vertical_trim
      [parse_vt] input='(3) @ 8.6 x 8.6 Fig1. To 0.03125 AS CAST'
      [parse_vt] regex matched 1 group(s)
        (3) @ 8.6 x 8.6  avg=8.6000  contrib=3×8.6000=25.8000
      [parse_vt] RESULT: 25.8000 / 3 = 8.6000
      [parse_vt] upper=8.6000  lower=8.6000
      [parse_vt] filing_info='Fig1. To 0.03125'
    → trim_diameter=8.6, num_stages=3, filing='Fig1. To 0.03125'
    → upper=8.6000, lower=8.6000, conical=no
    ✓ trim=8.6000, stages=3, rpm=1760.0, model='MB', filing='Fig1. To 0.03125'

  test_id=99272086870010A1P
    raw trim: type=str  value='(3) @ 8.96 x 8.96 Fig1. To 0.03125 AS CAST
  '
      [extract_trim] is_vertical=True  has_@=True
      [extract_trim] → _parse_vertical_trim
      [parse_vt] input='(3) @ 8.96 x 8.96 Fig1. To 0.03125 AS CAST'
      [parse_vt] regex matched 1 group(s)
        (3) @ 8.96 x 8.96  avg=8.9600  contrib=3×8.9600=26.8800
      [parse_vt] RESULT: 26.8800 / 3 = 8.9600
      [parse_vt] upper=8.9600  lower=8.9600
      [parse_vt] filing_info='Fig1. To 0.03125'
    → trim_diameter=8.96, num_stages=3, filing='Fig1. To 0.03125'
    → upper=8.9600, lower=8.9600, conical=no
    ✓ trim=8.9600, stages=3, rpm=1760.0, model='MB', filing='Fig1. To 0.03125'

  test_id=99272076300010A1P
    raw trim: type=str  value='(4) @ 8.76 x 8.76 Fig1. To 0.03125 AS CAST
  '
      [extract_trim] is_vertical=True  has_@=True
      [extract_trim] → _parse_vertical_trim
      [parse_vt] input='(4) @ 8.76 x 8.76 Fig1. To 0.03125 AS CAST'
      [parse_vt] regex matched 1 group(s)
        (4) @ 8.76 x 8.76  avg=8.7600  contrib=4×8.7600=35.0400
      [parse_vt] RESULT: 35.0400 / 4 = 8.7600
      [parse_vt] upper=8.7600  lower=8.7600
      [parse_vt] filing_info='Fig1. To 0.03125'
    → trim_diameter=8.76, num_stages=4, filing='Fig1. To 0.03125'
    → upper=8.7600, lower=8.7600, conical=no
    ✓ trim=8.7600, stages=4, rpm=1760.0, model='MB', filing='Fig1. To 0.03125'

  test_id=99272053890010B1P
    raw trim: type=str  value='(6) @ 8.88 x 8.88 Fig1. To 0.03125 AS CAST
  '
      [extract_trim] is_vertical=True  has_@=True
      [extract_trim] → _parse_vertical_trim
      [parse_vt] input='(6) @ 8.88 x 8.88 Fig1. To 0.03125 AS CAST'
      [parse_vt] regex matched 1 group(s)
        (6) @ 8.88 x 8.88  avg=8.8800  contrib=6×8.8800=53.2800
      [parse_vt] RESULT: 53.2800 / 6 = 8.8800
      [parse_vt] upper=8.8800  lower=8.8800
      [parse_vt] filing_info='Fig1. To 0.03125'
    → trim_diameter=8.88, num_stages=6, filing='Fig1. To 0.03125'
    → upper=8.8800, lower=8.8800, conical=no
    ✓ trim=8.8800, stages=6, rpm=1760.0, model='MB', filing='Fig1. To 0.03125'

  test_id=99272053890010A1P
    raw trim: type=str  value='(6) @ 8.88 x 8.88 Fig1. To 0.03125 AS CAST
  '
      [extract_trim] is_vertical=True  has_@=True
      [extract_trim] → _parse_vertical_trim
      [parse_vt] input='(6) @ 8.88 x 8.88 Fig1. To 0.03125 AS CAST'
      [parse_vt] regex matched 1 group(s)
        (6) @ 8.88 x 8.88  avg=8.8800  contrib=6×8.8800=53.2800
      [parse_vt] RESULT: 53.2800 / 6 = 8.8800
      [parse_vt] upper=8.8800  lower=8.8800
      [parse_vt] filing_info='Fig1. To 0.03125'
    → trim_diameter=8.88, num_stages=6, filing='Fig1. To 0.03125'
    → upper=8.8800, lower=8.8800, conical=no
    ✓ trim=8.8800, stages=6, rpm=1760.0, model='MB', filing='Fig1. To 0.03125'

  test_id=99272053900010B1P
    raw trim: type=str  value='(6) @ 8.88 x 8.88 Fig1. To 0.03125 AS CAST
  '
      [extract_trim] is_vertical=True  has_@=True
      [extract_trim] → _parse_vertical_trim
      [parse_vt] input='(6) @ 8.88 x 8.88 Fig1. To 0.03125 AS CAST'
      [parse_vt] regex matched 1 group(s)
        (6) @ 8.88 x 8.88  avg=8.8800  contrib=6×8.8800=53.2800
      [parse_vt] RESULT: 53.2800 / 6 = 8.8800
      [parse_vt] upper=8.8800  lower=8.8800
      [parse_vt] filing_info='Fig1. To 0.03125'
    → trim_diameter=8.88, num_stages=6, filing='Fig1. To 0.03125'
    → upper=8.8800, lower=8.8800, conical=no
    ✓ trim=8.8800, stages=6, rpm=1760.0, model='MB', filing='Fig1. To 0.03125'

  test_id=99272053900010A1P
    raw trim: type=str  value='(6) @ 8.88 x 8.88 Fig1. To 0.03125 AS CAST
  '
      [extract_trim] is_vertical=True  has_@=True
      [extract_trim] → _parse_vertical_trim
      [parse_vt] input='(6) @ 8.88 x 8.88 Fig1. To 0.03125 AS CAST'
      [parse_vt] regex matched 1 group(s)
        (6) @ 8.88 x 8.88  avg=8.8800  contrib=6×8.8800=53.2800
      [parse_vt] RESULT: 53.2800 / 6 = 8.8800
      [parse_vt] upper=8.8800  lower=8.8800
      [parse_vt] filing_info='Fig1. To 0.03125'
    → trim_diameter=8.88, num_stages=6, filing='Fig1. To 0.03125'
    → upper=8.8800, lower=8.8800, conical=no
    ✓ trim=8.8800, stages=6, rpm=1760.0, model='MB', filing='Fig1. To 0.03125'

  test_id=99272056010010A1P
    raw trim: type=str  value='(5) @ 8.62 x 8.62 Fig1. To 0.03125 AS CAST
  '
      [extract_trim] is_vertical=True  has_@=True
      [extract_trim] → _parse_vertical_trim
      [parse_vt] input='(5) @ 8.62 x 8.62 Fig1. To 0.03125 AS CAST'
      [parse_vt] regex matched 1 group(s)
        (5) @ 8.62 x 8.62  avg=8.6200  contrib=5×8.6200=43.1000
      [parse_vt] RESULT: 43.1000 / 5 = 8.6200
      [parse_vt] upper=8.6200  lower=8.6200
      [parse_vt] filing_info='Fig1. To 0.03125'
    → trim_diameter=8.62, num_stages=5, filing='Fig1. To 0.03125'
    → upper=8.6200, lower=8.6200, conical=no
    ✓ trim=8.6200, stages=5, rpm=1760.0, model='MB', filing='Fig1. To 0.03125'

  test_id=99272052860010A1P
    raw trim: type=str  value='(5) @ 8.74 x 8.74 Fig1. To 0.03125 AS CAST
  '
      [extract_trim] is_vertical=True  has_@=True
      [extract_trim] → _parse_vertical_trim
      [parse_vt] input='(5) @ 8.74 x 8.74 Fig1. To 0.03125 AS CAST'
      [parse_vt] regex matched 1 group(s)
        (5) @ 8.74 x 8.74  avg=8.7400  contrib=5×8.7400=43.7000
      [parse_vt] RESULT: 43.7000 / 5 = 8.7400
      [parse_vt] upper=8.7400  lower=8.7400
      [parse_vt] filing_info='Fig1. To 0.03125'
    → trim_diameter=8.74, num_stages=5, filing='Fig1. To 0.03125'
    → upper=8.7400, lower=8.7400, conical=no
    ✓ trim=8.7400, stages=5, rpm=1760.0, model='MB', filing='Fig1. To 0.03125'

  test_id=99272046600010A1P
    raw trim: type=str  value='(3) @ 8.6 x 8.6 Fig1. To 0.03125 AS CAST
  '
      [extract_trim] is_vertical=True  has_@=True
      [extract_trim] → _parse_vertical_trim
      [parse_vt] input='(3) @ 8.6 x 8.6 Fig1. To 0.03125 AS CAST'
      [parse_vt] regex matched 1 group(s)
        (3) @ 8.6 x 8.6  avg=8.6000  contrib=3×8.6000=25.8000
      [parse_vt] RESULT: 25.8000 / 3 = 8.6000
      [parse_vt] upper=8.6000  lower=8.6000
      [parse_vt] filing_info='Fig1. To 0.03125'
    → trim_diameter=8.6, num_stages=3, filing='Fig1. To 0.03125'
    → upper=8.6000, lower=8.6000, conical=no
    ✓ trim=8.6000, stages=3, rpm=1760.0, model='MB', filing='Fig1. To 0.03125'

  test_id=99272033870010A1P
    raw trim: type=str  value='(4) @ 8.86 x 8.86 Fig1. To 0.03125 AS CAST
  '
      [extract_trim] is_vertical=True  has_@=True
      [extract_trim] → _parse_vertical_trim
      [parse_vt] input='(4) @ 8.86 x 8.86 Fig1. To 0.03125 AS CAST'
      [parse_vt] regex matched 1 group(s)
        (4) @ 8.86 x 8.86  avg=8.8600  contrib=4×8.8600=35.4400
      [parse_vt] RESULT: 35.4400 / 4 = 8.8600
      [parse_vt] upper=8.8600  lower=8.8600
      [parse_vt] filing_info='Fig1. To 0.03125'
    → trim_diameter=8.86, num_stages=4, filing='Fig1. To 0.03125'
    → upper=8.8600, lower=8.8600, conical=no
    ✓ trim=8.8600, stages=4, rpm=1760.0, model='MB', filing='Fig1. To 0.03125'

  test_id=99272033440010A1P
    raw trim: type=str  value='(5) @ 8.66 x 8.66 Fig1. To 0.03125 AS CAST
  '
      [extract_trim] is_vertical=True  has_@=True
      [extract_trim] → _parse_vertical_trim
      [parse_vt] input='(5) @ 8.66 x 8.66 Fig1. To 0.03125 AS CAST'
      [parse_vt] regex matched 1 group(s)
        (5) @ 8.66 x 8.66  avg=8.6600  contrib=5×8.6600=43.3000
      [parse_vt] RESULT: 43.3000 / 5 = 8.6600
      [parse_vt] upper=8.6600  lower=8.6600
      [parse_vt] filing_info='Fig1. To 0.03125'
    → trim_diameter=8.66, num_stages=5, filing='Fig1. To 0.03125'
    → upper=8.6600, lower=8.6600, conical=no
    ✓ trim=8.6600, stages=5, rpm=1760.0, model='MB', filing='Fig1. To 0.03125'

  test_id=99271930350010A1P
    raw trim: type=str  value='(6) @ 8.96 x 8.96 Fig.1 to 0.03 As Cast'
      [extract_trim] is_vertical=True  has_@=True
      [extract_trim] → _parse_vertical_trim
      [parse_vt] input='(6) @ 8.96 x 8.96 Fig.1 to 0.03 As Cast'
      [parse_vt] regex matched 1 group(s)
        (6) @ 8.96 x 8.96  avg=8.9600  contrib=6×8.9600=53.7600
      [parse_vt] RESULT: 53.7600 / 6 = 8.9600
      [parse_vt] upper=8.9600  lower=8.9600
      [parse_vt] filing_info='Fig.1 to 0.03'
    → trim_diameter=8.96, num_stages=6, filing='Fig.1 to 0.03'
    → upper=8.9600, lower=8.9600, conical=no
    ✓ trim=8.9600, stages=6, rpm=1775.0, model='MB', filing='Fig.1 to 0.03'

  test_id=99271917070010A1P
    raw trim: type=str  value='(3) @ 8.9 x 8.9 Fig.1 to 0.03 As Cast'
      [extract_trim] is_vertical=True  has_@=True
      [extract_trim] → _parse_vertical_trim
      [parse_vt] input='(3) @ 8.9 x 8.9 Fig.1 to 0.03 As Cast'
      [parse_vt] regex matched 1 group(s)
        (3) @ 8.9 x 8.9  avg=8.9000  contrib=3×8.9000=26.7000
      [parse_vt] RESULT: 26.7000 / 3 = 8.9000
      [parse_vt] upper=8.9000  lower=8.9000
      [parse_vt] filing_info='Fig.1 to 0.03'
    → trim_diameter=8.9, num_stages=3, filing='Fig.1 to 0.03'
    → upper=8.9000, lower=8.9000, conical=no
    ✓ trim=8.9000, stages=3, rpm=1785.0, model='MB', filing='Fig.1 to 0.03'

  test_id=99271979790010A1P
    raw trim: type=str  value='(4) @ 8.96 x 8.96 Fig. 1 to 0.03 75RA
(2) @ 8.63 x 8.63 Fig. 1 to 0.03 75RA'
      [extract_trim] POLISHED detected in '(4) @ 8.96 x 8.96 Fig. 1 to 0.03 75RA
(2) @ 8.63 x 8.63 Fig. 1 to 0.03 75RA'
      [extract_trim] is_vertical=True  has_@=True
      [extract_trim] → _parse_vertical_trim
      [parse_vt] input='(4) @ 8.96 x 8.96 Fig. 1 to 0.03 75RA
(2) @ 8.63 x 8.63 Fig. 1 to 0.03 75RA'
      [parse_vt] regex matched 2 group(s)
        (4) @ 8.96 x 8.96  avg=8.9600  contrib=4×8.9600=35.8400
        (2) @ 8.63 x 8.63  avg=8.6300  contrib=2×8.6300=17.2600
      [parse_vt] RESULT: 53.1000 / 6 = 8.8500
      [parse_vt] upper=8.8500  lower=8.8500
      [parse_vt] filing_info='Fig. 1 to 0.03'
    → trim_diameter=8.850000000000001, num_stages=6, filing='Fig. 1 to 0.03'
    → upper=8.8500, lower=8.8500, conical=no
    → POLISHED impeller detected
    MT badge detected from impeller_trim: (4) @ 8.96 x 8.96 Fig. 1 to 0.03 75RA
(2) @ 8.63 x 8.63 Fig. 1 to 0.03 75RA
    ✓ trim=8.8500, stages=6, rpm=1760.0, model='MB', filing='Fig. 1 to 0.03'

  test_id=99271976320010A1P
    raw trim: type=str  value='(5) @ 8.96 x 8.96  Fig. 1 to 0.03 as cast'
      [extract_trim] is_vertical=True  has_@=True
      [extract_trim] → _parse_vertical_trim
      [parse_vt] input='(5) @ 8.96 x 8.96  Fig. 1 to 0.03 as cast'
      [parse_vt] regex matched 1 group(s)
        (5) @ 8.96 x 8.96  avg=8.9600  contrib=5×8.9600=44.8000
      [parse_vt] RESULT: 44.8000 / 5 = 8.9600
      [parse_vt] upper=8.9600  lower=8.9600
      [parse_vt] filing_info='Fig. 1 to 0.03'
    → trim_diameter=8.96, num_stages=5, filing='Fig. 1 to 0.03'
    → upper=8.9600, lower=8.9600, conical=no
    ✓ trim=8.9600, stages=5, rpm=1760.0, model='MB', filing='Fig. 1 to 0.03'

  test_id=99271976480010A1P
    raw trim: type=str  value='(3) @ 8.96 x 8.96 Fig. 2 to 0.01 75RA'
      [extract_trim] POLISHED detected in '(3) @ 8.96 x 8.96 Fig. 2 to 0.01 75RA'
      [extract_trim] is_vertical=True  has_@=True
      [extract_trim] → _parse_vertical_trim
      [parse_vt] input='(3) @ 8.96 x 8.96 Fig. 2 to 0.01 75RA'
      [parse_vt] regex matched 1 group(s)
        (3) @ 8.96 x 8.96  avg=8.9600  contrib=3×8.9600=26.8800
      [parse_vt] RESULT: 26.8800 / 3 = 8.9600
      [parse_vt] upper=8.9600  lower=8.9600
      [parse_vt] filing_info='Fig. 2 to 0.01'
    → trim_diameter=8.96, num_stages=3, filing='Fig. 2 to 0.01'
    → upper=8.9600, lower=8.9600, conical=no
    → POLISHED impeller detected
    ✓ trim=8.9600, stages=3, rpm=1760.0, model='MB', filing='Fig. 2 to 0.01'

  test_id=99271958690010A1P
    raw trim: type=str  value='(4) @ 8.96 x 8.96 Fig.1 to 0.03 As Cast                                (1) @ 8.75 x 8.75 Fig.1 to 0.03 As Cast'
      [extract_trim] is_vertical=True  has_@=True
      [extract_trim] → _parse_vertical_trim
      [parse_vt] input='(4) @ 8.96 x 8.96 Fig.1 to 0.03 As Cast                                (1) @ 8.75 x 8.75 Fig.1 to 0.03 As Cast'
      [parse_vt] regex matched 2 group(s)
        (4) @ 8.96 x 8.96  avg=8.9600  contrib=4×8.9600=35.8400
        (1) @ 8.75 x 8.75  avg=8.7500  contrib=1×8.7500=8.7500
      [parse_vt] RESULT: 44.5900 / 5 = 8.9180
      [parse_vt] upper=8.9180  lower=8.9180
      [parse_vt] filing_info='Fig.1 to 0.03'
    → trim_diameter=8.918000000000001, num_stages=5, filing='Fig.1 to 0.03'
    → upper=8.9180, lower=8.9180, conical=no
    MT badge detected from impeller_trim: (4) @ 8.96 x 8.96 Fig.1 to 0.03 As Cast                                (1) @ 8.75 x 8.75 Fig.1 to 0.03 As Cast
    ✓ trim=8.9180, stages=5, rpm=1760.0, model='MB', filing='Fig.1 to 0.03'

  test_id=99271958330010A1P
    raw trim: type=str  value='(4) @ 8.96 x 8.96 Fig.1 to 0.03 75ra                                      (1) @ 7.60 x 7.60 Fig.1 to 0.03 75ra'
      [extract_trim] POLISHED detected in '(4) @ 8.96 x 8.96 Fig.1 to 0.03 75ra                                      (1) @ 7.60 x 7.60 Fig.1 to 0.03 75ra'
      [extract_trim] is_vertical=True  has_@=True
      [extract_trim] → _parse_vertical_trim
      [parse_vt] input='(4) @ 8.96 x 8.96 Fig.1 to 0.03 75ra                                      (1) @ 7.60 x 7.60 Fig.1 to 0.03 75ra'
      [parse_vt] regex matched 2 group(s)
        (4) @ 8.96 x 8.96  avg=8.9600  contrib=4×8.9600=35.8400
        (1) @ 7.6 x 7.6  avg=7.6000  contrib=1×7.6000=7.6000
      [parse_vt] RESULT: 43.4400 / 5 = 8.6880
      [parse_vt] upper=8.6880  lower=8.6880
      [parse_vt] filing_info='Fig.1 to 0.03'
    → trim_diameter=8.688, num_stages=5, filing='Fig.1 to 0.03'
    → upper=8.6880, lower=8.6880, conical=no
    → POLISHED impeller detected
    MT badge detected from impeller_trim: (4) @ 8.96 x 8.96 Fig.1 to 0.03 75ra                                      (1) @ 7.60 x 7.60 Fig.1 to 0.03 75ra
    ✓ trim=8.6880, stages=5, rpm=1760.0, model='MB', filing='Fig.1 to 0.03'

  test_id=99271964520010A1P
    raw trim: type=str  value='(3) @ 8.96 x 8.96 Fig.1 to 0.03 As Cast                                      (2) @ 8.19 x 8.19 Fig.1 to 0.03 As Cast'
      [extract_trim] is_vertical=True  has_@=True
      [extract_trim] → _parse_vertical_trim
      [parse_vt] input='(3) @ 8.96 x 8.96 Fig.1 to 0.03 As Cast                                      (2) @ 8.19 x 8.19 Fig.1 to 0.03 As Cast'
      [parse_vt] regex matched 2 group(s)
        (3) @ 8.96 x 8.96  avg=8.9600  contrib=3×8.9600=26.8800
        (2) @ 8.19 x 8.19  avg=8.1900  contrib=2×8.1900=16.3800
      [parse_vt] RESULT: 43.2600 / 5 = 8.6520
      [parse_vt] upper=8.6520  lower=8.6520
      [parse_vt] filing_info='Fig.1 to 0.03'
    → trim_diameter=8.652000000000001, num_stages=5, filing='Fig.1 to 0.03'
    → upper=8.6520, lower=8.6520, conical=no
    MT badge detected from impeller_trim: (3) @ 8.96 x 8.96 Fig.1 to 0.03 As Cast                                      (2) @ 8.19 x 8.19 Fig.1 to 0.03 As Cast
    ✓ trim=8.6520, stages=5, rpm=1760.0, model='MB', filing='Fig.1 to 0.03'

  test_id=99271959350010A1P
    raw trim: type=str  value='(4) @ 8.57 x 8.57 Fig.1 to 0.03 As Cast'
      [extract_trim] is_vertical=True  has_@=True
      [extract_trim] → _parse_vertical_trim
      [parse_vt] input='(4) @ 8.57 x 8.57 Fig.1 to 0.03 As Cast'
      [parse_vt] regex matched 1 group(s)
        (4) @ 8.57 x 8.57  avg=8.5700  contrib=4×8.5700=34.2800
      [parse_vt] RESULT: 34.2800 / 4 = 8.5700
      [parse_vt] upper=8.5700  lower=8.5700
      [parse_vt] filing_info='Fig.1 to 0.03'
    → trim_diameter=8.57, num_stages=4, filing='Fig.1 to 0.03'
    → upper=8.5700, lower=8.5700, conical=no
    ✓ trim=8.5700, stages=4, rpm=1760.0, model='MB', filing='Fig.1 to 0.03'

  test_id=99271856860010A1P
    raw trim: type=str  value='(4) @ 8.96 x 8.96 Fig.1 to 0.03 As Cast'
      [extract_trim] is_vertical=True  has_@=True
      [extract_trim] → _parse_vertical_trim
      [parse_vt] input='(4) @ 8.96 x 8.96 Fig.1 to 0.03 As Cast'
      [parse_vt] regex matched 1 group(s)
        (4) @ 8.96 x 8.96  avg=8.9600  contrib=4×8.9600=35.8400
      [parse_vt] RESULT: 35.8400 / 4 = 8.9600
      [parse_vt] upper=8.9600  lower=8.9600
      [parse_vt] filing_info='Fig.1 to 0.03'
    → trim_diameter=8.96, num_stages=4, filing='Fig.1 to 0.03'
    → upper=8.9600, lower=8.9600, conical=no
    ✓ trim=8.9600, stages=4, rpm=1760.0, model='MB', filing='Fig.1 to 0.03'

  test_id=99271935000010A1P
    raw trim: type=str  value='(7) @ 8.67 x 8.67 Fig.1 to 0.03 As Cast'
      [extract_trim] is_vertical=True  has_@=True
      [extract_trim] → _parse_vertical_trim
      [parse_vt] input='(7) @ 8.67 x 8.67 Fig.1 to 0.03 As Cast'
      [parse_vt] regex matched 1 group(s)
        (7) @ 8.67 x 8.67  avg=8.6700  contrib=7×8.6700=60.6900
      [parse_vt] RESULT: 60.6900 / 7 = 8.6700
      [parse_vt] upper=8.6700  lower=8.6700
      [parse_vt] filing_info='Fig.1 to 0.03'
    → trim_diameter=8.67, num_stages=7, filing='Fig.1 to 0.03'
    → upper=8.6700, lower=8.6700, conical=no
    ✓ trim=8.6700, stages=7, rpm=1760.0, model='MB', filing='Fig.1 to 0.03'

  test_id=99271935550010A1P
    raw trim: type=str  value='(7) @ 8.70 x 8.70 Fig.1 to 0.03 As Cast'
      [extract_trim] is_vertical=True  has_@=True
      [extract_trim] → _parse_vertical_trim
      [parse_vt] input='(7) @ 8.70 x 8.70 Fig.1 to 0.03 As Cast'
      [parse_vt] regex matched 1 group(s)
        (7) @ 8.7 x 8.7  avg=8.7000  contrib=7×8.7000=60.9000
      [parse_vt] RESULT: 60.9000 / 7 = 8.7000
      [parse_vt] upper=8.7000  lower=8.7000
      [parse_vt] filing_info='Fig.1 to 0.03'
    → trim_diameter=8.7, num_stages=7, filing='Fig.1 to 0.03'
    → upper=8.7000, lower=8.7000, conical=no
    ✓ trim=8.7000, stages=7, rpm=1760.0, model='MB', filing='Fig.1 to 0.03'

  test_id=99271915920010A1P
    raw trim: type=str  value='(4) @ 8.96 x 8.96 Fig.1 to 0.03 As Cast                                (2) @ 8.19 x 8.19 Fig.1 to 0.03 As Cast'
      [extract_trim] is_vertical=True  has_@=True
      [extract_trim] → _parse_vertical_trim
      [parse_vt] input='(4) @ 8.96 x 8.96 Fig.1 to 0.03 As Cast                                (2) @ 8.19 x 8.19 Fig.1 to 0.03 As Cast'
      [parse_vt] regex matched 2 group(s)
        (4) @ 8.96 x 8.96  avg=8.9600  contrib=4×8.9600=35.8400
        (2) @ 8.19 x 8.19  avg=8.1900  contrib=2×8.1900=16.3800
      [parse_vt] RESULT: 52.2200 / 6 = 8.7033
      [parse_vt] upper=8.7033  lower=8.7033
      [parse_vt] filing_info='Fig.1 to 0.03'
    → trim_diameter=8.703333333333333, num_stages=6, filing='Fig.1 to 0.03'
    → upper=8.7033, lower=8.7033, conical=no
    MT badge detected from impeller_trim: (4) @ 8.96 x 8.96 Fig.1 to 0.03 As Cast                                (2) @ 8.19 x 8.19 Fig.1 to 0.03 As Cast
    ✓ trim=8.7033, stages=6, rpm=1760.0, model='MB', filing='Fig.1 to 0.03'

  test_id=99271914720010A1P
    raw trim: type=str  value='(3) @ 8.96 x 8.96 Fig.1 to 0.03 As Cast                                      (1) @ 8.15 x 8.15 Fig.1 to 0.03 As Cast'
      [extract_trim] is_vertical=True  has_@=True
      [extract_trim] → _parse_vertical_trim
      [parse_vt] input='(3) @ 8.96 x 8.96 Fig.1 to 0.03 As Cast                                      (1) @ 8.15 x 8.15 Fig.1 to 0.03 As Cast'
      [parse_vt] regex matched 2 group(s)
        (3) @ 8.96 x 8.96  avg=8.9600  contrib=3×8.9600=26.8800
        (1) @ 8.15 x 8.15  avg=8.1500  contrib=1×8.1500=8.1500
      [parse_vt] RESULT: 35.0300 / 4 = 8.7575
      [parse_vt] upper=8.7575  lower=8.7575
      [parse_vt] filing_info='Fig.1 to 0.03'
    → trim_diameter=8.7575, num_stages=4, filing='Fig.1 to 0.03'
    → upper=8.7575, lower=8.7575, conical=no
    MT badge detected from impeller_trim: (3) @ 8.96 x 8.96 Fig.1 to 0.03 As Cast                                      (1) @ 8.15 x 8.15 Fig.1 to 0.03 As Cast
    ✓ trim=8.7575, stages=4, rpm=1760.0, model='MB', filing='Fig.1 to 0.03'

  test_id=99271902460010A1P
    raw trim: type=str  value='(4) @ 8.53 x 8.53 Fig.1 to 0.03 As Cast'
      [extract_trim] is_vertical=True  has_@=True
      [extract_trim] → _parse_vertical_trim
      [parse_vt] input='(4) @ 8.53 x 8.53 Fig.1 to 0.03 As Cast'
      [parse_vt] regex matched 1 group(s)
        (4) @ 8.53 x 8.53  avg=8.5300  contrib=4×8.5300=34.1200
      [parse_vt] RESULT: 34.1200 / 4 = 8.5300
      [parse_vt] upper=8.5300  lower=8.5300
      [parse_vt] filing_info='Fig.1 to 0.03'
    → trim_diameter=8.53, num_stages=4, filing='Fig.1 to 0.03'
    → upper=8.5300, lower=8.5300, conical=no
    ✓ trim=8.5300, stages=4, rpm=1760.0, model='MB', filing='Fig.1 to 0.03'

  test_id=99271909300010B1P
    raw trim: type=str  value='(5) @ 8.96 x 8.96 Fig.1 to 0.03 As Cast                                               (4) @ 8.36 x 8.36 Fig.1 to 0.03 As Cast'
      [extract_trim] is_vertical=True  has_@=True
      [extract_trim] → _parse_vertical_trim
      [parse_vt] input='(5) @ 8.96 x 8.96 Fig.1 to 0.03 As Cast                                               (4) @ 8.36 x 8.36 Fig.1 to 0.03 As Cast'
      [parse_vt] regex matched 2 group(s)
        (5) @ 8.96 x 8.96  avg=8.9600  contrib=5×8.9600=44.8000
        (4) @ 8.36 x 8.36  avg=8.3600  contrib=4×8.3600=33.4400
      [parse_vt] RESULT: 78.2400 / 9 = 8.6933
      [parse_vt] upper=8.6933  lower=8.6933
      [parse_vt] filing_info='Fig.1 to 0.03'
    → trim_diameter=8.693333333333335, num_stages=9, filing='Fig.1 to 0.03'
    → upper=8.6933, lower=8.6933, conical=no
    MT badge detected from impeller_trim: (5) @ 8.96 x 8.96 Fig.1 to 0.03 As Cast                                               (4) @ 8.36 x 8.36 Fig.1 to 0.03 As Cast
    ✓ trim=8.6933, stages=9, rpm=1760.0, model='MB', filing='Fig.1 to 0.03'

  test_id=99271902750010A1P
    raw trim: type=str  value='(4) @ 8.96 x 8.96 Fig.1 to 0.03 75ra                                       (1) @ 7.6 x 7.6 Fig.1 to 0.03 75ra'
      [extract_trim] POLISHED detected in '(4) @ 8.96 x 8.96 Fig.1 to 0.03 75ra                                       (1) @ 7.6 x 7.6 Fig.1 to 0.03 75ra'
      [extract_trim] is_vertical=True  has_@=True
      [extract_trim] → _parse_vertical_trim
      [parse_vt] input='(4) @ 8.96 x 8.96 Fig.1 to 0.03 75ra                                       (1) @ 7.6 x 7.6 Fig.1 to 0.03 75ra'
      [parse_vt] regex matched 2 group(s)
        (4) @ 8.96 x 8.96  avg=8.9600  contrib=4×8.9600=35.8400
        (1) @ 7.6 x 7.6  avg=7.6000  contrib=1×7.6000=7.6000
      [parse_vt] RESULT: 43.4400 / 5 = 8.6880
      [parse_vt] upper=8.6880  lower=8.6880
      [parse_vt] filing_info='Fig.1 to 0.03'
    → trim_diameter=8.688, num_stages=5, filing='Fig.1 to 0.03'
    → upper=8.6880, lower=8.6880, conical=no
    → POLISHED impeller detected
    MT badge detected from impeller_trim: (4) @ 8.96 x 8.96 Fig.1 to 0.03 75ra                                       (1) @ 7.6 x 7.6 Fig.1 to 0.03 75ra
    ✓ trim=8.6880, stages=5, rpm=1760.0, model='MB', filing='Fig.1 to 0.03'

  test_id=99271909300010A1P
    raw trim: type=str  value='(5) @ 8.96 x 8.96 Fig.1 to 0.03 As Cast                                               (4) @ 8.36 x 8.36 Fig.1 to 0.03 As Cast'
      [extract_trim] is_vertical=True  has_@=True
      [extract_trim] → _parse_vertical_trim
      [parse_vt] input='(5) @ 8.96 x 8.96 Fig.1 to 0.03 As Cast                                               (4) @ 8.36 x 8.36 Fig.1 to 0.03 As Cast'
      [parse_vt] regex matched 2 group(s)
        (5) @ 8.96 x 8.96  avg=8.9600  contrib=5×8.9600=44.8000
        (4) @ 8.36 x 8.36  avg=8.3600  contrib=4×8.3600=33.4400
      [parse_vt] RESULT: 78.2400 / 9 = 8.6933
      [parse_vt] upper=8.6933  lower=8.6933
      [parse_vt] filing_info='Fig.1 to 0.03'
    → trim_diameter=8.693333333333335, num_stages=9, filing='Fig.1 to 0.03'
    → upper=8.6933, lower=8.6933, conical=no
    MT badge detected from impeller_trim: (5) @ 8.96 x 8.96 Fig.1 to 0.03 As Cast                                               (4) @ 8.36 x 8.36 Fig.1 to 0.03 As Cast
    ✓ trim=8.6933, stages=9, rpm=1760.0, model='MB', filing='Fig.1 to 0.03'

  test_id=99272092820010A1P
    raw trim: type=str  value='(4) @ 8.96 x 8.96 Fig1. To 0.03125 As Cast
  '
      [extract_trim] is_vertical=True  has_@=True
      [extract_trim] → _parse_vertical_trim
      [parse_vt] input='(4) @ 8.96 x 8.96 Fig1. To 0.03125 As Cast'
      [parse_vt] regex matched 1 group(s)
        (4) @ 8.96 x 8.96  avg=8.9600  contrib=4×8.9600=35.8400
      [parse_vt] RESULT: 35.8400 / 4 = 8.9600
      [parse_vt] upper=8.9600  lower=8.9600
      [parse_vt] filing_info='Fig1. To 0.03125'
    → trim_diameter=8.96, num_stages=4, filing='Fig1. To 0.03125'
    → upper=8.9600, lower=8.9600, conical=no
    ✓ trim=8.9600, stages=4, rpm=1760.0, model='MB', filing='Fig1. To 0.03125'

  test_id=99272086840011A1P
    raw trim: type=str  value='(4) @ 8.66 x 8.66 Fig1. To 0.03125 AS CAST
  '
      [extract_trim] is_vertical=True  has_@=True
      [extract_trim] → _parse_vertical_trim
      [parse_vt] input='(4) @ 8.66 x 8.66 Fig1. To 0.03125 AS CAST'
      [parse_vt] regex matched 1 group(s)
        (4) @ 8.66 x 8.66  avg=8.6600  contrib=4×8.6600=34.6400
      [parse_vt] RESULT: 34.6400 / 4 = 8.6600
      [parse_vt] upper=8.6600  lower=8.6600
      [parse_vt] filing_info='Fig1. To 0.03125'
    → trim_diameter=8.66, num_stages=4, filing='Fig1. To 0.03125'
    → upper=8.6600, lower=8.6600, conical=no
    ✓ trim=8.6600, stages=4, rpm=1760.0, model='MB', filing='Fig1. To 0.03125'

  test_id=99272045200010A1P
    raw trim: type=str  value='(5) @ 8.64 x 8.64 Fig1. To 0.03125 Deburr
  '
      [extract_trim] is_vertical=True  has_@=True
      [extract_trim] → _parse_vertical_trim
      [parse_vt] input='(5) @ 8.64 x 8.64 Fig1. To 0.03125 Deburr'
      [parse_vt] regex matched 1 group(s)
        (5) @ 8.64 x 8.64  avg=8.6400  contrib=5×8.6400=43.2000
      [parse_vt] RESULT: 43.2000 / 5 = 8.6400
      [parse_vt] upper=8.6400  lower=8.6400
      [parse_vt] filing_info='Fig1. To 0.03125'
    → trim_diameter=8.64, num_stages=5, filing='Fig1. To 0.03125'
    → upper=8.6400, lower=8.6400, conical=no
    ✓ trim=8.6400, stages=5, rpm=1760.0, model='MB', filing='Fig1. To 0.03125'

  test_id=99272091280010A1P
    raw trim: type=str  value='(5) @ 8.74 x 8.74 Fig1. To 0.03125 As Cast
  '
      [extract_trim] is_vertical=True  has_@=True
      [extract_trim] → _parse_vertical_trim
      [parse_vt] input='(5) @ 8.74 x 8.74 Fig1. To 0.03125 As Cast'
      [parse_vt] regex matched 1 group(s)
        (5) @ 8.74 x 8.74  avg=8.7400  contrib=5×8.7400=43.7000
      [parse_vt] RESULT: 43.7000 / 5 = 8.7400
      [parse_vt] upper=8.7400  lower=8.7400
      [parse_vt] filing_info='Fig1. To 0.03125'
    → trim_diameter=8.74, num_stages=5, filing='Fig1. To 0.03125'
    → upper=8.7400, lower=8.7400, conical=no
    ✓ trim=8.7400, stages=5, rpm=1760.0, model='MB', filing='Fig1. To 0.03125'

  test_id=99272094190010A1P
    raw trim: type=str  value='(4) @ 8.66 x 8.66 Fig1. To 0.03125 75Ra
  '
      [extract_trim] POLISHED detected in '(4) @ 8.66 x 8.66 Fig1. To 0.03125 75Ra'
      [extract_trim] is_vertical=True  has_@=True
      [extract_trim] → _parse_vertical_trim
      [parse_vt] input='(4) @ 8.66 x 8.66 Fig1. To 0.03125 75Ra'
      [parse_vt] regex matched 1 group(s)
        (4) @ 8.66 x 8.66  avg=8.6600  contrib=4×8.6600=34.6400
      [parse_vt] RESULT: 34.6400 / 4 = 8.6600
      [parse_vt] upper=8.6600  lower=8.6600
      [parse_vt] filing_info='Fig1. To 0.03125'
    → trim_diameter=8.66, num_stages=4, filing='Fig1. To 0.03125'
    → upper=8.6600, lower=8.6600, conical=no
    → POLISHED impeller detected
    ✓ trim=8.6600, stages=4, rpm=1760.0, model='MB', filing='Fig1. To 0.03125'

  test_id=99272089320010A1P
    raw trim: type=str  value='(4) @ 8.8 x 8.8 Fig1. To 0.03125 AS CAST
  '
      [extract_trim] is_vertical=True  has_@=True
      [extract_trim] → _parse_vertical_trim
      [parse_vt] input='(4) @ 8.8 x 8.8 Fig1. To 0.03125 AS CAST'
      [parse_vt] regex matched 1 group(s)
        (4) @ 8.8 x 8.8  avg=8.8000  contrib=4×8.8000=35.2000
      [parse_vt] RESULT: 35.2000 / 4 = 8.8000
      [parse_vt] upper=8.8000  lower=8.8000
      [parse_vt] filing_info='Fig1. To 0.03125'
    → trim_diameter=8.8, num_stages=4, filing='Fig1. To 0.03125'
    → upper=8.8000, lower=8.8000, conical=no
    ✓ trim=8.8000, stages=4, rpm=1760.0, model='MB', filing='Fig1. To 0.03125'

  test_id=99272113430010A1P
    raw trim: type=str  value='(9) @ 8.76 x 8.76 Fig1. To 0.03125 75Ra
  '
      [extract_trim] POLISHED detected in '(9) @ 8.76 x 8.76 Fig1. To 0.03125 75Ra'
      [extract_trim] is_vertical=True  has_@=True
      [extract_trim] → _parse_vertical_trim
      [parse_vt] input='(9) @ 8.76 x 8.76 Fig1. To 0.03125 75Ra'
      [parse_vt] regex matched 1 group(s)
        (9) @ 8.76 x 8.76  avg=8.7600  contrib=9×8.7600=78.8400
      [parse_vt] RESULT: 78.8400 / 9 = 8.7600
      [parse_vt] upper=8.7600  lower=8.7600
      [parse_vt] filing_info='Fig1. To 0.03125'
    → trim_diameter=8.76, num_stages=9, filing='Fig1. To 0.03125'
    → upper=8.7600, lower=8.7600, conical=no
    → POLISHED impeller detected
    ✓ trim=8.7600, stages=9, rpm=1760.0, model='MB', filing='Fig1. To 0.03125'

  test_id=99272116990010A1P
    raw trim: type=str  value='(8) @ 8.86 x 8.86 Fig1. To 0.03125 AS CAST
  '
      [extract_trim] is_vertical=True  has_@=True
      [extract_trim] → _parse_vertical_trim
      [parse_vt] input='(8) @ 8.86 x 8.86 Fig1. To 0.03125 AS CAST'
      [parse_vt] regex matched 1 group(s)
        (8) @ 8.86 x 8.86  avg=8.8600  contrib=8×8.8600=70.8800
      [parse_vt] RESULT: 70.8800 / 8 = 8.8600
      [parse_vt] upper=8.8600  lower=8.8600
      [parse_vt] filing_info='Fig1. To 0.03125'
    → trim_diameter=8.86, num_stages=8, filing='Fig1. To 0.03125'
    → upper=8.8600, lower=8.8600, conical=no
    ✓ trim=8.8600, stages=8, rpm=1760.0, model='MB', filing='Fig1. To 0.03125'

  test_id=99272131020010A1P
    raw trim: type=str  value='(4) @ 8.82 x 8.82 Fig1. To 0.03125 AS CAST
  '
      [extract_trim] is_vertical=True  has_@=True
      [extract_trim] → _parse_vertical_trim
      [parse_vt] input='(4) @ 8.82 x 8.82 Fig1. To 0.03125 AS CAST'
      [parse_vt] regex matched 1 group(s)
        (4) @ 8.82 x 8.82  avg=8.8200  contrib=4×8.8200=35.2800
      [parse_vt] RESULT: 35.2800 / 4 = 8.8200
      [parse_vt] upper=8.8200  lower=8.8200
      [parse_vt] filing_info='Fig1. To 0.03125'
    → trim_diameter=8.82, num_stages=4, filing='Fig1. To 0.03125'
    → upper=8.8200, lower=8.8200, conical=no
    ✓ trim=8.8200, stages=4, rpm=1760.0, model='MB', filing='Fig1. To 0.03125'

  test_id=99272118030010A1P
    raw trim: type=str  value='(5) @ 8.66 x 8.66 Fig1. To 0.03125 AS CAST
  '
      [extract_trim] is_vertical=True  has_@=True
      [extract_trim] → _parse_vertical_trim
      [parse_vt] input='(5) @ 8.66 x 8.66 Fig1. To 0.03125 AS CAST'
      [parse_vt] regex matched 1 group(s)
        (5) @ 8.66 x 8.66  avg=8.6600  contrib=5×8.6600=43.3000
      [parse_vt] RESULT: 43.3000 / 5 = 8.6600
      [parse_vt] upper=8.6600  lower=8.6600
      [parse_vt] filing_info='Fig1. To 0.03125'
    → trim_diameter=8.66, num_stages=5, filing='Fig1. To 0.03125'
    → upper=8.6600, lower=8.6600, conical=no
    ✓ trim=8.6600, stages=5, rpm=1760.0, model='MB', filing='Fig1. To 0.03125'

  test_id=99272113430010B1P
    raw trim: type=str  value='(9) @ 8.76 x 8.76 Fig1. To 0.03125 75Ra
  '
      [extract_trim] POLISHED detected in '(9) @ 8.76 x 8.76 Fig1. To 0.03125 75Ra'
      [extract_trim] is_vertical=True  has_@=True
      [extract_trim] → _parse_vertical_trim
      [parse_vt] input='(9) @ 8.76 x 8.76 Fig1. To 0.03125 75Ra'
      [parse_vt] regex matched 1 group(s)
        (9) @ 8.76 x 8.76  avg=8.7600  contrib=9×8.7600=78.8400
      [parse_vt] RESULT: 78.8400 / 9 = 8.7600
      [parse_vt] upper=8.7600  lower=8.7600
      [parse_vt] filing_info='Fig1. To 0.03125'
    → trim_diameter=8.76, num_stages=9, filing='Fig1. To 0.03125'
    → upper=8.7600, lower=8.7600, conical=no
    → POLISHED impeller detected
    ✓ trim=8.7600, stages=9, rpm=1760.0, model='MB', filing='Fig1. To 0.03125'

  test_id=99272125290010A1P
    raw trim: type=str  value='(4) @ 8.66 x 8.66 Fig1. To 0.03125 AS CAST
  '
      [extract_trim] is_vertical=True  has_@=True
      [extract_trim] → _parse_vertical_trim
      [parse_vt] input='(4) @ 8.66 x 8.66 Fig1. To 0.03125 AS CAST'
      [parse_vt] regex matched 1 group(s)
        (4) @ 8.66 x 8.66  avg=8.6600  contrib=4×8.6600=34.6400
      [parse_vt] RESULT: 34.6400 / 4 = 8.6600
      [parse_vt] upper=8.6600  lower=8.6600
      [parse_vt] filing_info='Fig1. To 0.03125'
    → trim_diameter=8.66, num_stages=4, filing='Fig1. To 0.03125'
    → upper=8.6600, lower=8.6600, conical=no
    ✓ trim=8.6600, stages=4, rpm=1760.0, model='MB', filing='Fig1. To 0.03125'

  test_id=99272133080010A1P
    raw trim: type=str  value='(4) @ 8.62 x 8.62 Fig1. To 0.03125 AS CAST
  '
      [extract_trim] is_vertical=True  has_@=True
      [extract_trim] → _parse_vertical_trim
      [parse_vt] input='(4) @ 8.62 x 8.62 Fig1. To 0.03125 AS CAST'
      [parse_vt] regex matched 1 group(s)
        (4) @ 8.62 x 8.62  avg=8.6200  contrib=4×8.6200=34.4800
      [parse_vt] RESULT: 34.4800 / 4 = 8.6200
      [parse_vt] upper=8.6200  lower=8.6200
      [parse_vt] filing_info='Fig1. To 0.03125'
    → trim_diameter=8.62, num_stages=4, filing='Fig1. To 0.03125'
    → upper=8.6200, lower=8.6200, conical=no
    ✓ trim=8.6200, stages=4, rpm=1760.0, model='MB', filing='Fig1. To 0.03125'

  test_id=99272126520010A1P
    raw trim: type=str  value='(4) @ 8.66 x 8.66 Fig1. To 0.03125 AS CAST
  '
      [extract_trim] is_vertical=True  has_@=True
      [extract_trim] → _parse_vertical_trim
      [parse_vt] input='(4) @ 8.66 x 8.66 Fig1. To 0.03125 AS CAST'
      [parse_vt] regex matched 1 group(s)
        (4) @ 8.66 x 8.66  avg=8.6600  contrib=4×8.6600=34.6400
      [parse_vt] RESULT: 34.6400 / 4 = 8.6600
      [parse_vt] upper=8.6600  lower=8.6600
      [parse_vt] filing_info='Fig1. To 0.03125'
    → trim_diameter=8.66, num_stages=4, filing='Fig1. To 0.03125'
    → upper=8.6600, lower=8.6600, conical=no
    ✓ trim=8.6600, stages=4, rpm=1760.0, model='MB', filing='Fig1. To 0.03125'

  test_id=99272149470010A1P
    raw trim: type=str  value='(6) @ 8.58 x 8.58 Fig1. To 0.03125 AS CAST
  '
      [extract_trim] is_vertical=True  has_@=True
      [extract_trim] → _parse_vertical_trim
      [parse_vt] input='(6) @ 8.58 x 8.58 Fig1. To 0.03125 AS CAST'
      [parse_vt] regex matched 1 group(s)
        (6) @ 8.58 x 8.58  avg=8.5800  contrib=6×8.5800=51.4800
      [parse_vt] RESULT: 51.4800 / 6 = 8.5800
      [parse_vt] upper=8.5800  lower=8.5800
      [parse_vt] filing_info='Fig1. To 0.03125'
    → trim_diameter=8.58, num_stages=6, filing='Fig1. To 0.03125'
    → upper=8.5800, lower=8.5800, conical=no
    ✓ trim=8.5800, stages=6, rpm=1760.0, model='MB', filing='Fig1. To 0.03125'

  test_id=99272145210010A1P
    raw trim: type=str  value='(3) @ 8.96 x 8.96 Fig1. To 0.03125 AS CAST
  '
      [extract_trim] is_vertical=True  has_@=True
      [extract_trim] → _parse_vertical_trim
      [parse_vt] input='(3) @ 8.96 x 8.96 Fig1. To 0.03125 AS CAST'
      [parse_vt] regex matched 1 group(s)
        (3) @ 8.96 x 8.96  avg=8.9600  contrib=3×8.9600=26.8800
      [parse_vt] RESULT: 26.8800 / 3 = 8.9600
      [parse_vt] upper=8.9600  lower=8.9600
      [parse_vt] filing_info='Fig1. To 0.03125'
    → trim_diameter=8.96, num_stages=3, filing='Fig1. To 0.03125'
    → upper=8.9600, lower=8.9600, conical=no
    ✓ trim=8.9600, stages=3, rpm=1760.0, model='MB', filing='Fig1. To 0.03125'

  test_id=99272160560010A1P
    raw trim: type=str  value='(1) @ 8.69 x 8.69 Fig1. To 0.03125 As Cast
  '
      [extract_trim] is_vertical=True  has_@=True
      [extract_trim] → _parse_vertical_trim
      [parse_vt] input='(1) @ 8.69 x 8.69 Fig1. To 0.03125 As Cast'
      [parse_vt] regex matched 1 group(s)
        (1) @ 8.69 x 8.69  avg=8.6900  contrib=1×8.6900=8.6900
      [parse_vt] RESULT: 8.6900 / 1 = 8.6900
      [parse_vt] upper=8.6900  lower=8.6900
      [parse_vt] filing_info='Fig1. To 0.03125'
    → trim_diameter=8.69, num_stages=1, filing='Fig1. To 0.03125'
    → upper=8.6900, lower=8.6900, conical=no
    stages fallback: 1 → 1 (from 'num_stages' column)
    ✓ trim=8.6900, stages=1, rpm=1785.0, model='MB', filing='Fig1. To 0.03125'

  test_id=99272162430010A1P
    raw trim: type=str  value='(4) @ 8.66 x 8.66 Fig1. To 0.03125 75Ra
  '
      [extract_trim] POLISHED detected in '(4) @ 8.66 x 8.66 Fig1. To 0.03125 75Ra'
      [extract_trim] is_vertical=True  has_@=True
      [extract_trim] → _parse_vertical_trim
      [parse_vt] input='(4) @ 8.66 x 8.66 Fig1. To 0.03125 75Ra'
      [parse_vt] regex matched 1 group(s)
        (4) @ 8.66 x 8.66  avg=8.6600  contrib=4×8.6600=34.6400
      [parse_vt] RESULT: 34.6400 / 4 = 8.6600
      [parse_vt] upper=8.6600  lower=8.6600
      [parse_vt] filing_info='Fig1. To 0.03125'
    → trim_diameter=8.66, num_stages=4, filing='Fig1. To 0.03125'
    → upper=8.6600, lower=8.6600, conical=no
    → POLISHED impeller detected
    ✓ trim=8.6600, stages=4, rpm=1760.0, model='MB', filing='Fig1. To 0.03125'

  test_id=99272172120010A1P
    raw trim: type=str  value='(5) @ 8.82 x 8.82 Fig1. To 0.03125 AS CAST
  '
      [extract_trim] is_vertical=True  has_@=True
      [extract_trim] → _parse_vertical_trim
      [parse_vt] input='(5) @ 8.82 x 8.82 Fig1. To 0.03125 AS CAST'
      [parse_vt] regex matched 1 group(s)
        (5) @ 8.82 x 8.82  avg=8.8200  contrib=5×8.8200=44.1000
      [parse_vt] RESULT: 44.1000 / 5 = 8.8200
      [parse_vt] upper=8.8200  lower=8.8200
      [parse_vt] filing_info='Fig1. To 0.03125'
    → trim_diameter=8.82, num_stages=5, filing='Fig1. To 0.03125'
    → upper=8.8200, lower=8.8200, conical=no
    ✓ trim=8.8200, stages=5, rpm=1760.0, model='MB', filing='Fig1. To 0.03125'

  test_id=99272178420010A1P
    raw trim: type=str  value='(6) @ 8.6 x 8.6 Fig1. To 0.03125 AS CAST
  '
      [extract_trim] is_vertical=True  has_@=True
      [extract_trim] → _parse_vertical_trim
      [parse_vt] input='(6) @ 8.6 x 8.6 Fig1. To 0.03125 AS CAST'
      [parse_vt] regex matched 1 group(s)
        (6) @ 8.6 x 8.6  avg=8.6000  contrib=6×8.6000=51.6000
      [parse_vt] RESULT: 51.6000 / 6 = 8.6000
      [parse_vt] upper=8.6000  lower=8.6000
      [parse_vt] filing_info='Fig1. To 0.03125'
    → trim_diameter=8.6, num_stages=6, filing='Fig1. To 0.03125'
    → upper=8.6000, lower=8.6000, conical=no
    ✓ trim=8.6000, stages=6, rpm=1760.0, model='MB', filing='Fig1. To 0.03125'

  test_id=99272188670010A1P
    raw trim: type=str  value='(7) @ 8.9 x 8.9 Fig1. To 0.03125 75Ra
  '
      [extract_trim] POLISHED detected in '(7) @ 8.9 x 8.9 Fig1. To 0.03125 75Ra'
      [extract_trim] is_vertical=True  has_@=True
      [extract_trim] → _parse_vertical_trim
      [parse_vt] input='(7) @ 8.9 x 8.9 Fig1. To 0.03125 75Ra'
      [parse_vt] regex matched 1 group(s)
        (7) @ 8.9 x 8.9  avg=8.9000  contrib=7×8.9000=62.3000
      [parse_vt] RESULT: 62.3000 / 7 = 8.9000
      [parse_vt] upper=8.9000  lower=8.9000
      [parse_vt] filing_info='Fig1. To 0.03125'
    → trim_diameter=8.9, num_stages=7, filing='Fig1. To 0.03125'
    → upper=8.9000, lower=8.9000, conical=no
    → POLISHED impeller detected
    ✓ trim=8.9000, stages=7, rpm=1760.0, model='MB', filing='Fig1. To 0.03125'

  test_id=99272196350010A1P
    raw trim: type=str  value='(2) @ 8.62 x 8.62 Fig1. To 0.03125 AS CAST
  '
      [extract_trim] is_vertical=True  has_@=True
      [extract_trim] → _parse_vertical_trim
      [parse_vt] input='(2) @ 8.62 x 8.62 Fig1. To 0.03125 AS CAST'
      [parse_vt] regex matched 1 group(s)
        (2) @ 8.62 x 8.62  avg=8.6200  contrib=2×8.6200=17.2400
      [parse_vt] RESULT: 17.2400 / 2 = 8.6200
      [parse_vt] upper=8.6200  lower=8.6200
      [parse_vt] filing_info='Fig1. To 0.03125'
    → trim_diameter=8.62, num_stages=2, filing='Fig1. To 0.03125'
    → upper=8.6200, lower=8.6200, conical=no
    ✓ trim=8.6200, stages=2, rpm=1760.0, model='MB', filing='Fig1. To 0.03125'

  test_id=99272195800010A1P
    raw trim: type=str  value='(3) @ 8.96 x 8.96 Fig1. To 0.03125 AS CAST
  '
      [extract_trim] is_vertical=True  has_@=True
      [extract_trim] → _parse_vertical_trim
      [parse_vt] input='(3) @ 8.96 x 8.96 Fig1. To 0.03125 AS CAST'
      [parse_vt] regex matched 1 group(s)
        (3) @ 8.96 x 8.96  avg=8.9600  contrib=3×8.9600=26.8800
      [parse_vt] RESULT: 26.8800 / 3 = 8.9600
      [parse_vt] upper=8.9600  lower=8.9600
      [parse_vt] filing_info='Fig1. To 0.03125'
    → trim_diameter=8.96, num_stages=3, filing='Fig1. To 0.03125'
    → upper=8.9600, lower=8.9600, conical=no
    ✓ trim=8.9600, stages=3, rpm=1760.0, model='MB', filing='Fig1. To 0.03125'

  test_id=99272195800010B1P
    raw trim: type=str  value='(3) @ 8.96 x 8.96 Fig1. To 0.03125 AS CAST
  '
      [extract_trim] is_vertical=True  has_@=True
      [extract_trim] → _parse_vertical_trim
      [parse_vt] input='(3) @ 8.96 x 8.96 Fig1. To 0.03125 AS CAST'
      [parse_vt] regex matched 1 group(s)
        (3) @ 8.96 x 8.96  avg=8.9600  contrib=3×8.9600=26.8800
      [parse_vt] RESULT: 26.8800 / 3 = 8.9600
      [parse_vt] upper=8.9600  lower=8.9600
      [parse_vt] filing_info='Fig1. To 0.03125'
    → trim_diameter=8.96, num_stages=3, filing='Fig1. To 0.03125'
    → upper=8.9600, lower=8.9600, conical=no
    ✓ trim=8.9600, stages=3, rpm=1760.0, model='MB', filing='Fig1. To 0.03125'

  test_id=99272195800010B1P
    raw trim: type=str  value='(3) @ 8.96 x 8.96 Fig1. To 0.03125 AS CAST
  '
      [extract_trim] is_vertical=True  has_@=True
      [extract_trim] → _parse_vertical_trim
      [parse_vt] input='(3) @ 8.96 x 8.96 Fig1. To 0.03125 AS CAST'
      [parse_vt] regex matched 1 group(s)
        (3) @ 8.96 x 8.96  avg=8.9600  contrib=3×8.9600=26.8800
      [parse_vt] RESULT: 26.8800 / 3 = 8.9600
      [parse_vt] upper=8.9600  lower=8.9600
      [parse_vt] filing_info='Fig1. To 0.03125'
    → trim_diameter=8.96, num_stages=3, filing='Fig1. To 0.03125'
    → upper=8.9600, lower=8.9600, conical=no
    ✓ trim=8.9600, stages=3, rpm=1760.0, model='MB', filing='Fig1. To 0.03125'

  test_id=99272201090010A1P
    raw trim: type=str  value='(5) @ 8.7 x 8.7 Fig1. To 0.03125 AS CAST
  '
      [extract_trim] is_vertical=True  has_@=True
      [extract_trim] → _parse_vertical_trim
      [parse_vt] input='(5) @ 8.7 x 8.7 Fig1. To 0.03125 AS CAST'
      [parse_vt] regex matched 1 group(s)
        (5) @ 8.7 x 8.7  avg=8.7000  contrib=5×8.7000=43.5000
      [parse_vt] RESULT: 43.5000 / 5 = 8.7000
      [parse_vt] upper=8.7000  lower=8.7000
      [parse_vt] filing_info='Fig1. To 0.03125'
    → trim_diameter=8.7, num_stages=5, filing='Fig1. To 0.03125'
    → upper=8.7000, lower=8.7000, conical=no
    ✓ trim=8.7000, stages=5, rpm=1760.0, model='MB', filing='Fig1. To 0.03125'

  test_id=99272165710010A1P
    raw trim: type=str  value='(10) @ 8.76 x 8.76 Fig1. To 0.03125 AS CAST
  '
      [extract_trim] is_vertical=True  has_@=True
      [extract_trim] → _parse_vertical_trim
      [parse_vt] input='(10) @ 8.76 x 8.76 Fig1. To 0.03125 AS CAST'
      [parse_vt] regex matched 1 group(s)
        (10) @ 8.76 x 8.76  avg=8.7600  contrib=10×8.7600=87.6000
      [parse_vt] RESULT: 87.6000 / 10 = 8.7600
      [parse_vt] upper=8.7600  lower=8.7600
      [parse_vt] filing_info='Fig1. To 0.03125'
    → trim_diameter=8.76, num_stages=10, filing='Fig1. To 0.03125'
    → upper=8.7600, lower=8.7600, conical=no
    ✓ trim=8.7600, stages=10, rpm=1760.0, model='MB', filing='Fig1. To 0.03125'

  test_id=99272212100010A1P
    raw trim: type=str  value='(4) @ 8.66 x 8.66 Fig1. To 0.03125 AS CAST
  '
      [extract_trim] is_vertical=True  has_@=True
      [extract_trim] → _parse_vertical_trim
      [parse_vt] input='(4) @ 8.66 x 8.66 Fig1. To 0.03125 AS CAST'
      [parse_vt] regex matched 1 group(s)
        (4) @ 8.66 x 8.66  avg=8.6600  contrib=4×8.6600=34.6400
      [parse_vt] RESULT: 34.6400 / 4 = 8.6600
      [parse_vt] upper=8.6600  lower=8.6600
      [parse_vt] filing_info='Fig1. To 0.03125'
    → trim_diameter=8.66, num_stages=4, filing='Fig1. To 0.03125'
    → upper=8.6600, lower=8.6600, conical=no
    ✓ trim=8.6600, stages=4, rpm=1760.0, model='MB', filing='Fig1. To 0.03125'

  test_id=99272198520010A1P
    raw trim: type=str  value='(4) @ 8.66 x 8.66 Fig1. To 0.03125 As Cast
  '
      [extract_trim] is_vertical=True  has_@=True
      [extract_trim] → _parse_vertical_trim
      [parse_vt] input='(4) @ 8.66 x 8.66 Fig1. To 0.03125 As Cast'
      [parse_vt] regex matched 1 group(s)
        (4) @ 8.66 x 8.66  avg=8.6600  contrib=4×8.6600=34.6400
      [parse_vt] RESULT: 34.6400 / 4 = 8.6600
      [parse_vt] upper=8.6600  lower=8.6600
      [parse_vt] filing_info='Fig1. To 0.03125'
    → trim_diameter=8.66, num_stages=4, filing='Fig1. To 0.03125'
    → upper=8.6600, lower=8.6600, conical=no
    ✓ trim=8.6600, stages=4, rpm=1760.0, model='MB', filing='Fig1. To 0.03125'

  test_id=99272205420010A1P
    raw trim: type=str  value='(4) @ 8.66 x 8.66 Fig1. To 0.03125 75RA
  '
      [extract_trim] POLISHED detected in '(4) @ 8.66 x 8.66 Fig1. To 0.03125 75RA'
      [extract_trim] is_vertical=True  has_@=True
      [extract_trim] → _parse_vertical_trim
      [parse_vt] input='(4) @ 8.66 x 8.66 Fig1. To 0.03125 75RA'
      [parse_vt] regex matched 1 group(s)
        (4) @ 8.66 x 8.66  avg=8.6600  contrib=4×8.6600=34.6400
      [parse_vt] RESULT: 34.6400 / 4 = 8.6600
      [parse_vt] upper=8.6600  lower=8.6600
      [parse_vt] filing_info='Fig1. To 0.03125'
    → trim_diameter=8.66, num_stages=4, filing='Fig1. To 0.03125'
    → upper=8.6600, lower=8.6600, conical=no
    → POLISHED impeller detected
    ✓ trim=8.6600, stages=4, rpm=1760.0, model='MB', filing='Fig1. To 0.03125'

  test_id=99272213380010A1P
    raw trim: type=str  value='(5) @ 8.76 x 8.76 Fig1. To 0.03125 AS CAST
  '
      [extract_trim] is_vertical=True  has_@=True
      [extract_trim] → _parse_vertical_trim
      [parse_vt] input='(5) @ 8.76 x 8.76 Fig1. To 0.03125 AS CAST'
      [parse_vt] regex matched 1 group(s)
        (5) @ 8.76 x 8.76  avg=8.7600  contrib=5×8.7600=43.8000
      [parse_vt] RESULT: 43.8000 / 5 = 8.7600
      [parse_vt] upper=8.7600  lower=8.7600
      [parse_vt] filing_info='Fig1. To 0.03125'
    → trim_diameter=8.76, num_stages=5, filing='Fig1. To 0.03125'
    → upper=8.7600, lower=8.7600, conical=no
    ✓ trim=8.7600, stages=5, rpm=1760.0, model='MB', filing='Fig1. To 0.03125'

  test_id=99272206500010A1P
    raw trim: type=str  value='(5) @ 8.88 x 8.88 Fig1. To 0.03125 As Cast
  '
      [extract_trim] is_vertical=True  has_@=True
      [extract_trim] → _parse_vertical_trim
      [parse_vt] input='(5) @ 8.88 x 8.88 Fig1. To 0.03125 As Cast'
      [parse_vt] regex matched 1 group(s)
        (5) @ 8.88 x 8.88  avg=8.8800  contrib=5×8.8800=44.4000
      [parse_vt] RESULT: 44.4000 / 5 = 8.8800
      [parse_vt] upper=8.8800  lower=8.8800
      [parse_vt] filing_info='Fig1. To 0.03125'
    → trim_diameter=8.88, num_stages=5, filing='Fig1. To 0.03125'
    → upper=8.8800, lower=8.8800, conical=no
    ✓ trim=8.8800, stages=5, rpm=1760.0, model='MB', filing='Fig1. To 0.03125'

  test_id=99272213380010B1P
    raw trim: type=str  value='(5) @ 8.76 x 8.76 Fig1. To 0.03125 AS CAST
  '
      [extract_trim] is_vertical=True  has_@=True
      [extract_trim] → _parse_vertical_trim
      [parse_vt] input='(5) @ 8.76 x 8.76 Fig1. To 0.03125 AS CAST'
      [parse_vt] regex matched 1 group(s)
        (5) @ 8.76 x 8.76  avg=8.7600  contrib=5×8.7600=43.8000
      [parse_vt] RESULT: 43.8000 / 5 = 8.7600
      [parse_vt] upper=8.7600  lower=8.7600
      [parse_vt] filing_info='Fig1. To 0.03125'
    → trim_diameter=8.76, num_stages=5, filing='Fig1. To 0.03125'
    → upper=8.7600, lower=8.7600, conical=no
    ✓ trim=8.7600, stages=5, rpm=1760.0, model='MB', filing='Fig1. To 0.03125'

  test_id=99272214760040A1P
    raw trim: type=str  value='(5) @ 8.76 x 8.76 Fig1. To 0.03125 AS CAST
  '
      [extract_trim] is_vertical=True  has_@=True
      [extract_trim] → _parse_vertical_trim
      [parse_vt] input='(5) @ 8.76 x 8.76 Fig1. To 0.03125 AS CAST'
      [parse_vt] regex matched 1 group(s)
        (5) @ 8.76 x 8.76  avg=8.7600  contrib=5×8.7600=43.8000
      [parse_vt] RESULT: 43.8000 / 5 = 8.7600
      [parse_vt] upper=8.7600  lower=8.7600
      [parse_vt] filing_info='Fig1. To 0.03125'
    → trim_diameter=8.76, num_stages=5, filing='Fig1. To 0.03125'
    → upper=8.7600, lower=8.7600, conical=no
    ✓ trim=8.7600, stages=5, rpm=1760.0, model='MB', filing='Fig1. To 0.03125'

  test_id=99272174140010A1P
    raw trim: type=str  value='(4) @ 8.96 x 8.96 Fig1. To 0.03125 AS CAST
  '
      [extract_trim] is_vertical=True  has_@=True
      [extract_trim] → _parse_vertical_trim
      [parse_vt] input='(4) @ 8.96 x 8.96 Fig1. To 0.03125 AS CAST'
      [parse_vt] regex matched 1 group(s)
        (4) @ 8.96 x 8.96  avg=8.9600  contrib=4×8.9600=35.8400
      [parse_vt] RESULT: 35.8400 / 4 = 8.9600
      [parse_vt] upper=8.9600  lower=8.9600
      [parse_vt] filing_info='Fig1. To 0.03125'
    → trim_diameter=8.96, num_stages=4, filing='Fig1. To 0.03125'
    → upper=8.9600, lower=8.9600, conical=no
    ✓ trim=8.9600, stages=4, rpm=1785.0, model='MB', filing='Fig1. To 0.03125'

  test_id=99272230080010A1P
    raw trim: type=str  value='(5) @ 8.96 x 8.96 Fig1. To 0.03125 AS CAST
  '
      [extract_trim] is_vertical=True  has_@=True
      [extract_trim] → _parse_vertical_trim
      [parse_vt] input='(5) @ 8.96 x 8.96 Fig1. To 0.03125 AS CAST'
      [parse_vt] regex matched 1 group(s)
        (5) @ 8.96 x 8.96  avg=8.9600  contrib=5×8.9600=44.8000
      [parse_vt] RESULT: 44.8000 / 5 = 8.9600
      [parse_vt] upper=8.9600  lower=8.9600
      [parse_vt] filing_info='Fig1. To 0.03125'
    → trim_diameter=8.96, num_stages=5, filing='Fig1. To 0.03125'
    → upper=8.9600, lower=8.9600, conical=no
    ✓ trim=8.9600, stages=5, rpm=1760.0, model='MB', filing='Fig1. To 0.03125'

  test_id=99272230180010A1P
    raw trim: type=str  value='(5) @ 8.72 x 8.72 Fig1. To 0.03125 AS CAST
  '
      [extract_trim] is_vertical=True  has_@=True
      [extract_trim] → _parse_vertical_trim
      [parse_vt] input='(5) @ 8.72 x 8.72 Fig1. To 0.03125 AS CAST'
      [parse_vt] regex matched 1 group(s)
        (5) @ 8.72 x 8.72  avg=8.7200  contrib=5×8.7200=43.6000
      [parse_vt] RESULT: 43.6000 / 5 = 8.7200
      [parse_vt] upper=8.7200  lower=8.7200
      [parse_vt] filing_info='Fig1. To 0.03125'
    → trim_diameter=8.72, num_stages=5, filing='Fig1. To 0.03125'
    → upper=8.7200, lower=8.7200, conical=no
    ✓ trim=8.7200, stages=5, rpm=1760.0, model='MB', filing='Fig1. To 0.03125'

  test_id=99272230330010A1P
    raw trim: type=str  value='(5) @ 8.72 x 8.72 Fig1. To 0.03125 AS CAST
  '
      [extract_trim] is_vertical=True  has_@=True
      [extract_trim] → _parse_vertical_trim
      [parse_vt] input='(5) @ 8.72 x 8.72 Fig1. To 0.03125 AS CAST'
      [parse_vt] regex matched 1 group(s)
        (5) @ 8.72 x 8.72  avg=8.7200  contrib=5×8.7200=43.6000
      [parse_vt] RESULT: 43.6000 / 5 = 8.7200
      [parse_vt] upper=8.7200  lower=8.7200
      [parse_vt] filing_info='Fig1. To 0.03125'
    → trim_diameter=8.72, num_stages=5, filing='Fig1. To 0.03125'
    → upper=8.7200, lower=8.7200, conical=no
    ✓ trim=8.7200, stages=5, rpm=1760.0, model='MB', filing='Fig1. To 0.03125'

  test_id=99272230190010A1P
    raw trim: type=str  value='(5) @ 8.72 x 8.72 Fig1. To 0.03125 AS CAST
  '
      [extract_trim] is_vertical=True  has_@=True
      [extract_trim] → _parse_vertical_trim
      [parse_vt] input='(5) @ 8.72 x 8.72 Fig1. To 0.03125 AS CAST'
      [parse_vt] regex matched 1 group(s)
        (5) @ 8.72 x 8.72  avg=8.7200  contrib=5×8.7200=43.6000
      [parse_vt] RESULT: 43.6000 / 5 = 8.7200
      [parse_vt] upper=8.7200  lower=8.7200
      [parse_vt] filing_info='Fig1. To 0.03125'
    → trim_diameter=8.72, num_stages=5, filing='Fig1. To 0.03125'
    → upper=8.7200, lower=8.7200, conical=no
    ✓ trim=8.7200, stages=5, rpm=1760.0, model='MB', filing='Fig1. To 0.03125'

  test_id=99272232080010A1P
    raw trim: type=str  value='(5) @ 8.72 x 8.72 Fig1. To 0.03125 AS CAST
  '
      [extract_trim] is_vertical=True  has_@=True
      [extract_trim] → _parse_vertical_trim
      [parse_vt] input='(5) @ 8.72 x 8.72 Fig1. To 0.03125 AS CAST'
      [parse_vt] regex matched 1 group(s)
        (5) @ 8.72 x 8.72  avg=8.7200  contrib=5×8.7200=43.6000
      [parse_vt] RESULT: 43.6000 / 5 = 8.7200
      [parse_vt] upper=8.7200  lower=8.7200
      [parse_vt] filing_info='Fig1. To 0.03125'
    → trim_diameter=8.72, num_stages=5, filing='Fig1. To 0.03125'
    → upper=8.7200, lower=8.7200, conical=no
    ✓ trim=8.7200, stages=5, rpm=1760.0, model='MB', filing='Fig1. To 0.03125'

  test_id=99272232080010A1P
    raw trim: type=str  value='(5) @ 8.72 x 8.72 Fig1. To 0.03125 AS CAST
  '
      [extract_trim] is_vertical=True  has_@=True
      [extract_trim] → _parse_vertical_trim
      [parse_vt] input='(5) @ 8.72 x 8.72 Fig1. To 0.03125 AS CAST'
      [parse_vt] regex matched 1 group(s)
        (5) @ 8.72 x 8.72  avg=8.7200  contrib=5×8.7200=43.6000
      [parse_vt] RESULT: 43.6000 / 5 = 8.7200
      [parse_vt] upper=8.7200  lower=8.7200
      [parse_vt] filing_info='Fig1. To 0.03125'
    → trim_diameter=8.72, num_stages=5, filing='Fig1. To 0.03125'
    → upper=8.7200, lower=8.7200, conical=no
    ✓ trim=8.7200, stages=5, rpm=1760.0, model='MB', filing='Fig1. To 0.03125'

  test_id=99272224170010A1P
    raw trim: type=str  value='(3) @ 8.78 x 8.78 Fig1. To 0.03125 75Ra
  '
      [extract_trim] POLISHED detected in '(3) @ 8.78 x 8.78 Fig1. To 0.03125 75Ra'
      [extract_trim] is_vertical=True  has_@=True
      [extract_trim] → _parse_vertical_trim
      [parse_vt] input='(3) @ 8.78 x 8.78 Fig1. To 0.03125 75Ra'
      [parse_vt] regex matched 1 group(s)
        (3) @ 8.78 x 8.78  avg=8.7800  contrib=3×8.7800=26.3400
      [parse_vt] RESULT: 26.3400 / 3 = 8.7800
      [parse_vt] upper=8.7800  lower=8.7800
      [parse_vt] filing_info='Fig1. To 0.03125'
    → trim_diameter=8.78, num_stages=3, filing='Fig1. To 0.03125'
    → upper=8.7800, lower=8.7800, conical=no
    → POLISHED impeller detected
    ✓ trim=8.7800, stages=3, rpm=1760.0, model='MB', filing='Fig1. To 0.03125'

  test_id=99272254750010A1P
    raw trim: type=str  value='(4) @ 8.66 x 8.66 Fig1. To 0.03125 As Cast
  '
      [extract_trim] is_vertical=True  has_@=True
      [extract_trim] → _parse_vertical_trim
      [parse_vt] input='(4) @ 8.66 x 8.66 Fig1. To 0.03125 As Cast'
      [parse_vt] regex matched 1 group(s)
        (4) @ 8.66 x 8.66  avg=8.6600  contrib=4×8.6600=34.6400
      [parse_vt] RESULT: 34.6400 / 4 = 8.6600
      [parse_vt] upper=8.6600  lower=8.6600
      [parse_vt] filing_info='Fig1. To 0.03125'
    → trim_diameter=8.66, num_stages=4, filing='Fig1. To 0.03125'
    → upper=8.6600, lower=8.6600, conical=no
    ✓ trim=8.6600, stages=4, rpm=1760.0, model='MB', filing='Fig1. To 0.03125'

  test_id=99272244030010A1P
    raw trim: type=str  value='(5) @ 8.7 x 8.7 Fig1. To 0.03125 AS CAST
  '
      [extract_trim] is_vertical=True  has_@=True
      [extract_trim] → _parse_vertical_trim
      [parse_vt] input='(5) @ 8.7 x 8.7 Fig1. To 0.03125 AS CAST'
      [parse_vt] regex matched 1 group(s)
        (5) @ 8.7 x 8.7  avg=8.7000  contrib=5×8.7000=43.5000
      [parse_vt] RESULT: 43.5000 / 5 = 8.7000
      [parse_vt] upper=8.7000  lower=8.7000
      [parse_vt] filing_info='Fig1. To 0.03125'
    → trim_diameter=8.7, num_stages=5, filing='Fig1. To 0.03125'
    → upper=8.7000, lower=8.7000, conical=no
    ✓ trim=8.7000, stages=5, rpm=1760.0, model='MB', filing='Fig1. To 0.03125'

  test_id=99272253040010A1P
    raw trim: type=str  value='(5) @ 8.7 x 8.7 Fig1. To 0.03125 AS CAST
  '
      [extract_trim] is_vertical=True  has_@=True
      [extract_trim] → _parse_vertical_trim
      [parse_vt] input='(5) @ 8.7 x 8.7 Fig1. To 0.03125 AS CAST'
      [parse_vt] regex matched 1 group(s)
        (5) @ 8.7 x 8.7  avg=8.7000  contrib=5×8.7000=43.5000
      [parse_vt] RESULT: 43.5000 / 5 = 8.7000
      [parse_vt] upper=8.7000  lower=8.7000
      [parse_vt] filing_info='Fig1. To 0.03125'
    → trim_diameter=8.7, num_stages=5, filing='Fig1. To 0.03125'
    → upper=8.7000, lower=8.7000, conical=no
    ✓ trim=8.7000, stages=5, rpm=1760.0, model='MB', filing='Fig1. To 0.03125'

  Total matches: 76, skipped (no trim): 0
  Unique trims: ['8.5300', '8.5700', '8.5800', '8.6000', '8.6200', '8.6400', '8.6520', '8.6600', '8.6700', '8.6880', '8.6900', '8.6933', '8.7000', '8.7033', '8.7200']
  Unique stages: [1, 2, 3, 4, 5, 6, 7, 8, 9, 10]

======================================================================
  TRIM GROUPING
======================================================================
  PX baseline diameters: [8.96, 8.6425, 8.325, 8.0075, 7.69]
  PX baseline speed:     1775.0
  Tolerance:             3%
  Input tests:           76

  Speed filter: 76 kept, 0 excluded

  [TRIM] 99272093690010A1P: test_trim=8.6400 → nearest_px=8.6425  diff=0.03%  ASSIGNED
  [TRIM] 99272088080010A1P: test_trim=8.6000 → nearest_px=8.6425  diff=0.49%  ASSIGNED
  [TRIM] 99272086870010A1P: test_trim=8.9600 → nearest_px=8.9600  diff=0.00%  ASSIGNED
  [TRIM] 99272076300010A1P: test_trim=8.7600 → nearest_px=8.6425  diff=1.36%  ASSIGNED
  [TRIM] 99272053890010B1P: test_trim=8.8800 → nearest_px=8.9600  diff=0.89%  ASSIGNED
  [TRIM] 99272053890010A1P: test_trim=8.8800 → nearest_px=8.9600  diff=0.89%  ASSIGNED
  [TRIM] 99272053900010B1P: test_trim=8.8800 → nearest_px=8.9600  diff=0.89%  ASSIGNED
  [TRIM] 99272053900010A1P: test_trim=8.8800 → nearest_px=8.9600  diff=0.89%  ASSIGNED
  [TRIM] 99272056010010A1P: test_trim=8.6200 → nearest_px=8.6425  diff=0.26%  ASSIGNED
  [TRIM] 99272052860010A1P: test_trim=8.7400 → nearest_px=8.6425  diff=1.13%  ASSIGNED
  [TRIM] 99272046600010A1P: test_trim=8.6000 → nearest_px=8.6425  diff=0.49%  ASSIGNED
  [TRIM] 99272033870010A1P: test_trim=8.8600 → nearest_px=8.9600  diff=1.12%  ASSIGNED
  [TRIM] 99272033440010A1P: test_trim=8.6600 → nearest_px=8.6425  diff=0.20%  ASSIGNED
  [TRIM] 99271930350010A1P: test_trim=8.9600 → nearest_px=8.9600  diff=0.00%  ASSIGNED
  [TRIM] 99271917070010A1P: test_trim=8.9000 → nearest_px=8.9600  diff=0.67%  ASSIGNED
  [TRIM] 99271979790010A1P: test_trim=8.8500 → nearest_px=8.9600  diff=1.23%  ASSIGNED
  [TRIM] 99271976320010A1P: test_trim=8.9600 → nearest_px=8.9600  diff=0.00%  ASSIGNED
  [TRIM] 99271976480010A1P: test_trim=8.9600 → nearest_px=8.9600  diff=0.00%  ASSIGNED
  [TRIM] 99271958690010A1P: test_trim=8.9180 → nearest_px=8.9600  diff=0.47%  ASSIGNED
  [TRIM] 99271958330010A1P: test_trim=8.6880 → nearest_px=8.6425  diff=0.53%  ASSIGNED
  [TRIM] 99271964520010A1P: test_trim=8.6520 → nearest_px=8.6425  diff=0.11%  ASSIGNED
  [TRIM] 99271959350010A1P: test_trim=8.5700 → nearest_px=8.6425  diff=0.84%  ASSIGNED
  [TRIM] 99271856860010A1P: test_trim=8.9600 → nearest_px=8.9600  diff=0.00%  ASSIGNED
  [TRIM] 99271935000010A1P: test_trim=8.6700 → nearest_px=8.6425  diff=0.32%  ASSIGNED
  [TRIM] 99271935550010A1P: test_trim=8.7000 → nearest_px=8.6425  diff=0.67%  ASSIGNED
  [TRIM] 99271915920010A1P: test_trim=8.7033 → nearest_px=8.6425  diff=0.70%  ASSIGNED
  [TRIM] 99271914720010A1P: test_trim=8.7575 → nearest_px=8.6425  diff=1.33%  ASSIGNED
  [TRIM] 99271902460010A1P: test_trim=8.5300 → nearest_px=8.6425  diff=1.30%  ASSIGNED
  [TRIM] 99271909300010B1P: test_trim=8.6933 → nearest_px=8.6425  diff=0.59%  ASSIGNED
  [TRIM] 99271902750010A1P: test_trim=8.6880 → nearest_px=8.6425  diff=0.53%  ASSIGNED
  [TRIM] 99271909300010A1P: test_trim=8.6933 → nearest_px=8.6425  diff=0.59%  ASSIGNED
  [TRIM] 99272092820010A1P: test_trim=8.9600 → nearest_px=8.9600  diff=0.00%  ASSIGNED
  [TRIM] 99272086840011A1P: test_trim=8.6600 → nearest_px=8.6425  diff=0.20%  ASSIGNED
  [TRIM] 99272045200010A1P: test_trim=8.6400 → nearest_px=8.6425  diff=0.03%  ASSIGNED
  [TRIM] 99272091280010A1P: test_trim=8.7400 → nearest_px=8.6425  diff=1.13%  ASSIGNED
  [TRIM] 99272094190010A1P: test_trim=8.6600 → nearest_px=8.6425  diff=0.20%  ASSIGNED
  [TRIM] 99272089320010A1P: test_trim=8.8000 → nearest_px=8.6425  diff=1.82%  ASSIGNED
  [TRIM] 99272113430010A1P: test_trim=8.7600 → nearest_px=8.6425  diff=1.36%  ASSIGNED
  [TRIM] 99272116990010A1P: test_trim=8.8600 → nearest_px=8.9600  diff=1.12%  ASSIGNED
  [TRIM] 99272131020010A1P: test_trim=8.8200 → nearest_px=8.9600  diff=1.56%  ASSIGNED
  [TRIM] 99272118030010A1P: test_trim=8.6600 → nearest_px=8.6425  diff=0.20%  ASSIGNED
  [TRIM] 99272113430010B1P: test_trim=8.7600 → nearest_px=8.6425  diff=1.36%  ASSIGNED
  [TRIM] 99272125290010A1P: test_trim=8.6600 → nearest_px=8.6425  diff=0.20%  ASSIGNED
  [TRIM] 99272133080010A1P: test_trim=8.6200 → nearest_px=8.6425  diff=0.26%  ASSIGNED
  [TRIM] 99272126520010A1P: test_trim=8.6600 → nearest_px=8.6425  diff=0.20%  ASSIGNED
  [TRIM] 99272149470010A1P: test_trim=8.5800 → nearest_px=8.6425  diff=0.72%  ASSIGNED
  [TRIM] 99272145210010A1P: test_trim=8.9600 → nearest_px=8.9600  diff=0.00%  ASSIGNED
  [TRIM] 99272160560010A1P: test_trim=8.6900 → nearest_px=8.6425  diff=0.55%  ASSIGNED
  [TRIM] 99272162430010A1P: test_trim=8.6600 → nearest_px=8.6425  diff=0.20%  ASSIGNED
  [TRIM] 99272172120010A1P: test_trim=8.8200 → nearest_px=8.9600  diff=1.56%  ASSIGNED
  [TRIM] 99272178420010A1P: test_trim=8.6000 → nearest_px=8.6425  diff=0.49%  ASSIGNED
  [TRIM] 99272188670010A1P: test_trim=8.9000 → nearest_px=8.9600  diff=0.67%  ASSIGNED
  [TRIM] 99272196350010A1P: test_trim=8.6200 → nearest_px=8.6425  diff=0.26%  ASSIGNED
  [TRIM] 99272195800010A1P: test_trim=8.9600 → nearest_px=8.9600  diff=0.00%  ASSIGNED
  [TRIM] 99272195800010B1P: test_trim=8.9600 → nearest_px=8.9600  diff=0.00%  ASSIGNED
  [TRIM] 99272195800010B1P: test_trim=8.9600 → nearest_px=8.9600  diff=0.00%  ASSIGNED
  [TRIM] 99272201090010A1P: test_trim=8.7000 → nearest_px=8.6425  diff=0.67%  ASSIGNED
  [TRIM] 99272165710010A1P: test_trim=8.7600 → nearest_px=8.6425  diff=1.36%  ASSIGNED
  [TRIM] 99272212100010A1P: test_trim=8.6600 → nearest_px=8.6425  diff=0.20%  ASSIGNED
  [TRIM] 99272198520010A1P: test_trim=8.6600 → nearest_px=8.6425  diff=0.20%  ASSIGNED
  [TRIM] 99272205420010A1P: test_trim=8.6600 → nearest_px=8.6425  diff=0.20%  ASSIGNED
  [TRIM] 99272213380010A1P: test_trim=8.7600 → nearest_px=8.6425  diff=1.36%  ASSIGNED
  [TRIM] 99272206500010A1P: test_trim=8.8800 → nearest_px=8.9600  diff=0.89%  ASSIGNED
  [TRIM] 99272213380010B1P: test_trim=8.7600 → nearest_px=8.6425  diff=1.36%  ASSIGNED
  [TRIM] 99272214760040A1P: test_trim=8.7600 → nearest_px=8.6425  diff=1.36%  ASSIGNED
  [TRIM] 99272174140010A1P: test_trim=8.9600 → nearest_px=8.9600  diff=0.00%  ASSIGNED
  [TRIM] 99272230080010A1P: test_trim=8.9600 → nearest_px=8.9600  diff=0.00%  ASSIGNED
  [TRIM] 99272230180010A1P: test_trim=8.7200 → nearest_px=8.6425  diff=0.90%  ASSIGNED
  [TRIM] 99272230330010A1P: test_trim=8.7200 → nearest_px=8.6425  diff=0.90%  ASSIGNED
  [TRIM] 99272230190010A1P: test_trim=8.7200 → nearest_px=8.6425  diff=0.90%  ASSIGNED
  [TRIM] 99272232080010A1P: test_trim=8.7200 → nearest_px=8.6425  diff=0.90%  ASSIGNED
  [TRIM] 99272232080010A1P: test_trim=8.7200 → nearest_px=8.6425  diff=0.90%  ASSIGNED
  [TRIM] 99272224170010A1P: test_trim=8.7800 → nearest_px=8.6425  diff=1.59%  ASSIGNED
  [TRIM] 99272254750010A1P: test_trim=8.6600 → nearest_px=8.6425  diff=0.20%  ASSIGNED
  [TRIM] 99272244030010A1P: test_trim=8.7000 → nearest_px=8.6425  diff=0.67%  ASSIGNED
  [TRIM] 99272253040010A1P: test_trim=8.7000 → nearest_px=8.6425  diff=0.67%  ASSIGNED

  ── [GROUP] PX baseline=8.9600 ──
    tests:        25
    trims:        ['8.9600', '8.8800', '8.8800', '8.8800', '8.8800', '8.8600', '8.9600', '8.9000', '8.8500', '8.9600', '8.9600', '8.9180', '8.9600', '8.9600', '8.8600', '8.8200', '8.9600', '8.8200', '8.9000', '8.9600', '8.9600', '8.9600', '8.8800', '8.9600', '8.9600']
    avg_trim:     8.9139
    dia_ratio:    8.9600 / 8.9139 = 1.005169
    avg_rpm:      1762.6
    speed_ratio:  1775.0 / 1762.6 = 1.007035
  ── [GROUP] PX baseline=8.6425 ──
    tests:        51
    trims:        ['8.6400', '8.6000', '8.7600', '8.6200', '8.7400', '8.6000', '8.6600', '8.6880', '8.6520', '8.5700', '8.6700', '8.7000', '8.7033', '8.7575', '8.5300', '8.6933', '8.6880', '8.6933', '8.6600', '8.6400', '8.7400', '8.6600', '8.8000', '8.7600', '8.6600', '8.7600', '8.6600', '8.6200', '8.6600', '8.5800', '8.6900', '8.6600', '8.6000', '8.6200', '8.7000', '8.7600', '8.6600', '8.6600', '8.6600', '8.7600', '8.7600', '8.7600', '8.7200', '8.7200', '8.7200', '8.7200', '8.7200', '8.7800', '8.6600', '8.7000', '8.7000']
    avg_trim:     8.6842
    dia_ratio:    8.6425 / 8.6842 = 0.995195
    avg_rpm:      1760.5
    speed_ratio:  1775.0 / 1760.5 = 1.008242
   [GROUP EMPTY] PX=8.3250: no tests
   [GROUP EMPTY] PX=8.0075: no tests
   [GROUP EMPTY] PX=7.6900: no tests
  [PATH] 99272086870010A1P → CACHED (skip resolve)
  [PATH] 99272053890010B1P → CACHED (skip resolve)
  [PATH] 99272053890010A1P → CACHED (skip resolve)
  [PATH] 99272053900010B1P → CACHED (skip resolve)
  [PATH] 99272053900010A1P → CACHED (skip resolve)
  [PATH] 99272033870010A1P → CACHED (skip resolve)
  [PATH] 99272092820010A1P → CACHED (skip resolve)
  [PATH] 99272116990010A1P → CACHED (skip resolve)
  [PATH] 99272131020010A1P → CACHED (skip resolve)
  [PATH] 99272145210010A1P → CACHED (skip resolve)
  [PATH] 99272172120010A1P → CACHED (skip resolve)
  [PATH] 99272188670010A1P → CACHED (skip resolve)
  [PATH] 99272195800010A1P → CACHED (skip resolve)
  [PATH] 99272195800010B1P → CACHED (skip resolve)
  [PATH] 99272195800010B1P → CACHED (skip resolve)
  [PATH] 99272206500010A1P → CACHED (skip resolve)
  [PATH] 99272174140010A1P → CACHED (skip resolve)
  [PATH] 99272230080010A1P → CACHED (skip resolve)
  [PATH] 99272093690010A1P → CACHED (skip resolve)
  [PATH] 99272088080010A1P → CACHED (skip resolve)
  [PATH] 99272076300010A1P → CACHED (skip resolve)
  [PATH] 99272056010010A1P → CACHED (skip resolve)
  [PATH] 99272052860010A1P → CACHED (skip resolve)
  [PATH] 99272046600010A1P → CACHED (skip resolve)
  [PATH] 99272033440010A1P → CACHED (skip resolve)
  [PATH] 99272086840011A1P → CACHED (skip resolve)
  [PATH] 99272045200010A1P → CACHED (skip resolve)
  [PATH] 99272091280010A1P → CACHED (skip resolve)
  [PATH] 99272094190010A1P → CACHED (skip resolve)
  [PATH] 99272089320010A1P → CACHED (skip resolve)
  [PATH] 99272113430010A1P → CACHED (skip resolve)
  [PATH] 99272118030010A1P → CACHED (skip resolve)
  [PATH] 99272113430010B1P → CACHED (skip resolve)
  [PATH] 99272125290010A1P → CACHED (skip resolve)
  [PATH] 99272133080010A1P → CACHED (skip resolve)
  [PATH] 99272126520010A1P → CACHED (skip resolve)
  [PATH] 99272149470010A1P → CACHED (skip resolve)
  [PATH] 99272160560010A1P → CACHED (skip resolve)
  [PATH] 99272162430010A1P → CACHED (skip resolve)
  [PATH] 99272178420010A1P → CACHED (skip resolve)
  [PATH] 99272196350010A1P → CACHED (skip resolve)
  [PATH] 99272201090010A1P → CACHED (skip resolve)
  [PATH] 99272165710010A1P → CACHED (skip resolve)
  [PATH] 99272212100010A1P → CACHED (skip resolve)
  [PATH] 99272198520010A1P → CACHED (skip resolve)
  [PATH] 99272205420010A1P → CACHED (skip resolve)
  [PATH] 99272213380010A1P → CACHED (skip resolve)
  [PATH] 99272213380010B1P → CACHED (skip resolve)
  [PATH] 99272214760040A1P → CACHED (skip resolve)
  [PATH] 99272230180010A1P → CACHED (skip resolve)
  [PATH] 99272230330010A1P → CACHED (skip resolve)
  [PATH] 99272230190010A1P → CACHED (skip resolve)
  [PATH] 99272232080010A1P → CACHED (skip resolve)
  [PATH] 99272232080010A1P → CACHED (skip resolve)
  [PATH] 99272224170010A1P → CACHED (skip resolve)
  [PATH] 99272254750010A1P → CACHED (skip resolve)
  [PATH] 99272244030010A1P → CACHED (skip resolve)
  [PATH] 99272253040010A1P → CACHED (skip resolve)
  [PATH] 99271930350010A1P → X:\US\Ind\Proj\Manufacturing\Voyage\TestData\12MB\30_2624331 hi cap\99271930350010A1P.xls  exists=True
  [PATH] 99271917070010A1P → X:\US\Ind\Proj\Manufacturing\Voyage\TestData\12MB\30_2624331 hi cap\99271917070010A1P.xls  exists=True
  [PATH] 99271979790010A1P → X:\US\Ind\Proj\Manufacturing\Voyage\TestData\12MB\35_fire pumps\12MBF 1000gpm 1760rpm\12MBF 6-stg\99271979790010A1P.xls  exists=True
  [PATH] 99271976320010A1P → X:\US\Ind\Proj\Manufacturing\Voyage\TestData\12MB\35_fire pumps\12MBF 1000gpm 1760rpm\12MBF 5-stg\99271976320010A1P.xls  exists=True
  [PATH] 99271976480010A1P → X:\US\Ind\Proj\Manufacturing\Voyage\TestData\12MB\35_fire pumps\12MBF 1000gpm 1760rpm\12MBF 3-stg\99271976480010A1P.xls  exists=True
  [PATH] 99271958690010A1P → X:\US\Ind\Proj\Manufacturing\Voyage\TestData\12MB\35_fire pumps\12MBF 1000gpm 1760rpm\12MBF 5-stg\99271958690010A1P.xls  exists=True
  [PATH] 99271856860010A1P → X:\US\Ind\Proj\Manufacturing\Voyage\TestData\12MB\35_fire pumps\12MBF 1000gpm 1760rpm\12MBF 4-stg\99271856860010A1P.xls  exists=True
  [PATH] 99271958330010A1P → X:\US\Ind\Proj\Manufacturing\Voyage\TestData\12MB\35_fire pumps\12MBF 1000gpm 1760rpm\12MBF 5-stg\99271958330010A1P.xls  exists=True
  [PATH] 99271964520010A1P → X:\US\Ind\Proj\Manufacturing\Voyage\TestData\12MB\35_fire pumps\12MBF 1000gpm 1760rpm\12MBF 5-stg\99271964520010A1P.xls  exists=True
  [PATH] 99271959350010A1P → X:\US\Ind\Proj\Manufacturing\Voyage\TestData\12MB\35_fire pumps\12MBF 1000gpm 1760rpm\12MBF 4-stg\99271959350010A1P.xls  exists=True
  [PATH] 99271935000010A1P → X:\US\Ind\Proj\Manufacturing\Voyage\TestData\12MB\99271935000010A1.xls  exists=True
  [PATH] 99271935550010A1P → X:\US\Ind\Proj\Manufacturing\Voyage\TestData\12MB\99271935550010A1P.xls  exists=True
  [PATH] 99271915920010A1P → X:\US\Ind\Proj\Manufacturing\Voyage\TestData\12MB\99271915920010A1P.xls  exists=True
  [PATH] 99271914720010A1P → X:\US\Ind\Proj\Manufacturing\Voyage\TestData\12MB\99271914720010A1P.xls  exists=True
  [PATH] 99271902460010A1P → X:\US\Ind\Proj\Manufacturing\Voyage\TestData\12MB\99271902460010A1P.xls  exists=True
  [PATH] 99271909300010B1P → X:\US\Ind\Proj\Manufacturing\Voyage\TestData\12MB\99271909300010B1P.xls  exists=True
  [PATH] 99271902750010A1P → X:\US\Ind\Proj\Manufacturing\Voyage\TestData\12MB\99271902750010A1P.xls  exists=True
  [PATH] 99271909300010A1P → X:\US\Ind\Proj\Manufacturing\Voyage\TestData\12MB\35_fire pumps\12MBF 1000gpm 1760rpm\12MBF 9-stg\99271909300010A1.xls  exists=True
  58 cached, 18 found, 18 to copy

======================================================================
  DETAIL DATA + SCALING
======================================================================

  ── Group: PX baseline=8.9600, 25 tests, affinity=True ──

  ── [LOAD+SCALE] 99272086870010A1P ──
    trim=8.9600, stages=3, rpm=1760.0, filing='Fig1. To 0.03125'
    columns: ['curve_no', 'flow', 'speed', 'power_in', 'power_bowl_motor', 'power_bowl_dyno', 'power_pump_motor', 'power_pump_dyno', 'tdh_bowl', 'tdh_pump', 'eff_bowl_motor', 'eff_bowl_dyno', 'eff_pump_motor', 'eff_pump_dyno', 'eff_overall', 'npsha']
    rows: 13
    flow: 13 pts
      values: ['0.00', '313.65', '562.25', '803.15', '930.73', '983.68', '1013.08', '1046.07', '1197.37', '1435.05', '1495.28', '1623.90', '1815.24']
    head ('tdh_bowl'): 13 pts
      values: ['255.92', '235.08', '224.61', '219.88', '214.06', '210.53', '208.40', '205.60', '193.41', '166.64', '159.06', '141.05', '102.69']
    power ('power_bowl_dyno'): all zero/negative — trying fallback
    power FALLBACK ('power_bowl_motor'): 13 pts
      values: ['34.5986', '42.0833', '50.8067', '61.2383', '65.9223', '67.5342', '68.4154', '69.3773', '72.9410', '76.0776', '76.2735', '76.5562', '74.8575']
    efficiency ('eff_bowl_motor'): 13 pts
      values: ['0.00', '44.17', '62.66', '72.70', '76.19', '77.30', '77.79', '78.15', '80.04', '79.24', '78.61', '75.42', '62.78']
    [STAGE NORM] 3-stage → dividing head & power by 3
      head BEFORE: ['255.92', '235.08', '224.61', '219.88', '214.06', '210.53', '208.40', '205.60', '193.41', '166.64', '159.06', '141.05', '102.69']
      head AFTER:  ['85.31', '78.36', '74.87', '73.29', '71.35', '70.18', '69.47', '68.53', '64.47', '55.55', '53.02', '47.02', '34.23']
      power BEFORE: ['34.5986', '42.0833', '50.8067', '61.2383', '65.9223', '67.5342', '68.4154', '69.3773', '72.9410', '76.0776', '76.2735', '76.5562', '74.8575']
      power AFTER:  ['11.5329', '14.0278', '16.9356', '20.4128', '21.9741', '22.5114', '22.8051', '23.1258', '24.3137', '25.3592', '25.4245', '25.5187', '24.9525']
    [AFFINITY]
      test_diameter:     8.9600
      baseline_diameter: 8.9600
      dia_ratio:         8.9600/8.9600 = 1.000000
      test_rpm:          1760.0
      baseline_rpm:      1775.0
      speed_ratio:       1775.0/1760.0 = 1.008523
      scaled_flow:  ['0.00', '316.32', '567.04', '810.00', '938.66', '992.06', '1021.72', '1054.99', '1207.57', '1447.28', '1508.02', '1637.74', '1830.71']
      scaled_head:  ['86.77', '79.70', '76.15', '74.55', '72.57', '71.38', '70.66', '69.71', '65.57', '56.50', '53.93', '47.82', '34.82']
      scaled_power: ['11.8303', '14.3895', '17.3723', '20.9391', '22.5407', '23.0919', '23.3932', '23.7221', '24.9406', '26.0131', '26.0801', '26.1768', '25.5959']
    [FINAL] plotted_flow:  [0.00 → 1830.71]
    [FINAL] plotted_head:  [86.77 → 34.82]
    [FINAL] plotted_power: [11.8303 → 25.5959]
    [FINAL] plotted_eff:   [0.00 → 62.78]

  ── [LOAD+SCALE] 99272053890010B1P ──
    trim=8.8800, stages=6, rpm=1760.0, filing='Fig1. To 0.03125'
    columns: ['curve_no', 'flow', 'speed', 'power_in', 'power_bowl_motor', 'power_bowl_dyno', 'power_pump_motor', 'power_pump_dyno', 'tdh_bowl', 'tdh_pump', 'eff_bowl_motor', 'eff_bowl_dyno', 'eff_pump_motor', 'eff_pump_dyno', 'eff_overall', 'npsha']
    rows: 10
    flow: 10 pts
      values: ['13.02', '594.27', '812.02', '954.34', '995.19', '1031.39', '1237.27', '1510.51', '1625.52', '1755.57']
    head ('tdh_bowl'): 10 pts
      values: ['506.19', '441.15', '430.61', '412.62', '406.58', '399.73', '350.85', '267.78', '228.51', '175.31']
    power ('power_bowl_dyno'): all zero/negative — trying fallback
    power FALLBACK ('power_bowl_motor'): 10 pts
      values: ['63.0623', '98.6989', '116.6196', '125.5064', '127.5898', '129.3320', '135.0727', '136.8284', '135.7849', '131.6989']
    efficiency ('eff_bowl_motor'): 10 pts
      values: ['2.63', '66.96', '75.58', '79.09', '79.95', '80.36', '81.02', '74.52', '68.96', '58.91']
    [STAGE NORM] 6-stage → dividing head & power by 6
      head BEFORE: ['506.19', '441.15', '430.61', '412.62', '406.58', '399.73', '350.85', '267.78', '228.51', '175.31']
      head AFTER:  ['84.37', '73.53', '71.77', '68.77', '67.76', '66.62', '58.47', '44.63', '38.09', '29.22']
      power BEFORE: ['63.0623', '98.6989', '116.6196', '125.5064', '127.5898', '129.3320', '135.0727', '136.8284', '135.7849', '131.6989']
      power AFTER:  ['10.5104', '16.4498', '19.4366', '20.9177', '21.2650', '21.5553', '22.5121', '22.8047', '22.6308', '21.9498']
    [AFFINITY]
      test_diameter:     8.8800
      baseline_diameter: 8.9600
      dia_ratio:         8.9600/8.8800 = 1.009009
      test_rpm:          1760.0
      baseline_rpm:      1775.0
      speed_ratio:       1775.0/1760.0 = 1.008523
      scaled_flow:  ['13.25', '604.73', '826.32', '971.14', '1012.71', '1049.55', '1259.06', '1537.10', '1654.14', '1786.48']
      scaled_head:  ['87.36', '76.14', '74.32', '71.21', '70.17', '68.99', '60.55', '46.22', '39.44', '30.26']
      scaled_power: ['11.0754', '17.3342', '20.4815', '22.0423', '22.4082', '22.7142', '23.7224', '24.0307', '23.8475', '23.1299']
    [FINAL] plotted_flow:  [13.25 → 1786.48]
    [FINAL] plotted_head:  [87.36 → 30.26]
    [FINAL] plotted_power: [11.0754 → 23.1299]
    [FINAL] plotted_eff:   [2.63 → 58.91]

  ── [LOAD+SCALE] 99272053890010A1P ──
    trim=8.8800, stages=6, rpm=1760.0, filing='Fig1. To 0.03125'
    columns: ['curve_no', 'flow', 'speed', 'power_in', 'power_bowl_motor', 'power_bowl_dyno', 'power_pump_motor', 'power_pump_dyno', 'tdh_bowl', 'tdh_pump', 'eff_bowl_motor', 'eff_bowl_dyno', 'eff_pump_motor', 'eff_pump_dyno', 'eff_overall', 'npsha']
    rows: 11
    flow: 11 pts
      values: ['11.20', '552.27', '780.76', '951.66', '995.76', '1017.24', '1220.16', '1501.02', '1501.73', '1640.36', '1766.46']
    head ('tdh_bowl'): 11 pts
      values: ['510.83', '443.64', '433.25', '414.61', '406.82', '403.31', '358.64', '275.57', '275.80', '227.77', '173.58']
    power ('power_bowl_dyno'): all zero/negative — trying fallback
    power FALLBACK ('power_bowl_motor'): 11 pts
      values: ['65.3812', '95.6516', '114.5342', '126.0574', '128.3108', '129.3548', '135.7683', '138.4059', '138.4045', '137.2341', '133.4103']
    efficiency ('eff_bowl_motor'): 11 pts
      values: ['2.21', '64.57', '74.45', '78.91', '79.59', '79.95', '81.25', '75.34', '75.44', '68.63', '57.94']
    [STAGE NORM] 6-stage → dividing head & power by 6
      head BEFORE: ['510.83', '443.64', '433.25', '414.61', '406.82', '403.31', '358.64', '275.57', '275.80', '227.77', '173.58']
      head AFTER:  ['85.14', '73.94', '72.21', '69.10', '67.80', '67.22', '59.77', '45.93', '45.97', '37.96', '28.93']
      power BEFORE: ['65.3812', '95.6516', '114.5342', '126.0574', '128.3108', '129.3548', '135.7683', '138.4059', '138.4045', '137.2341', '133.4103']
      power AFTER:  ['10.8969', '15.9419', '19.0890', '21.0096', '21.3851', '21.5591', '22.6281', '23.0677', '23.0674', '22.8723', '22.2350']
    [AFFINITY]
      test_diameter:     8.8800
      baseline_diameter: 8.9600
      dia_ratio:         8.9600/8.8800 = 1.009009
      test_rpm:          1760.0
      baseline_rpm:      1775.0
      speed_ratio:       1775.0/1760.0 = 1.008523
      scaled_flow:  ['11.39', '562.00', '794.51', '968.41', '1013.29', '1035.15', '1241.64', '1527.45', '1528.17', '1669.25', '1797.56']
      scaled_head:  ['88.16', '76.57', '74.77', '71.56', '70.21', '69.61', '61.90', '47.56', '47.60', '39.31', '29.96']
      scaled_power: ['11.4827', '16.7990', '20.1153', '22.1391', '22.5348', '22.7182', '23.8446', '24.3078', '24.3075', '24.1020', '23.4304']
    [FINAL] plotted_flow:  [11.39 → 1797.56]
    [FINAL] plotted_head:  [88.16 → 29.96]
    [FINAL] plotted_power: [11.4827 → 23.4304]
    [FINAL] plotted_eff:   [2.21 → 57.94]

  ── [LOAD+SCALE] 99272053900010B1P ──
    trim=8.8800, stages=6, rpm=1760.0, filing='Fig1. To 0.03125'
    columns: ['curve_no', 'flow', 'speed', 'power_in', 'power_bowl_motor', 'power_bowl_dyno', 'power_pump_motor', 'power_pump_dyno', 'tdh_bowl', 'tdh_pump', 'eff_bowl_motor', 'eff_bowl_dyno', 'eff_pump_motor', 'eff_pump_dyno', 'eff_overall', 'npsha']
    rows: 13
    flow: 13 pts
      values: ['18.69', '384.95', '792.58', '974.41', '1004.77', '1023.47', '1051.03', '1052.22', '1188.93', '1372.58', '1504.59', '1615.40', '1700.92']
    head ('tdh_bowl'): 13 pts
      values: ['506.95', '447.85', '424.35', '400.58', '395.81', '391.61', '386.82', '386.86', '353.04', '300.86', '256.18', '213.48', '177.88']
    power ('power_bowl_dyno'): all zero/negative — trying fallback
    power FALLBACK ('power_bowl_motor'): 13 pts
      values: ['66.1440', '80.8450', '112.7104', '123.5356', '124.7841', '125.5639', '126.7159', '126.6547', '130.3320', '132.3127', '131.8087', '129.5109', '126.9792']
    efficiency ('eff_bowl_motor'): 13 pts
      values: ['3.61', '53.76', '75.22', '79.65', '80.34', '80.47', '80.88', '81.02', '81.19', '78.68', '73.72', '67.13', '60.07']
    [STAGE NORM] 6-stage → dividing head & power by 6
      head BEFORE: ['506.95', '447.85', '424.35', '400.58', '395.81', '391.61', '386.82', '386.86', '353.04', '300.86', '256.18', '213.48', '177.88']
      head AFTER:  ['84.49', '74.64', '70.72', '66.76', '65.97', '65.27', '64.47', '64.48', '58.84', '50.14', '42.70', '35.58', '29.65']
      power BEFORE: ['66.1440', '80.8450', '112.7104', '123.5356', '124.7841', '125.5639', '126.7159', '126.6547', '130.3320', '132.3127', '131.8087', '129.5109', '126.9792']
      power AFTER:  ['11.0240', '13.4742', '18.7851', '20.5893', '20.7974', '20.9273', '21.1193', '21.1091', '21.7220', '22.0521', '21.9681', '21.5852', '21.1632']
    [AFFINITY]
      test_diameter:     8.8800
      baseline_diameter: 8.9600
      dia_ratio:         8.9600/8.8800 = 1.009009
      test_rpm:          1760.0
      baseline_rpm:      1775.0
      speed_ratio:       1775.0/1760.0 = 1.008523
      scaled_flow:  ['19.02', '391.73', '806.53', '991.57', '1022.46', '1041.49', '1069.54', '1070.75', '1209.87', '1396.75', '1531.08', '1643.85', '1730.87']
      scaled_head:  ['87.49', '77.29', '73.24', '69.14', '68.31', '67.59', '66.76', '66.77', '60.93', '51.93', '44.21', '36.84', '30.70']
      scaled_power: ['11.6167', '14.1986', '19.7950', '21.6962', '21.9154', '22.0524', '22.2547', '22.2440', '22.8898', '23.2377', '23.1491', '22.7456', '22.3010']
    [FINAL] plotted_flow:  [19.02 → 1730.87]
    [FINAL] plotted_head:  [87.49 → 30.70]
    [FINAL] plotted_power: [11.6167 → 22.3010]
    [FINAL] plotted_eff:   [3.61 → 60.07]

  ── [LOAD+SCALE] 99272053900010A1P ──
    trim=8.8800, stages=6, rpm=1760.0, filing='Fig1. To 0.03125'
    columns: ['curve_no', 'flow', 'speed', 'power_in', 'power_bowl_motor', 'power_bowl_dyno', 'power_pump_motor', 'power_pump_dyno', 'tdh_bowl', 'tdh_pump', 'eff_bowl_motor', 'eff_bowl_dyno', 'eff_pump_motor', 'eff_pump_dyno', 'eff_overall', 'npsha']
    rows: 10
    flow: 10 pts
      values: ['0.00', '579.29', '835.24', '951.23', '993.43', '1037.29', '1241.24', '1507.77', '1630.32', '1721.90']
    head ('tdh_bowl'): 10 pts
      values: ['521.96', '444.67', '430.16', '414.60', '406.47', '398.39', '348.54', '265.99', '221.68', '183.11']
    power ('power_bowl_dyno'): all zero/negative — trying fallback
    power FALLBACK ('power_bowl_motor'): 10 pts
      values: ['68.7691', '98.2690', '118.8256', '125.2844', '127.5067', '129.3206', '134.9299', '136.0643', '134.7166', '131.4318']
    efficiency ('eff_bowl_motor'): 10 pts
      values: ['0.00', '66.08', '76.22', '79.35', '79.83', '80.55', '80.83', '74.30', '67.63', '60.47']
    [STAGE NORM] 6-stage → dividing head & power by 6
      head BEFORE: ['521.96', '444.67', '430.16', '414.60', '406.47', '398.39', '348.54', '265.99', '221.68', '183.11']
      head AFTER:  ['86.99', '74.11', '71.69', '69.10', '67.74', '66.40', '58.09', '44.33', '36.95', '30.52']
      power BEFORE: ['68.7691', '98.2690', '118.8256', '125.2844', '127.5067', '129.3206', '134.9299', '136.0643', '134.7166', '131.4318']
      power AFTER:  ['11.4615', '16.3782', '19.8043', '20.8807', '21.2511', '21.5534', '22.4883', '22.6774', '22.4528', '21.9053']
    [AFFINITY]
      test_diameter:     8.8800
      baseline_diameter: 8.9600
      dia_ratio:         8.9600/8.8800 = 1.009009
      test_rpm:          1760.0
      baseline_rpm:      1775.0
      speed_ratio:       1775.0/1760.0 = 1.008523
      scaled_flow:  ['0.00', '589.49', '849.94', '967.98', '1010.92', '1055.55', '1263.10', '1534.32', '1659.02', '1752.22']
      scaled_head:  ['90.08', '76.74', '74.24', '71.56', '70.15', '68.76', '60.15', '45.91', '38.26', '31.60']
      scaled_power: ['12.0777', '17.2587', '20.8690', '22.0033', '22.3936', '22.7122', '23.6973', '23.8965', '23.6599', '23.0830']
    [FINAL] plotted_flow:  [0.00 → 1752.22]
    [FINAL] plotted_head:  [90.08 → 31.60]
    [FINAL] plotted_power: [12.0777 → 23.0830]
    [FINAL] plotted_eff:   [0.00 → 60.47]

  ── [LOAD+SCALE] 99272033870010A1P ──
    trim=8.8600, stages=4, rpm=1760.0, filing='Fig1. To 0.03125'
    columns: ['curve_no', 'flow', 'speed', 'power_in', 'power_bowl_motor', 'power_bowl_dyno', 'power_pump_motor', 'power_pump_dyno', 'tdh_bowl', 'tdh_pump', 'eff_bowl_motor', 'eff_bowl_dyno', 'eff_pump_motor', 'eff_pump_dyno', 'eff_overall', 'npsha']
    rows: 12
    flow: 12 pts
      values: ['1.54', '422.73', '814.35', '954.79', '985.59', '988.25', '993.74', '1035.99', '1249.43', '1504.87', '1604.87', '1747.38']
    head ('tdh_bowl'): 12 pts
      values: ['333.75', '292.24', '278.41', '265.11', '262.23', '261.37', '259.92', '254.66', '221.24', '168.81', '144.06', '105.63']
    power ('power_bowl_dyno'): all zero/negative — trying fallback
    power FALLBACK ('power_bowl_motor'): 12 pts
      values: ['46.3977', '58.9433', '80.0606', '85.2163', '85.8794', '86.0005', '86.4086', '87.2684', '91.0740', '91.2892', '89.6694', '85.9947']
    efficiency ('eff_bowl_motor'): 12 pts
      values: ['0.28', '52.84', '71.39', '74.88', '75.86', '75.71', '75.35', '76.21', '76.51', '70.15', '65.00', '54.11']
    [STAGE NORM] 4-stage → dividing head & power by 4
      head BEFORE: ['333.75', '292.24', '278.41', '265.11', '262.23', '261.37', '259.92', '254.66', '221.24', '168.81', '144.06', '105.63']
      head AFTER:  ['83.44', '73.06', '69.60', '66.28', '65.56', '65.34', '64.98', '63.66', '55.31', '42.20', '36.01', '26.41']
      power BEFORE: ['46.3977', '58.9433', '80.0606', '85.2163', '85.8794', '86.0005', '86.4086', '87.2684', '91.0740', '91.2892', '89.6694', '85.9947']
      power AFTER:  ['11.5994', '14.7358', '20.0151', '21.3041', '21.4698', '21.5001', '21.6022', '21.8171', '22.7685', '22.8223', '22.4173', '21.4987']
    [AFFINITY]
      test_diameter:     8.8600
      baseline_diameter: 8.9600
      dia_ratio:         8.9600/8.8600 = 1.011287
      test_rpm:          1760.0
      baseline_rpm:      1775.0
      speed_ratio:       1775.0/1760.0 = 1.008523
      scaled_flow:  ['1.57', '431.14', '830.56', '973.79', '1005.21', '1007.92', '1013.52', '1056.62', '1274.30', '1534.83', '1636.82', '1782.16']
      scaled_head:  ['86.79', '76.00', '72.40', '68.94', '68.19', '67.97', '67.59', '66.22', '57.53', '43.90', '37.46', '27.47']
      scaled_power: ['12.3060', '15.6334', '21.2343', '22.6018', '22.7776', '22.8098', '22.9180', '23.1460', '24.1554', '24.2125', '23.7829', '22.8082']
    [FINAL] plotted_flow:  [1.57 → 1782.16]
    [FINAL] plotted_head:  [86.79 → 27.47]
    [FINAL] plotted_power: [12.3060 → 22.8082]
    [FINAL] plotted_eff:   [0.28 → 54.11]

  ── [LOAD+SCALE] 99271930350010A1P ──
    trim=8.9600, stages=6, rpm=1775.0, filing='Fig.1 to 0.03'
    columns: ['curve_no', 'flow', 'speed', 'power_in', 'power_bowl_motor', 'power_bowl_dyno', 'power_pump_motor', 'power_pump_dyno', 'tdh_bowl', 'tdh_pump', 'eff_bowl_motor', 'eff_bowl_dyno', 'eff_pump_motor', 'eff_pump_dyno', 'eff_overall', 'npsha']
    rows: 10
    flow: 10 pts
      values: ['0.00', '526.16', '1051.95', '1285.61', '1307.68', '1359.31', '1404.81', '1601.30', '1813.83', '1826.04']
    head ('tdh_bowl'): 10 pts
      values: ['494.55', '459.25', '421.99', '375.84', '369.37', '357.16', '345.93', '289.72', '199.79', '177.96']
    power ('power_bowl_dyno'): all zero/negative — trying fallback
    power FALLBACK ('power_bowl_motor'): 10 pts
      values: ['61.9735', '105.2071', '149.5467', '159.7324', '160.4830', '161.6964', '162.5078', '164.5091', '157.8897', '151.4583']
    efficiency ('eff_bowl_motor'): 10 pts
      values: ['0.00', '57.98', '74.94', '76.37', '75.98', '75.80', '75.50', '71.19', '57.94', '54.16']
    [FTS] Checking packing/bearing loss...
    [FTS] file: C:\Users\107087\AppData\Local\Temp\px_detail_2dpdyve9\99271930350010A1P.xls
    [FTS] friction coefficient: 0.1
    [FTS] BA is all zeros — computing packing loss
    [FTS] Line shaft diameter: 1.5000"
    [FTS] Using 'tdh_bowl' for discharge pressure
    [FTS] Speed (first 5): ['1775.0', '1775.0', '1775.0', '1775.0', '1775.0']
    [FTS] Pressure (first 5): ['494.55', '459.25', '421.99', '375.84', '369.37']
    [FTS] Packing cross section: 0.5" (shaft >= 1.0")
    [FTS] Contact area: 0.5 × 0.94 × 1.5000 × π = 2.214823 in²
    [FTS] shaft_radius_ft: 0.062500
    [FTS] Loss HP (first 5): ['1.850953', '1.718813', '1.579371', '1.406640', '1.382435']
    [FTS] Loss HP range: 0.666038 — 1.850953
    [FTS] Power correction applied:
      Original power (first 5): ['61.9735', '105.2071', '149.5467', '159.7324', '160.4830']
      Loss HP       (first 5): ['1.850953', '1.718813', '1.579371', '1.406640', '1.382435']
      Corrected     (first 5): ['60.1226', '103.4883', '147.9673', '158.3258', '159.1005']
      Avg loss: 1.3068 HP
      Max loss: 1.8510 HP
    power BEFORE FTS: ['61.9735', '105.2071', '149.5467', '159.7324', '160.4830', '161.6964', '162.5078', '164.5091', '157.8897', '151.4583']
    power AFTER FTS:  ['60.1226', '103.4883', '147.9673', '158.3258', '159.1005', '160.3597', '161.2130', '163.4247', '157.1419', '150.7922']
    [STAGE NORM] 6-stage → dividing head & power by 6
      head BEFORE: ['494.55', '459.25', '421.99', '375.84', '369.37', '357.16', '345.93', '289.72', '199.79', '177.96']
      head AFTER:  ['82.43', '76.54', '70.33', '62.64', '61.56', '59.53', '57.66', '48.29', '33.30', '29.66']
      power BEFORE: ['60.1226', '103.4883', '147.9673', '158.3258', '159.1005', '160.3597', '161.2130', '163.4247', '157.1419', '150.7922']
      power AFTER:  ['10.0204', '17.2480', '24.6612', '26.3876', '26.5168', '26.7266', '26.8688', '27.2375', '26.1903', '25.1320']
    [AFFINITY]
      test_diameter:     8.9600
      baseline_diameter: 8.9600
      dia_ratio:         8.9600/8.9600 = 1.000000
      test_rpm:          1775.0
      baseline_rpm:      1775.0
      speed_ratio:       1775.0/1775.0 = 1.000000
      scaled_flow:  ['0.00', '526.16', '1051.95', '1285.61', '1307.68', '1359.31', '1404.81', '1601.30', '1813.83', '1826.04']
      scaled_head:  ['82.43', '76.54', '70.33', '62.64', '61.56', '59.53', '57.66', '48.29', '33.30', '29.66']
      scaled_power: ['10.0204', '17.2480', '24.6612', '26.3876', '26.5168', '26.7266', '26.8688', '27.2375', '26.1903', '25.1320']
    [FINAL] plotted_flow:  [0.00 → 1826.04]
    [FINAL] plotted_head:  [82.43 → 29.66]
    [FINAL] plotted_power: [10.0204 → 25.1320]
    [FINAL] plotted_eff:   [0.00 → 54.16]

  ── [LOAD+SCALE] 99271917070010A1P ──
    trim=8.9000, stages=3, rpm=1785.0, filing='Fig.1 to 0.03'
    columns: ['curve_no', 'flow', 'speed', 'power_in', 'power_bowl_motor', 'power_bowl_dyno', 'power_pump_motor', 'power_pump_dyno', 'tdh_bowl', 'tdh_pump', 'eff_bowl_motor', 'eff_bowl_dyno', 'eff_pump_motor', 'eff_pump_dyno', 'eff_overall', 'npsha']
    rows: 9
    flow: 9 pts
      values: ['0.79', '540.17', '747.77', '1052.34', '1301.57', '1359.07', '1405.68', '1589.44', '1699.28']
    head ('tdh_bowl'): 9 pts
      values: ['252.94', '224.39', '218.93', '194.97', '159.23', '149.54', '141.07', '108.29', '82.03']
    power ('power_bowl_dyno'): all zero/negative — trying fallback
    power FALLBACK ('power_bowl_motor'): 9 pts
      values: ['32.6570', '51.3361', '60.9883', '71.0107', '74.1879', '74.5593', '74.7479', '74.2018', '72.5774']
    efficiency ('eff_bowl_motor'): 9 pts
      values: ['0.15', '59.61', '67.77', '72.94', '70.53', '68.82', '66.97', '58.56', '48.49']
    [FTS] Checking packing/bearing loss...
    [FTS] file: C:\Users\107087\AppData\Local\Temp\px_detail_2dpdyve9\99271917070010A1P.xls
    [FTS] friction coefficient: 0.1
    [FTS] BA is all zeros — computing packing loss
    [FTS] Line shaft diameter: 1.5000"
    [FTS] Using 'tdh_bowl' for discharge pressure
    [FTS] Speed (first 5): ['1785.0', '1785.0', '1785.0', '1785.0', '1785.0']
    [FTS] Pressure (first 5): ['252.94', '224.39', '218.93', '194.97', '159.23']
    [FTS] Packing cross section: 0.5" (shaft >= 1.0")
    [FTS] Contact area: 0.5 × 0.94 × 1.5000 × π = 2.214823 in²
    [FTS] shaft_radius_ft: 0.062500
    [FTS] Loss HP (first 5): ['0.952004', '0.844550', '0.824012', '0.733810', '0.599318']
    [FTS] Loss HP range: 0.308751 — 0.952004
    [FTS] Power correction applied:
      Original power (first 5): ['32.6570', '51.3361', '60.9883', '71.0107', '74.1879']
      Loss HP       (first 5): ['0.952004', '0.844550', '0.824012', '0.733810', '0.599318']
      Corrected     (first 5): ['31.7049', '50.4916', '60.1643', '70.2768', '73.5886']
      Avg loss: 0.6404 HP
      Max loss: 0.9520 HP
    power BEFORE FTS: ['32.6570', '51.3361', '60.9883', '71.0107', '74.1879', '74.5593', '74.7479', '74.2018', '72.5774']
    power AFTER FTS:  ['31.7049', '50.4916', '60.1643', '70.2768', '73.5886', '73.9965', '74.2169', '73.7942', '72.2686']
    [STAGE NORM] 3-stage → dividing head & power by 3
      head BEFORE: ['252.94', '224.39', '218.93', '194.97', '159.23', '149.54', '141.07', '108.29', '82.03']
      head AFTER:  ['84.31', '74.80', '72.98', '64.99', '53.08', '49.85', '47.02', '36.10', '27.34']
      power BEFORE: ['31.7049', '50.4916', '60.1643', '70.2768', '73.5886', '73.9965', '74.2169', '73.7942', '72.2686']
      power AFTER:  ['10.5683', '16.8305', '20.0548', '23.4256', '24.5295', '24.6655', '24.7390', '24.5981', '24.0895']
    [AFFINITY]
      test_diameter:     8.9000
      baseline_diameter: 8.9600
      dia_ratio:         8.9600/8.9000 = 1.006742
      test_rpm:          1785.0
      baseline_rpm:      1775.0
      speed_ratio:       1775.0/1785.0 = 0.994398
      scaled_flow:  ['0.79', '540.77', '748.59', '1053.50', '1303.00', '1360.57', '1407.23', '1591.19', '1701.15']
      scaled_head:  ['84.50', '74.96', '73.14', '65.13', '53.19', '49.96', '47.13', '36.18', '27.40']
      scaled_power: ['10.6033', '16.8862', '20.1211', '23.5031', '24.6107', '24.7471', '24.8208', '24.6794', '24.1692']
    [FINAL] plotted_flow:  [0.79 → 1701.15]
    [FINAL] plotted_head:  [84.50 → 27.40]
    [FINAL] plotted_power: [10.6033 → 24.1692]
    [FINAL] plotted_eff:   [0.15 → 48.49]

  ── [LOAD+SCALE] 99271979790010A1P ──
    trim=8.8500, stages=6, rpm=1760.0, filing='Fig. 1 to 0.03'
    columns: ['curve_no', 'flow', 'speed', 'power_in', 'power_bowl_motor', 'power_bowl_dyno', 'power_pump_motor', 'power_pump_dyno', 'tdh_bowl', 'tdh_pump', 'eff_bowl_motor', 'eff_bowl_dyno', 'eff_pump_motor', 'eff_pump_dyno', 'eff_overall', 'npsha']
    rows: 12
    flow: 12 pts
      values: ['0.10', '404.49', '599.26', '795.99', '953.99', '988.99', '1018.42', '1186.56', '1348.17', '1503.17', '1624.73', '1733.54']
    head ('tdh_bowl'): 12 pts
      values: ['495.72', '442.89', '438.39', '426.94', '407.31', '401.33', '396.04', '359.17', '313.20', '262.74', '219.16', '169.09']
    power ('power_bowl_dyno'): all zero/negative — trying fallback
    power FALLBACK ('power_bowl_motor'): 12 pts
      values: ['62.8534', '85.7194', '104.3202', '120.7814', '131.0885', '133.1508', '134.6065', '139.8673', '142.1466', '141.5888', '140.0497', '135.7675']
    efficiency ('eff_bowl_motor'): 12 pts
      values: ['0.02', '52.68', '63.48', '70.93', '74.72', '75.15', '75.54', '76.81', '74.88', '70.32', '64.09', '54.43']
    [FTS] Checking packing/bearing loss...
    [FTS] file: C:\Users\107087\AppData\Local\Temp\px_detail_2dpdyve9\99271979790010A1P.xls
    [FTS] friction coefficient: 0.1
    [FTS] BA is all zeros — computing packing loss
    [FTS] Line shaft diameter: 1.5000"
    [FTS] Using 'tdh_bowl' for discharge pressure
    [FTS] Speed (first 5): ['1760.0', '1760.0', '1760.0', '1760.0', '1760.0']
    [FTS] Pressure (first 5): ['495.72', '442.89', '438.39', '426.94', '407.31']
    [FTS] Packing cross section: 0.5" (shaft >= 1.0")
    [FTS] Contact area: 0.5 × 0.94 × 1.5000 × π = 2.214823 in²
    [FTS] shaft_radius_ft: 0.062500
    [FTS] Loss HP (first 5): ['1.839640', '1.643586', '1.626900', '1.584390', '1.511547']
    [FTS] Loss HP range: 0.627493 — 1.839640
    [FTS] Power correction applied:
      Original power (first 5): ['62.8534', '85.7194', '104.3202', '120.7814', '131.0885']
      Loss HP       (first 5): ['1.839640', '1.643586', '1.626900', '1.584390', '1.511547']
      Corrected     (first 5): ['61.0138', '84.0758', '102.6933', '119.1970', '129.5769']
      Avg loss: 1.3397 HP
      Max loss: 1.8396 HP
    power BEFORE FTS: ['62.8534', '85.7194', '104.3202', '120.7814', '131.0885', '133.1508', '134.6065', '139.8673', '142.1466', '141.5888', '140.0497', '135.7675']
    power AFTER FTS:  ['61.0138', '84.0758', '102.6933', '119.1970', '129.5769', '131.6614', '133.1368', '138.5344', '140.9843', '140.6138', '139.2364', '135.1400']
    [STAGE NORM] 6-stage → dividing head & power by 6
      head BEFORE: ['495.72', '442.89', '438.39', '426.94', '407.31', '401.33', '396.04', '359.17', '313.20', '262.74', '219.16', '169.09']
      head AFTER:  ['82.62', '73.81', '73.07', '71.16', '67.88', '66.89', '66.01', '59.86', '52.20', '43.79', '36.53', '28.18']
      power BEFORE: ['61.0138', '84.0758', '102.6933', '119.1970', '129.5769', '131.6614', '133.1368', '138.5344', '140.9843', '140.6138', '139.2364', '135.1400']
      power AFTER:  ['10.1690', '14.0126', '17.1156', '19.8662', '21.5962', '21.9436', '22.1895', '23.0891', '23.4974', '23.4356', '23.2061', '22.5233']
    [AFFINITY]
      test_diameter:     8.8500
      baseline_diameter: 8.9600
      dia_ratio:         8.9600/8.8500 = 1.012429
      test_rpm:          1760.0
      baseline_rpm:      1775.0
      speed_ratio:       1775.0/1760.0 = 1.008523
      scaled_flow:  ['0.11', '413.01', '611.88', '812.75', '974.08', '1009.81', '1039.87', '1211.54', '1376.56', '1534.83', '1658.95', '1770.05']
      scaled_head:  ['86.14', '76.96', '76.18', '74.18', '70.77', '69.74', '68.82', '62.41', '54.42', '45.65', '38.08', '29.38']
      scaled_power: ['10.8250', '14.9166', '18.2197', '21.1478', '22.9894', '23.3592', '23.6210', '24.5786', '25.0133', '24.9476', '24.7032', '23.9764']
    [FINAL] plotted_flow:  [0.11 → 1770.05]
    [FINAL] plotted_head:  [86.14 → 29.38]
    [FINAL] plotted_power: [10.8250 → 23.9764]
    [FINAL] plotted_eff:   [0.02 → 54.43]

  ── [LOAD+SCALE] 99271976320010A1P ──
    trim=8.9600, stages=5, rpm=1760.0, filing='Fig. 1 to 0.03'
    columns: ['curve_no', 'flow', 'speed', 'power_in', 'power_bowl_motor', 'power_bowl_dyno', 'power_pump_motor', 'power_pump_dyno', 'tdh_bowl', 'tdh_pump', 'eff_bowl_motor', 'eff_bowl_dyno', 'eff_pump_motor', 'eff_pump_dyno', 'eff_overall', 'npsha']
    rows: 13
    flow: 13 pts
      values: ['0.71', '397.08', '610.26', '809.77', '967.95', '1002.79', '1039.03', '1194.17', '1314.59', '1494.95', '1524.50', '1618.62', '1706.08']
    head ('tdh_bowl'): 13 pts
      values: ['427.79', '379.61', '373.21', '364.84', '347.52', '342.27', '335.70', '306.25', '278.72', '231.20', '224.41', '195.98', '164.43']
    power ('power_bowl_dyno'): all zero/negative — trying fallback
    power FALLBACK ('power_bowl_motor'): 13 pts
      values: ['55.5998', '72.4007', '89.3454', '103.6484', '112.3018', '113.7267', '115.3676', '119.7198', '121.6523', '122.6728', '122.7735', '122.0058', '119.7542']
    efficiency ('eff_bowl_motor'): 13 pts
      values: ['0.14', '52.48', '64.26', '71.86', '75.51', '76.08', '76.22', '77.01', '75.93', '71.03', '70.25', '65.54', '59.05']
    [FTS] Checking packing/bearing loss...
    [FTS] file: C:\Users\107087\AppData\Local\Temp\px_detail_2dpdyve9\99271976320010A1P.xls
    [FTS] friction coefficient: 0.1
    [FTS] BA is all zeros — computing packing loss
    [FTS] Line shaft diameter: 1.5000"
    [FTS] Using 'tdh_bowl' for discharge pressure
    [FTS] Speed (first 5): ['1760.0', '1760.0', '1760.0', '1760.0', '1760.0']
    [FTS] Pressure (first 5): ['427.79', '379.61', '373.21', '364.84', '347.52']
    [FTS] Packing cross section: 0.5" (shaft >= 1.0")
    [FTS] Contact area: 0.5 × 0.94 × 1.5000 × π = 2.214823 in²
    [FTS] shaft_radius_ft: 0.062500
    [FTS] Loss HP (first 5): ['1.587554', '1.408754', '1.385010', '1.353958', '1.289648']
    [FTS] Loss HP range: 0.610217 — 1.587554
    [FTS] Power correction applied:
      Original power (first 5): ['55.5998', '72.4007', '89.3454', '103.6484', '112.3018']
      Loss HP       (first 5): ['1.587554', '1.408754', '1.385010', '1.353958', '1.289648']
      Corrected     (first 5): ['54.0122', '70.9920', '87.9604', '102.2945', '111.0122']
      Avg loss: 1.1338 HP
      Max loss: 1.5876 HP
    power BEFORE FTS: ['55.5998', '72.4007', '89.3454', '103.6484', '112.3018', '113.7267', '115.3676', '119.7198', '121.6523', '122.6728', '122.7735', '122.0058', '119.7542']
    power AFTER FTS:  ['54.0122', '70.9920', '87.9604', '102.2945', '111.0122', '112.4565', '114.1218', '118.5833', '120.6179', '121.8148', '121.9407', '121.2785', '119.1439']
    [STAGE NORM] 5-stage → dividing head & power by 5
      head BEFORE: ['427.79', '379.61', '373.21', '364.84', '347.52', '342.27', '335.70', '306.25', '278.72', '231.20', '224.41', '195.98', '164.43']
      head AFTER:  ['85.56', '75.92', '74.64', '72.97', '69.50', '68.45', '67.14', '61.25', '55.74', '46.24', '44.88', '39.20', '32.89']
      power BEFORE: ['54.0122', '70.9920', '87.9604', '102.2945', '111.0122', '112.4565', '114.1218', '118.5833', '120.6179', '121.8148', '121.9407', '121.2785', '119.1439']
      power AFTER:  ['10.8024', '14.1984', '17.5921', '20.4589', '22.2024', '22.4913', '22.8244', '23.7167', '24.1236', '24.3630', '24.3881', '24.2557', '23.8288']
    [AFFINITY]
      test_diameter:     8.9600
      baseline_diameter: 8.9600
      dia_ratio:         8.9600/8.9600 = 1.000000
      test_rpm:          1760.0
      baseline_rpm:      1775.0
      speed_ratio:       1775.0/1760.0 = 1.008523
      scaled_flow:  ['0.72', '400.47', '615.46', '816.67', '976.20', '1011.34', '1047.88', '1204.35', '1325.79', '1507.69', '1537.50', '1632.42', '1720.62']
      scaled_head:  ['87.02', '77.22', '75.92', '74.22', '70.69', '69.63', '68.29', '62.30', '56.70', '47.03', '45.65', '39.87', '33.45']
      scaled_power: ['11.0810', '14.5645', '18.0457', '20.9865', '22.7750', '23.0713', '23.4129', '24.3282', '24.7457', '24.9912', '25.0170', '24.8812', '24.4433']
    [FINAL] plotted_flow:  [0.72 → 1720.62]
    [FINAL] plotted_head:  [87.02 → 33.45]
    [FINAL] plotted_power: [11.0810 → 24.4433]
    [FINAL] plotted_eff:   [0.14 → 59.05]

  ── [LOAD+SCALE] 99271976480010A1P ──
    trim=8.9600, stages=3, rpm=1760.0, filing='Fig. 2 to 0.01'
    columns: ['curve_no', 'flow', 'speed', 'power_in', 'power_bowl_motor', 'power_bowl_dyno', 'power_pump_motor', 'power_pump_dyno', 'tdh_bowl', 'tdh_pump', 'eff_bowl_motor', 'eff_bowl_dyno', 'eff_pump_motor', 'eff_pump_dyno', 'eff_overall', 'npsha']
    rows: 15
    flow: 15 pts
      values: ['0.00', '404.00', '600.96', '794.71', '957.64', '989.72', '997.39', '997.44', '1024.93', '1185.44', '1361.30', '1506.01', '1590.19', '1670.20', '1764.21']
    head ('tdh_bowl'): 15 pts
      values: ['265.81', '232.58', '227.12', '222.96', '212.81', '210.31', '209.35', '209.26', '206.44', '190.42', '167.84', '145.12', '129.84', '115.52', '94.53']
    power ('power_bowl_dyno'): all zero/negative — trying fallback
    power FALLBACK ('power_bowl_motor'): 15 pts
      values: ['35.7520', '44.8118', '53.5275', '62.4591', '68.4922', '69.3919', '69.7051', '69.7349', '70.4651', '74.5124', '76.7679', '77.4217', '77.3211', '76.9589', '75.5073']
    efficiency ('eff_bowl_motor'): 15 pts
      values: ['0.00', '52.86', '64.28', '71.51', '75.01', '75.62', '75.52', '75.45', '75.69', '76.37', '75.03', '71.16', '67.32', '63.20', '55.68']
    [FTS] Checking packing/bearing loss...
    [FTS] file: C:\Users\107087\AppData\Local\Temp\px_detail_2dpdyve9\99271976480010A1P.xls
    [FTS] friction coefficient: 0.1
    [FTS] BA is all zeros — computing packing loss
    [FTS] Line shaft diameter: 1.5000"
    [FTS] Using 'tdh_bowl' for discharge pressure
    [FTS] Speed (first 5): ['1760.0', '1760.0', '1760.0', '1760.0', '1760.0']
    [FTS] Pressure (first 5): ['265.81', '232.58', '227.12', '222.96', '212.81']
    [FTS] Packing cross section: 0.5" (shaft >= 1.0")
    [FTS] Contact area: 0.5 × 0.94 × 1.5000 × π = 2.214823 in²
    [FTS] shaft_radius_ft: 0.062500
    [FTS] Loss HP (first 5): ['0.986446', '0.863110', '0.842836', '0.827405', '0.789730']
    [FTS] Loss HP range: 0.350789 — 0.986446
    [FTS] Power correction applied:
      Original power (first 5): ['35.7520', '44.8118', '53.5275', '62.4591', '68.4922']
      Loss HP       (first 5): ['0.986446', '0.863110', '0.842836', '0.827405', '0.789730']
      Corrected     (first 5): ['34.7656', '43.9487', '52.6846', '61.6317', '67.7025']
      Avg loss: 0.7026 HP
      Max loss: 0.9864 HP
    power BEFORE FTS: ['35.7520', '44.8118', '53.5275', '62.4591', '68.4922', '69.3919', '69.7051', '69.7349', '70.4651', '74.5124', '76.7679', '77.4217', '77.3211', '76.9589', '75.5073']
    power AFTER FTS:  ['34.7656', '43.9487', '52.6846', '61.6317', '67.7025', '68.6114', '68.9282', '68.9583', '69.6990', '73.8057', '76.1451', '76.8831', '76.8393', '76.5302', '75.1565']
    [STAGE NORM] 3-stage → dividing head & power by 3
      head BEFORE: ['265.81', '232.58', '227.12', '222.96', '212.81', '210.31', '209.35', '209.26', '206.44', '190.42', '167.84', '145.12', '129.84', '115.52', '94.53']
      head AFTER:  ['88.60', '77.53', '75.71', '74.32', '70.94', '70.10', '69.78', '69.75', '68.81', '63.47', '55.95', '48.37', '43.28', '38.51', '31.51']
      power BEFORE: ['34.7656', '43.9487', '52.6846', '61.6317', '67.7025', '68.6114', '68.9282', '68.9583', '69.6990', '73.8057', '76.1451', '76.8831', '76.8393', '76.5302', '75.1565']
      power AFTER:  ['11.5885', '14.6496', '17.5615', '20.5439', '22.5675', '22.8705', '22.9761', '22.9861', '23.2330', '24.6019', '25.3817', '25.6277', '25.6131', '25.5101', '25.0522']
    [AFFINITY]
      test_diameter:     8.9600
      baseline_diameter: 8.9600
      dia_ratio:         8.9600/8.9600 = 1.000000
      test_rpm:          1760.0
      baseline_rpm:      1775.0
      speed_ratio:       1775.0/1760.0 = 1.008523
      scaled_flow:  ['0.00', '407.45', '606.08', '801.48', '965.80', '998.16', '1005.89', '1005.94', '1033.67', '1195.54', '1372.90', '1518.84', '1603.74', '1684.43', '1779.24']
      scaled_head:  ['90.12', '78.85', '77.00', '75.59', '72.15', '71.30', '70.98', '70.95', '69.99', '64.56', '56.90', '49.20', '44.02', '39.16', '32.05']
      scaled_power: ['11.8874', '15.0273', '18.0144', '21.0736', '23.1494', '23.4602', '23.5685', '23.5788', '23.8321', '25.2363', '26.0362', '26.2886', '26.2736', '26.1679', '25.6982']
    [FINAL] plotted_flow:  [0.00 → 1779.24]
    [FINAL] plotted_head:  [90.12 → 32.05]
    [FINAL] plotted_power: [11.8874 → 25.6982]
    [FINAL] plotted_eff:   [0.00 → 55.68]

  ── [LOAD+SCALE] 99271958690010A1P ──
    trim=8.9180, stages=5, rpm=1760.0, filing='Fig.1 to 0.03'
    columns: ['curve_no', 'flow', 'speed', 'power_in', 'power_bowl_motor', 'power_bowl_dyno', 'power_pump_motor', 'power_pump_dyno', 'tdh_bowl', 'tdh_pump', 'eff_bowl_motor', 'eff_bowl_dyno', 'eff_pump_motor', 'eff_pump_dyno', 'eff_overall', 'npsha']
    rows: 14
    flow: 14 pts
      values: ['0.26', '414.68', '590.38', '785.08', '974.25', '1009.42', '1024.36', '1050.71', '1207.06', '1328.55', '1509.53', '1604.46', '1732.87', '1809.86']
    head ('tdh_bowl'): 14 pts
      values: ['420.92', '377.34', '373.42', '366.42', '344.76', '339.65', '337.31', '331.63', '299.61', '270.79', '219.98', '192.50', '147.74', '115.28']
    power ('power_bowl_dyno'): all zero/negative — trying fallback
    power FALLBACK ('power_bowl_motor'): 14 pts
      values: ['52.2467', '72.8242', '87.7827', '102.5542', '113.4851', '114.9122', '115.6187', '116.5909', '120.9304', '122.3151', '122.2081', '121.9175', '118.9558', '115.6382']
    efficiency ('eff_bowl_motor'): 14 pts
      values: ['0.05', '54.17', '63.31', '70.71', '74.61', '75.21', '75.34', '75.34', '75.39', '74.15', '68.50', '63.86', '54.25', '45.48']
    [FTS] Checking packing/bearing loss...
    [FTS] file: C:\Users\107087\AppData\Local\Temp\px_detail_2dpdyve9\99271958690010A1P.xls
    [FTS] friction coefficient: 0.1
    [FTS] BA is all zeros — computing packing loss
    [FTS] Line shaft diameter: 1.5000"
    [FTS] Using 'tdh_bowl' for discharge pressure
    [FTS] Speed (first 5): ['1760.0', '1760.0', '1760.0', '1760.0', '1760.0']
    [FTS] Pressure (first 5): ['420.92', '377.34', '373.42', '366.42', '344.76']
    [FTS] Packing cross section: 0.5" (shaft >= 1.0")
    [FTS] Contact area: 0.5 × 0.94 × 1.5000 × π = 2.214823 in²
    [FTS] shaft_radius_ft: 0.062500
    [FTS] Loss HP (first 5): ['1.562068', '1.400342', '1.385774', '1.359786', '1.279420']
    [FTS] Loss HP range: 0.427802 — 1.562068
    [FTS] Power correction applied:
      Original power (first 5): ['52.2467', '72.8242', '87.7827', '102.5542', '113.4851']
      Loss HP       (first 5): ['1.562068', '1.400342', '1.385774', '1.359786', '1.279420']
      Corrected     (first 5): ['50.6846', '71.4239', '86.3969', '101.1944', '112.2057']
      Avg loss: 1.0967 HP
      Max loss: 1.5621 HP
    power BEFORE FTS: ['52.2467', '72.8242', '87.7827', '102.5542', '113.4851', '114.9122', '115.6187', '116.5909', '120.9304', '122.3151', '122.2081', '121.9175', '118.9558', '115.6382']
    power AFTER FTS:  ['50.6846', '71.4239', '86.3969', '101.1944', '112.2057', '113.6518', '114.3669', '115.3602', '119.8186', '121.3101', '121.3917', '121.2031', '118.4075', '115.2104']
    [STAGE NORM] 5-stage → dividing head & power by 5
      head BEFORE: ['420.92', '377.34', '373.42', '366.42', '344.76', '339.65', '337.31', '331.63', '299.61', '270.79', '219.98', '192.50', '147.74', '115.28']
      head AFTER:  ['84.18', '75.47', '74.68', '73.28', '68.95', '67.93', '67.46', '66.33', '59.92', '54.16', '44.00', '38.50', '29.55', '23.06']
      power BEFORE: ['50.6846', '71.4239', '86.3969', '101.1944', '112.2057', '113.6518', '114.3669', '115.3602', '119.8186', '121.3101', '121.3917', '121.2031', '118.4075', '115.2104']
      power AFTER:  ['10.1369', '14.2848', '17.2794', '20.2389', '22.4411', '22.7304', '22.8734', '23.0720', '23.9637', '24.2620', '24.2783', '24.2406', '23.6815', '23.0421']
    [AFFINITY]
      test_diameter:     8.9180
      baseline_diameter: 8.9600
      dia_ratio:         8.9600/8.9180 = 1.004710
      test_rpm:          1760.0
      baseline_rpm:      1775.0
      speed_ratio:       1775.0/1760.0 = 1.008523
      scaled_flow:  ['0.26', '420.19', '598.21', '795.50', '987.18', '1022.82', '1037.96', '1064.66', '1223.08', '1346.18', '1529.57', '1625.75', '1755.87', '1833.88']
      scaled_head:  ['86.43', '77.49', '76.68', '75.24', '70.79', '69.74', '69.26', '68.10', '61.52', '55.61', '45.17', '39.53', '30.34', '23.67']
      scaled_power: ['10.5459', '14.8611', '17.9766', '21.0555', '23.3466', '23.6475', '23.7963', '24.0030', '24.9306', '25.2410', '25.2579', '25.2187', '24.6370', '23.9718']
    [FINAL] plotted_flow:  [0.26 → 1833.88]
    [FINAL] plotted_head:  [86.43 → 23.67]
    [FINAL] plotted_power: [10.5459 → 23.9718]
    [FINAL] plotted_eff:   [0.05 → 45.48]

  ── [LOAD+SCALE] 99271856860010A1P ──
    trim=8.9600, stages=4, rpm=1760.0, filing='Fig.1 to 0.03'
    columns: ['curve_no', 'flow', 'speed', 'power_in', 'power_bowl_motor', 'power_bowl_dyno', 'power_pump_motor', 'power_pump_dyno', 'tdh_bowl', 'tdh_pump', 'eff_bowl_motor', 'eff_bowl_dyno', 'eff_pump_motor', 'eff_pump_dyno', 'eff_overall', 'npsha']
    rows: 12
    flow: 12 pts
      values: ['0.21', '412.98', '593.07', '788.26', '957.27', '986.76', '1023.77', '1189.77', '1344.92', '1515.02', '1607.70', '1696.16']
    head ('tdh_bowl'): 12 pts
      values: ['321.29', '300.35', '298.08', '288.66', '271.59', '267.38', '262.61', '237.96', '204.90', '159.46', '133.06', '106.22']
    power ('power_bowl_dyno'): all zero/negative — trying fallback
    power FALLBACK ('power_bowl_motor'): 12 pts
      values: ['32.9526', '59.6073', '74.6019', '86.6846', '95.1803', '96.5321', '97.9156', '103.0130', '105.7574', '106.2497', '106.1095', '105.2084']
    efficiency ('eff_bowl_motor'): 12 pts
      values: ['0.05', '52.46', '59.74', '66.17', '68.86', '68.90', '69.22', '69.28', '65.69', '57.32', '50.82', '43.17']
    [FTS] Checking packing/bearing loss...
    [FTS] file: C:\Users\107087\AppData\Local\Temp\px_detail_2dpdyve9\99271856860010A1P.xls
    [FTS] friction coefficient: 0.1
    [FTS] BA is all zeros — computing packing loss
    [FTS] Line shaft diameter: 1.5000"
    [FTS] Using 'tdh_bowl' for discharge pressure
    [FTS] Speed (first 5): ['1760.0', '1760.0', '1760.0', '1760.0', '1760.0']
    [FTS] Pressure (first 5): ['321.29', '300.35', '298.08', '288.66', '271.59']
    [FTS] Packing cross section: 0.5" (shaft >= 1.0")
    [FTS] Contact area: 0.5 × 0.94 × 1.5000 × π = 2.214823 in²
    [FTS] shaft_radius_ft: 0.062500
    [FTS] Loss HP (first 5): ['1.192337', '1.114621', '1.106175', '1.071216', '1.007869']
    [FTS] Loss HP range: 0.394185 — 1.192337
    [FTS] Power correction applied:
      Original power (first 5): ['32.9526', '59.6073', '74.6019', '86.6846', '95.1803']
      Loss HP       (first 5): ['1.192337', '1.114621', '1.106175', '1.071216', '1.007869']
      Corrected     (first 5): ['31.7602', '58.4927', '73.4957', '85.6134', '94.1724']
      Avg loss: 0.8819 HP
      Max loss: 1.1923 HP
    power BEFORE FTS: ['32.9526', '59.6073', '74.6019', '86.6846', '95.1803', '96.5321', '97.9156', '103.0130', '105.7574', '106.2497', '106.1095', '105.2084']
    power AFTER FTS:  ['31.7602', '58.4927', '73.4957', '85.6134', '94.1724', '95.5398', '96.9411', '102.1299', '104.9970', '105.6579', '105.6157', '104.8142']
    [STAGE NORM] 4-stage → dividing head & power by 4
      head BEFORE: ['321.29', '300.35', '298.08', '288.66', '271.59', '267.38', '262.61', '237.96', '204.90', '159.46', '133.06', '106.22']
      head AFTER:  ['80.32', '75.09', '74.52', '72.16', '67.90', '66.85', '65.65', '59.49', '51.23', '39.87', '33.26', '26.55']
      power BEFORE: ['31.7602', '58.4927', '73.4957', '85.6134', '94.1724', '95.5398', '96.9411', '102.1299', '104.9970', '105.6579', '105.6157', '104.8142']
      power AFTER:  ['7.9401', '14.6232', '18.3739', '21.4033', '23.5431', '23.8850', '24.2353', '25.5325', '26.2493', '26.4145', '26.4039', '26.2035']
    [AFFINITY]
      test_diameter:     8.9600
      baseline_diameter: 8.9600
      dia_ratio:         8.9600/8.9600 = 1.000000
      test_rpm:          1760.0
      baseline_rpm:      1775.0
      speed_ratio:       1775.0/1760.0 = 1.008523
      scaled_flow:  ['0.22', '416.50', '598.13', '794.98', '965.43', '995.17', '1032.49', '1199.91', '1356.38', '1527.93', '1621.40', '1710.62']
      scaled_head:  ['81.70', '76.37', '75.79', '73.40', '69.06', '67.99', '66.78', '60.51', '52.10', '40.55', '33.83', '27.01']
      scaled_power: ['8.1448', '15.0003', '18.8477', '21.9553', '24.1502', '24.5009', '24.8602', '26.1909', '26.9261', '27.0956', '27.0848', '26.8793']
    [FINAL] plotted_flow:  [0.22 → 1710.62]
    [FINAL] plotted_head:  [81.70 → 27.01]
    [FINAL] plotted_power: [8.1448 → 26.8793]
    [FINAL] plotted_eff:   [0.05 → 43.17]

  ── [LOAD+SCALE] 99272092820010A1P ──
    trim=8.9600, stages=4, rpm=1760.0, filing='Fig1. To 0.03125'
    columns: ['curve_no', 'flow', 'speed', 'power_in', 'power_bowl_motor', 'power_bowl_dyno', 'power_pump_motor', 'power_pump_dyno', 'tdh_bowl', 'tdh_pump', 'eff_bowl_motor', 'eff_bowl_dyno', 'eff_pump_motor', 'eff_pump_dyno', 'eff_overall', 'npsha']
    rows: 11
    flow: 11 pts
      values: ['0.00', '597.94', '812.50', '966.38', '1007.81', '1033.02', '1233.60', '1514.40', '1631.22', '1713.65', '1816.09']
    head ('tdh_bowl'): 11 pts
      values: ['344.97', '299.77', '293.65', '283.30', '279.36', '276.41', '252.96', '208.21', '187.32', '171.34', '146.27']
    power ('power_bowl_dyno'): all zero/negative — trying fallback
    power FALLBACK ('power_bowl_motor'): 11 pts
      values: ['46.4529', '69.8659', '81.7039', '88.8052', '90.3348', '91.3802', '97.1188', '100.1866', '100.3539', '100.3260', '98.7757']
    efficiency ('eff_bowl_motor'): 11 pts
      values: ['0.00', '64.68', '73.62', '77.72', '78.57', '78.77', '81.00', '79.34', '76.75', '73.78', '67.79']
    [STAGE NORM] 4-stage → dividing head & power by 4
      head BEFORE: ['344.97', '299.77', '293.65', '283.30', '279.36', '276.41', '252.96', '208.21', '187.32', '171.34', '146.27']
      head AFTER:  ['86.24', '74.94', '73.41', '70.83', '69.84', '69.10', '63.24', '52.05', '46.83', '42.83', '36.57']
      power BEFORE: ['46.4529', '69.8659', '81.7039', '88.8052', '90.3348', '91.3802', '97.1188', '100.1866', '100.3539', '100.3260', '98.7757']
      power AFTER:  ['11.6132', '17.4665', '20.4260', '22.2013', '22.5837', '22.8451', '24.2797', '25.0467', '25.0885', '25.0815', '24.6939']
    [AFFINITY]
      test_diameter:     8.9600
      baseline_diameter: 8.9600
      dia_ratio:         8.9600/8.9600 = 1.000000
      test_rpm:          1760.0
      baseline_rpm:      1775.0
      speed_ratio:       1775.0/1760.0 = 1.008523
      scaled_flow:  ['0.00', '603.04', '819.42', '974.62', '1016.40', '1041.83', '1244.11', '1527.31', '1645.13', '1728.25', '1831.57']
      scaled_head:  ['87.72', '76.23', '74.67', '72.04', '71.04', '70.29', '64.32', '52.94', '47.63', '43.57', '37.19']
      scaled_power: ['11.9127', '17.9169', '20.9527', '22.7738', '23.1661', '23.4342', '24.9058', '25.6925', '25.7354', '25.7283', '25.3307']
    [FINAL] plotted_flow:  [0.00 → 1831.57]
    [FINAL] plotted_head:  [87.72 → 37.19]
    [FINAL] plotted_power: [11.9127 → 25.3307]
    [FINAL] plotted_eff:   [0.00 → 67.79]

  ── [LOAD+SCALE] 99272116990010A1P ──
    trim=8.8600, stages=8, rpm=1760.0, filing='Fig1. To 0.03125'
    columns: ['curve_no', 'flow', 'speed', 'power_in', 'power_bowl_motor', 'power_bowl_dyno', 'power_pump_motor', 'power_pump_dyno', 'tdh_bowl', 'tdh_pump', 'eff_bowl_motor', 'eff_bowl_dyno', 'eff_pump_motor', 'eff_pump_dyno', 'eff_overall', 'npsha']
    rows: 9
    flow: 9 pts
      values: ['8.49', '630.10', '804.98', '974.78', '1005.84', '1027.13', '1296.12', '1503.15', '1767.98']
    head ('tdh_bowl'): 9 pts
      values: ['655.02', '579.33', '566.80', '540.10', '534.25', '529.42', '461.31', '398.97', '300.29']
    power ('power_bowl_dyno'): all zero/negative — trying fallback
    power FALLBACK ('power_bowl_motor'): 9 pts
      values: ['94.6079', '146.4920', '164.2223', '177.6904', '179.5828', '180.9102', '192.6393', '195.4505', '192.1520']
    efficiency ('eff_bowl_motor'): 9 pts
      values: ['1.48', '62.82', '70.04', '74.69', '75.43', '75.77', '78.24', '77.35', '69.65']
    [STAGE NORM] 8-stage → dividing head & power by 8
      head BEFORE: ['655.02', '579.33', '566.80', '540.10', '534.25', '529.42', '461.31', '398.97', '300.29']
      head AFTER:  ['81.88', '72.42', '70.85', '67.51', '66.78', '66.18', '57.66', '49.87', '37.54']
      power BEFORE: ['94.6079', '146.4920', '164.2223', '177.6904', '179.5828', '180.9102', '192.6393', '195.4505', '192.1520']
      power AFTER:  ['11.8260', '18.3115', '20.5278', '22.2113', '22.4478', '22.6138', '24.0799', '24.4313', '24.0190']
    [AFFINITY]
      test_diameter:     8.8600
      baseline_diameter: 8.9600
      dia_ratio:         8.9600/8.8600 = 1.011287
      test_rpm:          1760.0
      baseline_rpm:      1775.0
      speed_ratio:       1775.0/1760.0 = 1.008523
      scaled_flow:  ['8.66', '642.64', '821.01', '994.18', '1025.87', '1047.58', '1321.92', '1533.07', '1803.17']
      scaled_head:  ['85.17', '75.33', '73.70', '70.23', '69.47', '68.84', '59.98', '51.88', '39.05']
      scaled_power: ['12.5463', '19.4269', '21.7782', '23.5643', '23.8152', '23.9913', '25.5467', '25.9195', '25.4821']
    [FINAL] plotted_flow:  [8.66 → 1803.17]
    [FINAL] plotted_head:  [85.17 → 39.05]
    [FINAL] plotted_power: [12.5463 → 25.4821]
    [FINAL] plotted_eff:   [1.48 → 69.65]

  ── [LOAD+SCALE] 99272131020010A1P ──
    trim=8.8200, stages=4, rpm=1760.0, filing='Fig1. To 0.03125'
    columns: ['curve_no', 'flow', 'speed', 'power_in', 'power_bowl_motor', 'power_bowl_dyno', 'power_pump_motor', 'power_pump_dyno', 'tdh_bowl', 'tdh_pump', 'eff_bowl_motor', 'eff_bowl_dyno', 'eff_pump_motor', 'eff_pump_dyno', 'eff_overall', 'npsha']
    rows: 10
    flow: 10 pts
      values: ['9.46', '603.87', '801.15', '977.75', '998.32', '1018.17', '1180.34', '1491.38', '1678.40', '1802.50']
    head ('tdh_bowl'): 10 pts
      values: ['305.72', '273.45', '264.92', '249.55', '246.90', '245.56', '225.94', '180.60', '144.83', '116.86']
    power ('power_bowl_dyno'): all zero/negative — trying fallback
    power FALLBACK ('power_bowl_motor'): 10 pts
      values: ['40.8617', '64.6398', '73.4086', '79.5843', '79.1423', '79.7633', '82.9844', '84.9902', '83.1909', '80.3231']
    efficiency ('eff_bowl_motor'): 10 pts
      values: ['1.78', '64.40', '72.88', '77.29', '78.51', '79.02', '81.02', '79.89', '73.66', '66.11']
    [STAGE NORM] 4-stage → dividing head & power by 4
      head BEFORE: ['305.72', '273.45', '264.92', '249.55', '246.90', '245.56', '225.94', '180.60', '144.83', '116.86']
      head AFTER:  ['76.43', '68.36', '66.23', '62.39', '61.73', '61.39', '56.49', '45.15', '36.21', '29.22']
      power BEFORE: ['40.8617', '64.6398', '73.4086', '79.5843', '79.1423', '79.7633', '82.9844', '84.9902', '83.1909', '80.3231']
      power AFTER:  ['10.2154', '16.1600', '18.3521', '19.8961', '19.7856', '19.9408', '20.7461', '21.2475', '20.7977', '20.0808']
    [AFFINITY]
      test_diameter:     8.8200
      baseline_diameter: 8.9600
      dia_ratio:         8.9600/8.8200 = 1.015873
      test_rpm:          1760.0
      baseline_rpm:      1775.0
      speed_ratio:       1775.0/1760.0 = 1.008523
      scaled_flow:  ['9.69', '618.68', '820.80', '1001.73', '1022.81', '1043.14', '1209.29', '1527.96', '1719.57', '1846.71']
      scaled_head:  ['80.22', '71.76', '69.52', '65.49', '64.79', '64.44', '59.29', '47.39', '38.01', '30.67']
      scaled_power: ['10.9858', '17.3786', '19.7361', '21.3965', '21.2777', '21.4446', '22.3106', '22.8499', '22.3661', '21.5951']
    [FINAL] plotted_flow:  [9.69 → 1846.71]
    [FINAL] plotted_head:  [80.22 → 30.67]
    [FINAL] plotted_power: [10.9858 → 21.5951]
    [FINAL] plotted_eff:   [1.78 → 66.11]

  ── [LOAD+SCALE] 99272145210010A1P ──
    trim=8.9600, stages=3, rpm=1760.0, filing='Fig1. To 0.03125'
    columns: ['curve_no', 'flow', 'speed', 'power_in', 'power_bowl_motor', 'power_bowl_dyno', 'power_pump_motor', 'power_pump_dyno', 'tdh_bowl', 'tdh_pump', 'eff_bowl_motor', 'eff_bowl_dyno', 'eff_pump_motor', 'eff_pump_dyno', 'eff_overall', 'npsha']
    rows: 11
    flow: 11 pts
      values: ['8.02', '602.44', '792.90', '970.22', '991.43', '1032.81', '1204.33', '1516.10', '1608.36', '1746.38', '1862.53']
    head ('tdh_bowl'): 11 pts
      values: ['256.04', '226.78', '223.28', '215.07', '213.61', '210.89', '197.22', '161.96', '150.81', '133.07', '108.94']
    power ('power_bowl_dyno'): all zero/negative — trying fallback
    power FALLBACK ('power_bowl_motor'): 11 pts
      values: ['36.5126', '54.7813', '62.1503', '68.1806', '68.7715', '69.7979', '73.8594', '77.5612', '77.8601', '77.3641', '75.6617']
    efficiency ('eff_bowl_motor'): 11 pts
      values: ['1.42', '62.87', '71.81', '77.15', '77.63', '78.67', '81.07', '79.81', '78.53', '75.73', '67.61']
    [STAGE NORM] 3-stage → dividing head & power by 3
      head BEFORE: ['256.04', '226.78', '223.28', '215.07', '213.61', '210.89', '197.22', '161.96', '150.81', '133.07', '108.94']
      head AFTER:  ['85.35', '75.59', '74.43', '71.69', '71.20', '70.30', '65.74', '53.99', '50.27', '44.36', '36.31']
      power BEFORE: ['36.5126', '54.7813', '62.1503', '68.1806', '68.7715', '69.7979', '73.8594', '77.5612', '77.8601', '77.3641', '75.6617']
      power AFTER:  ['12.1709', '18.2604', '20.7168', '22.7269', '22.9238', '23.2660', '24.6198', '25.8537', '25.9534', '25.7880', '25.2206']
    [AFFINITY]
      test_diameter:     8.9600
      baseline_diameter: 8.9600
      dia_ratio:         8.9600/8.9600 = 1.000000
      test_rpm:          1760.0
      baseline_rpm:      1775.0
      speed_ratio:       1775.0/1760.0 = 1.008523
      scaled_flow:  ['8.09', '607.57', '799.65', '978.49', '999.88', '1041.61', '1214.59', '1529.02', '1622.07', '1761.26', '1878.40']
      scaled_head:  ['86.81', '76.89', '75.70', '72.92', '72.42', '71.50', '66.86', '54.91', '51.13', '45.12', '36.94']
      scaled_power: ['12.4847', '18.7313', '21.2510', '23.3129', '23.5150', '23.8659', '25.2547', '26.5204', '26.6226', '26.4530', '25.8709']
    [FINAL] plotted_flow:  [8.09 → 1878.40]
    [FINAL] plotted_head:  [86.81 → 36.94]
    [FINAL] plotted_power: [12.4847 → 25.8709]
    [FINAL] plotted_eff:   [1.42 → 67.61]

  ── [LOAD+SCALE] 99272172120010A1P ──
    trim=8.8200, stages=5, rpm=1760.0, filing='Fig1. To 0.03125'
    columns: ['curve_no', 'flow', 'speed', 'power_in', 'power_bowl_motor', 'power_bowl_dyno', 'power_pump_motor', 'power_pump_dyno', 'tdh_bowl', 'tdh_pump', 'eff_bowl_motor', 'eff_bowl_dyno', 'eff_pump_motor', 'eff_pump_dyno', 'eff_overall', 'npsha']
    rows: 12
    flow: 12 pts
      values: ['0.00', '609.86', '822.52', '976.49', '998.56', '1004.43', '1027.04', '1198.23', '1351.53', '1503.29', '1595.44', '1657.11']
    head ('tdh_bowl'): 12 pts
      values: ['404.70', '357.18', '347.54', '332.18', '329.85', '328.76', '325.89', '302.00', '274.33', '241.42', '221.35', '205.56']
    power ('power_bowl_dyno'): all zero/negative — trying fallback
    power FALLBACK ('power_bowl_motor'): 12 pts
      values: ['54.2624', '83.9045', '96.8108', '103.9614', '104.7579', '105.1631', '105.8573', '111.1231', '113.8053', '114.4211', '114.0581', '113.4875']
    efficiency ('eff_bowl_motor'): 12 pts
      values: ['0.00', '65.45', '74.44', '78.65', '79.26', '79.16', '79.71', '82.09', '82.13', '79.96', '78.05', '75.66']
    [STAGE NORM] 5-stage → dividing head & power by 5
      head BEFORE: ['404.70', '357.18', '347.54', '332.18', '329.85', '328.76', '325.89', '302.00', '274.33', '241.42', '221.35', '205.56']
      head AFTER:  ['80.94', '71.44', '69.51', '66.44', '65.97', '65.75', '65.18', '60.40', '54.87', '48.28', '44.27', '41.11']
      power BEFORE: ['54.2624', '83.9045', '96.8108', '103.9614', '104.7579', '105.1631', '105.8573', '111.1231', '113.8053', '114.4211', '114.0581', '113.4875']
      power AFTER:  ['10.8525', '16.7809', '19.3622', '20.7923', '20.9516', '21.0326', '21.1715', '22.2246', '22.7611', '22.8842', '22.8116', '22.6975']
    [AFFINITY]
      test_diameter:     8.8200
      baseline_diameter: 8.9600
      dia_ratio:         8.9600/8.8200 = 1.015873
      test_rpm:          1760.0
      baseline_rpm:      1775.0
      speed_ratio:       1775.0/1760.0 = 1.008523
      scaled_flow:  ['0.00', '624.82', '842.70', '1000.44', '1023.06', '1029.07', '1052.23', '1227.63', '1384.69', '1540.17', '1634.58', '1697.76']
      scaled_head:  ['84.96', '74.98', '72.96', '69.74', '69.25', '69.02', '68.42', '63.40', '57.59', '50.68', '46.47', '43.15']
      scaled_power: ['11.6709', '18.0464', '20.8223', '22.3603', '22.5316', '22.6188', '22.7681', '23.9006', '24.4775', '24.6100', '24.5319', '24.4092']
    [FINAL] plotted_flow:  [0.00 → 1697.76]
    [FINAL] plotted_head:  [84.96 → 43.15]
    [FINAL] plotted_power: [11.6709 → 24.4092]
    [FINAL] plotted_eff:   [0.00 → 75.66]

  ── [LOAD+SCALE] 99272188670010A1P ──
    trim=8.9000, stages=7, rpm=1760.0, filing='Fig1. To 0.03125'
    columns: ['curve_no', 'flow', 'speed', 'power_in', 'power_bowl_motor', 'power_bowl_dyno', 'power_pump_motor', 'power_pump_dyno', 'tdh_bowl', 'tdh_pump', 'eff_bowl_motor', 'eff_bowl_dyno', 'eff_pump_motor', 'eff_pump_dyno', 'eff_overall', 'npsha']
    rows: 13
    flow: 13 pts
      values: ['0.00', '600.72', '789.18', '982.28', '1002.48', '1018.05', '1214.27', '1401.35', '1497.81', '1608.00', '1740.61', '1853.44', '1946.18']
    head ('tdh_bowl'): 13 pts
      values: ['578.89', '516.02', '506.67', '485.37', '482.37', '479.47', '442.30', '394.77', '367.37', '336.16', '292.80', '245.73', '200.57']
    power ('power_bowl_dyno'): all zero/negative — trying fallback
    power FALLBACK ('power_bowl_motor'): 13 pts
      values: ['73.2128', '118.0264', '136.2188', '151.8541', '153.0813', '154.0085', '164.2578', '169.6165', '170.6004', '170.4658', '170.5736', '167.6101', '162.6721']
    efficiency ('eff_bowl_motor'): 13 pts
      values: ['0.00', '66.21', '74.00', '79.15', '79.63', '79.90', '82.42', '82.22', '81.31', '79.94', '75.32', '68.50', '60.49']
    [STAGE NORM] 7-stage → dividing head & power by 7
      head BEFORE: ['578.89', '516.02', '506.67', '485.37', '482.37', '479.47', '442.30', '394.77', '367.37', '336.16', '292.80', '245.73', '200.57']
      head AFTER:  ['82.70', '73.72', '72.38', '69.34', '68.91', '68.50', '63.19', '56.40', '52.48', '48.02', '41.83', '35.10', '28.65']
      power BEFORE: ['73.2128', '118.0264', '136.2188', '151.8541', '153.0813', '154.0085', '164.2578', '169.6165', '170.6004', '170.4658', '170.5736', '167.6101', '162.6721']
      power AFTER:  ['10.4590', '16.8609', '19.4598', '21.6934', '21.8688', '22.0012', '23.4654', '24.2309', '24.3715', '24.3523', '24.3677', '23.9443', '23.2389']
    [AFFINITY]
      test_diameter:     8.9000
      baseline_diameter: 8.9600
      dia_ratio:         8.9600/8.9000 = 1.006742
      test_rpm:          1760.0
      baseline_rpm:      1775.0
      speed_ratio:       1775.0/1760.0 = 1.008523
      scaled_flow:  ['0.00', '609.93', '801.27', '997.33', '1017.84', '1033.65', '1232.88', '1422.83', '1520.76', '1632.64', '1767.28', '1881.84', '1976.00']
      scaled_head:  ['85.25', '75.99', '74.62', '71.48', '71.04', '70.61', '65.14', '58.14', '54.10', '49.51', '43.12', '36.19', '29.54']
      scaled_power: ['10.9471', '17.6479', '20.3681', '22.7059', '22.8894', '23.0281', '24.5606', '25.3619', '25.5090', '25.4889', '25.5050', '25.0619', '24.3235']
    [FINAL] plotted_flow:  [0.00 → 1976.00]
    [FINAL] plotted_head:  [85.25 → 29.54]
    [FINAL] plotted_power: [10.9471 → 24.3235]
    [FINAL] plotted_eff:   [0.00 → 60.49]

  ── [LOAD+SCALE] 99272195800010A1P ──
    trim=8.9600, stages=3, rpm=1760.0, filing='Fig1. To 0.03125'
    columns: ['curve_no', 'flow', 'speed', 'power_in', 'power_bowl_motor', 'power_bowl_dyno', 'power_pump_motor', 'power_pump_dyno', 'tdh_bowl', 'tdh_pump', 'eff_bowl_motor', 'eff_bowl_dyno', 'eff_pump_motor', 'eff_pump_dyno', 'eff_overall', 'npsha']
    rows: 11
    flow: 11 pts
      values: ['0.00', '400.10', '797.69', '971.93', '1004.64', '1025.94', '1214.27', '1516.02', '1646.03', '1746.49', '1849.81']
    head ('tdh_bowl'): 11 pts
      values: ['249.26', '227.52', '218.75', '210.22', '207.87', '206.41', '190.68', '155.64', '136.81', '120.17', '97.92']
    power ('power_bowl_dyno'): all zero/negative — trying fallback
    power FALLBACK ('power_bowl_motor'): 11 pts
      values: ['31.8194', '44.0071', '61.5911', '67.7527', '68.6528', '69.3279', '73.7099', '77.1698', '77.1010', '76.7822', '75.2609']
    efficiency ('eff_bowl_motor'): 11 pts
      values: ['0.00', '52.15', '71.42', '76.02', '76.68', '77.00', '79.18', '77.08', '73.63', '68.91', '60.67']
    [STAGE NORM] 3-stage → dividing head & power by 3
      head BEFORE: ['249.26', '227.52', '218.75', '210.22', '207.87', '206.41', '190.68', '155.64', '136.81', '120.17', '97.92']
      head AFTER:  ['83.09', '75.84', '72.92', '70.07', '69.29', '68.80', '63.56', '51.88', '45.60', '40.06', '32.64']
      power BEFORE: ['31.8194', '44.0071', '61.5911', '67.7527', '68.6528', '69.3279', '73.7099', '77.1698', '77.1010', '76.7822', '75.2609']
      power AFTER:  ['10.6065', '14.6690', '20.5304', '22.5842', '22.8843', '23.1093', '24.5700', '25.7233', '25.7003', '25.5941', '25.0870']
    [AFFINITY]
      test_diameter:     8.9600
      baseline_diameter: 8.9600
      dia_ratio:         8.9600/8.9600 = 1.000000
      test_rpm:          1760.0
      baseline_rpm:      1775.0
      speed_ratio:       1775.0/1760.0 = 1.008523
      scaled_flow:  ['0.00', '403.51', '804.49', '980.21', '1013.20', '1034.68', '1224.62', '1528.94', '1660.06', '1761.37', '1865.58']
      scaled_head:  ['84.51', '77.14', '74.16', '71.27', '70.48', '69.98', '64.65', '52.77', '46.38', '40.74', '33.20']
      scaled_power: ['10.8800', '15.0473', '21.0598', '23.1666', '23.4744', '23.7052', '25.2036', '26.3866', '26.3631', '26.2540', '25.7339']
    [FINAL] plotted_flow:  [0.00 → 1865.58]
    [FINAL] plotted_head:  [84.51 → 33.20]
    [FINAL] plotted_power: [10.8800 → 25.7339]
    [FINAL] plotted_eff:   [0.00 → 60.67]

  ── [LOAD+SCALE] 99272195800010B1P ──
    trim=8.9600, stages=3, rpm=1760.0, filing='Fig1. To 0.03125'
    columns: ['curve_no', 'flow', 'speed', 'power_in', 'power_bowl_motor', 'power_bowl_dyno', 'power_pump_motor', 'power_pump_dyno', 'tdh_bowl', 'tdh_pump', 'eff_bowl_motor', 'eff_bowl_dyno', 'eff_pump_motor', 'eff_pump_dyno', 'eff_overall', 'npsha']
    rows: 11
    flow: 11 pts
      values: ['0.00', '406.02', '792.41', '975.32', '1004.14', '1024.72', '1220.05', '1517.95', '1640.52', '1737.92', '1845.97']
    head ('tdh_bowl'): 11 pts
      values: ['252.83', '226.72', '218.05', '208.55', '206.27', '205.08', '189.23', '152.98', '135.75', '119.49', '97.16']
    power ('power_bowl_dyno'): all zero/negative — trying fallback
    power FALLBACK ('power_bowl_motor'): 11 pts
      values: ['33.8500', '44.0307', '60.8187', '67.1742', '68.0331', '68.5655', '73.0129', '76.3650', '76.3988', '76.0151', '74.6304']
    efficiency ('eff_bowl_motor'): 11 pts
      values: ['0.00', '52.70', '71.62', '76.33', '76.75', '77.27', '79.71', '76.66', '73.48', '68.87', '60.58']
    [STAGE NORM] 3-stage → dividing head & power by 3
      head BEFORE: ['252.83', '226.72', '218.05', '208.55', '206.27', '205.08', '189.23', '152.98', '135.75', '119.49', '97.16']
      head AFTER:  ['84.28', '75.57', '72.68', '69.52', '68.76', '68.36', '63.08', '50.99', '45.25', '39.83', '32.39']
      power BEFORE: ['33.8500', '44.0307', '60.8187', '67.1742', '68.0331', '68.5655', '73.0129', '76.3650', '76.3988', '76.0151', '74.6304']
      power AFTER:  ['11.2833', '14.6769', '20.2729', '22.3914', '22.6777', '22.8552', '24.3376', '25.4550', '25.4663', '25.3384', '24.8768']
    [AFFINITY]
      test_diameter:     8.9600
      baseline_diameter: 8.9600
      dia_ratio:         8.9600/8.9600 = 1.000000
      test_rpm:          1760.0
      baseline_rpm:      1775.0
      speed_ratio:       1775.0/1760.0 = 1.008523
      scaled_flow:  ['0.00', '409.48', '799.16', '983.63', '1012.70', '1033.46', '1230.45', '1530.89', '1654.50', '1752.74', '1861.70']
      scaled_head:  ['85.72', '76.87', '73.93', '70.71', '69.93', '69.53', '64.16', '51.87', '46.02', '40.51', '32.94']
      scaled_power: ['11.5743', '15.0554', '20.7957', '22.9688', '23.2625', '23.4445', '24.9652', '26.1114', '26.1230', '25.9918', '25.5183']
    [FINAL] plotted_flow:  [0.00 → 1861.70]
    [FINAL] plotted_head:  [85.72 → 32.94]
    [FINAL] plotted_power: [11.5743 → 25.5183]
    [FINAL] plotted_eff:   [0.00 → 60.58]

  ── [LOAD+SCALE] 99272195800010B1P ──
    trim=8.9600, stages=3, rpm=1760.0, filing='Fig1. To 0.03125'
    columns: ['curve_no', 'flow', 'speed', 'power_in', 'power_bowl_motor', 'power_bowl_dyno', 'power_pump_motor', 'power_pump_dyno', 'tdh_bowl', 'tdh_pump', 'eff_bowl_motor', 'eff_bowl_dyno', 'eff_pump_motor', 'eff_pump_dyno', 'eff_overall', 'npsha']
    rows: 11
    flow: 11 pts
      values: ['0.00', '406.02', '792.41', '975.32', '1004.14', '1024.72', '1220.05', '1517.95', '1640.52', '1737.92', '1845.97']
    head ('tdh_bowl'): 11 pts
      values: ['252.83', '226.72', '218.05', '208.55', '206.27', '205.08', '189.23', '152.98', '135.75', '119.49', '97.16']
    power ('power_bowl_dyno'): all zero/negative — trying fallback
    power FALLBACK ('power_bowl_motor'): 11 pts
      values: ['33.8500', '44.0307', '60.8187', '67.1742', '68.0331', '68.5655', '73.0129', '76.3650', '76.3988', '76.0151', '74.6304']
    efficiency ('eff_bowl_motor'): 11 pts
      values: ['0.00', '52.70', '71.62', '76.33', '76.75', '77.27', '79.71', '76.66', '73.48', '68.87', '60.58']
    [STAGE NORM] 3-stage → dividing head & power by 3
      head BEFORE: ['252.83', '226.72', '218.05', '208.55', '206.27', '205.08', '189.23', '152.98', '135.75', '119.49', '97.16']
      head AFTER:  ['84.28', '75.57', '72.68', '69.52', '68.76', '68.36', '63.08', '50.99', '45.25', '39.83', '32.39']
      power BEFORE: ['33.8500', '44.0307', '60.8187', '67.1742', '68.0331', '68.5655', '73.0129', '76.3650', '76.3988', '76.0151', '74.6304']
      power AFTER:  ['11.2833', '14.6769', '20.2729', '22.3914', '22.6777', '22.8552', '24.3376', '25.4550', '25.4663', '25.3384', '24.8768']
    [AFFINITY]
      test_diameter:     8.9600
      baseline_diameter: 8.9600
      dia_ratio:         8.9600/8.9600 = 1.000000
      test_rpm:          1760.0
      baseline_rpm:      1775.0
      speed_ratio:       1775.0/1760.0 = 1.008523
      scaled_flow:  ['0.00', '409.48', '799.16', '983.63', '1012.70', '1033.46', '1230.45', '1530.89', '1654.50', '1752.74', '1861.70']
      scaled_head:  ['85.72', '76.87', '73.93', '70.71', '69.93', '69.53', '64.16', '51.87', '46.02', '40.51', '32.94']
      scaled_power: ['11.5743', '15.0554', '20.7957', '22.9688', '23.2625', '23.4445', '24.9652', '26.1114', '26.1230', '25.9918', '25.5183']
    [FINAL] plotted_flow:  [0.00 → 1861.70]
    [FINAL] plotted_head:  [85.72 → 32.94]
    [FINAL] plotted_power: [11.5743 → 25.5183]
    [FINAL] plotted_eff:   [0.00 → 60.58]

  ── [LOAD+SCALE] 99272206500010A1P ──
    trim=8.8800, stages=5, rpm=1760.0, filing='Fig1. To 0.03125'
    columns: ['curve_no', 'flow', 'speed', 'power_in', 'power_bowl_motor', 'power_bowl_dyno', 'power_pump_motor', 'power_pump_dyno', 'tdh_bowl', 'tdh_pump', 'eff_bowl_motor', 'eff_bowl_dyno', 'eff_pump_motor', 'eff_pump_dyno', 'eff_overall', 'npsha']
    rows: 11
    flow: 11 pts
      values: ['0.00', '594.86', '805.91', '970.03', '1005.58', '1021.71', '1197.10', '1355.08', '1504.16', '1598.32', '1705.61']
    head ('tdh_bowl'): 11 pts
      values: ['415.51', '360.59', '351.49', '334.77', '330.46', '328.15', '302.50', '272.32', '238.30', '213.77', '186.19']
    power ('power_bowl_dyno'): all zero/negative — trying fallback
    power FALLBACK ('power_bowl_motor'): 11 pts
      values: ['56.9658', '83.6865', '97.0342', '105.5591', '107.0263', '107.7728', '113.7017', '116.6692', '117.6151', '116.6398', '116.1012']
    efficiency ('eff_bowl_motor'): 11 pts
      values: ['0.00', '64.61', '73.59', '77.55', '78.27', '78.42', '80.29', '79.73', '76.83', '73.84', '68.95']
    [STAGE NORM] 5-stage → dividing head & power by 5
      head BEFORE: ['415.51', '360.59', '351.49', '334.77', '330.46', '328.15', '302.50', '272.32', '238.30', '213.77', '186.19']
      head AFTER:  ['83.10', '72.12', '70.30', '66.95', '66.09', '65.63', '60.50', '54.46', '47.66', '42.75', '37.24']
      power BEFORE: ['56.9658', '83.6865', '97.0342', '105.5591', '107.0263', '107.7728', '113.7017', '116.6692', '117.6151', '116.6398', '116.1012']
      power AFTER:  ['11.3932', '16.7373', '19.4068', '21.1118', '21.4053', '21.5546', '22.7403', '23.3338', '23.5230', '23.3280', '23.2202']
    [AFFINITY]
      test_diameter:     8.8800
      baseline_diameter: 8.9600
      dia_ratio:         8.9600/8.8800 = 1.009009
      test_rpm:          1760.0
      baseline_rpm:      1775.0
      speed_ratio:       1775.0/1760.0 = 1.008523
      scaled_flow:  ['0.00', '605.34', '820.10', '987.11', '1023.29', '1039.70', '1218.18', '1378.94', '1530.65', '1626.47', '1735.64']
      scaled_head:  ['86.05', '74.68', '72.79', '69.33', '68.44', '67.96', '62.65', '56.40', '49.35', '44.27', '38.56']
      scaled_power: ['12.0057', '17.6371', '20.4502', '22.2468', '22.5560', '22.7134', '23.9629', '24.5883', '24.7876', '24.5821', '24.4686']
    [FINAL] plotted_flow:  [0.00 → 1735.64]
    [FINAL] plotted_head:  [86.05 → 38.56]
    [FINAL] plotted_power: [12.0057 → 24.4686]
    [FINAL] plotted_eff:   [0.00 → 68.95]

  ── [LOAD+SCALE] 99272174140010A1P ──
    trim=8.9600, stages=4, rpm=1785.0, filing='Fig1. To 0.03125'
    columns: ['curve_no', 'flow', 'speed', 'power_in', 'power_bowl_motor', 'power_bowl_dyno', 'power_pump_motor', 'power_pump_dyno', 'tdh_bowl', 'tdh_pump', 'eff_bowl_motor', 'eff_bowl_dyno', 'eff_pump_motor', 'eff_pump_dyno', 'eff_overall', 'npsha']
    rows: 13
    flow: 13 pts
      values: ['0.00', '442.79', '689.53', '863.93', '1077.80', '1100.81', '1105.01', '1118.25', '1276.44', '1492.74', '1674.99', '1815.45', '1858.71']
    head ('tdh_bowl'): 13 pts
      values: ['344.04', '308.98', '303.02', '296.15', '278.10', '275.52', '275.02', '273.68', '254.70', '218.57', '186.03', '152.94', '111.67']
    power ('power_bowl_dyno'): all zero/negative — trying fallback
    power FALLBACK ('power_bowl_motor'): 13 pts
      values: ['44.7286', '61.1757', '75.9879', '85.8353', '94.6785', '95.3040', '95.5527', '96.0065', '99.9383', '102.7783', '102.5046', '101.5657', '94.9484']
    efficiency ('eff_bowl_motor'): 13 pts
      values: ['0.00', '56.46', '69.42', '75.25', '79.92', '80.34', '80.29', '80.47', '82.13', '80.14', '76.74', '69.01', '55.19']
    [STAGE NORM] 4-stage → dividing head & power by 4
      head BEFORE: ['344.04', '308.98', '303.02', '296.15', '278.10', '275.52', '275.02', '273.68', '254.70', '218.57', '186.03', '152.94', '111.67']
      head AFTER:  ['86.01', '77.25', '75.75', '74.04', '69.52', '68.88', '68.76', '68.42', '63.68', '54.64', '46.51', '38.23', '27.92']
      power BEFORE: ['44.7286', '61.1757', '75.9879', '85.8353', '94.6785', '95.3040', '95.5527', '96.0065', '99.9383', '102.7783', '102.5046', '101.5657', '94.9484']
      power AFTER:  ['11.1821', '15.2939', '18.9970', '21.4588', '23.6696', '23.8260', '23.8882', '24.0016', '24.9846', '25.6946', '25.6261', '25.3914', '23.7371']
    [AFFINITY]
      test_diameter:     8.9600
      baseline_diameter: 8.9600
      dia_ratio:         8.9600/8.9600 = 1.000000
      test_rpm:          1785.0
      baseline_rpm:      1775.0
      speed_ratio:       1775.0/1785.0 = 0.994398
      scaled_flow:  ['0.00', '440.31', '685.67', '859.09', '1071.76', '1094.64', '1098.82', '1111.98', '1269.29', '1484.38', '1665.61', '1805.28', '1848.29']
      scaled_head:  ['85.05', '76.38', '74.91', '73.21', '68.75', '68.11', '67.99', '67.65', '62.96', '54.03', '45.99', '37.81', '27.60']
      scaled_power: ['10.9953', '15.0383', '18.6795', '21.1002', '23.2740', '23.4278', '23.4889', '23.6005', '24.5670', '25.2652', '25.1979', '24.9671', '23.3404']
    [FINAL] plotted_flow:  [0.00 → 1848.29]
    [FINAL] plotted_head:  [85.05 → 27.60]
    [FINAL] plotted_power: [10.9953 → 23.3404]
    [FINAL] plotted_eff:   [0.00 → 55.19]

  ── [LOAD+SCALE] 99272230080010A1P ──
    trim=8.9600, stages=5, rpm=1760.0, filing='Fig1. To 0.03125'
    columns: ['curve_no', 'flow', 'speed', 'power_in', 'power_bowl_motor', 'power_bowl_dyno', 'power_pump_motor', 'power_pump_dyno', 'tdh_bowl', 'tdh_pump', 'eff_bowl_motor', 'eff_bowl_dyno', 'eff_pump_motor', 'eff_pump_dyno', 'eff_overall', 'npsha']
    rows: 11
    flow: 11 pts
      values: ['0.00', '615.43', '790.55', '976.59', '1004.35', '1028.76', '1218.10', '1405.69', '1496.65', '1644.95', '1769.65']
    head ('tdh_bowl'): 11 pts
      values: ['425.85', '368.99', '362.25', '345.61', '342.52', '339.17', '312.75', '275.28', '253.86', '216.23', '182.59']
    power ('power_bowl_dyno'): all zero/negative — trying fallback
    power FALLBACK ('power_bowl_motor'): 11 pts
      values: ['58.5221', '88.1626', '100.0318', '110.5385', '111.8462', '112.9296', '119.9334', '123.4318', '123.8896', '123.3318', '122.2121']
    efficiency ('eff_bowl_motor'): 11 pts
      values: ['0.00', '64.93', '72.17', '76.97', '77.54', '77.89', '80.07', '79.03', '77.31', '72.70', '66.65']
    [STAGE NORM] 5-stage → dividing head & power by 5
      head BEFORE: ['425.85', '368.99', '362.25', '345.61', '342.52', '339.17', '312.75', '275.28', '253.86', '216.23', '182.59']
      head AFTER:  ['85.17', '73.80', '72.45', '69.12', '68.50', '67.83', '62.55', '55.06', '50.77', '43.25', '36.52']
      power BEFORE: ['58.5221', '88.1626', '100.0318', '110.5385', '111.8462', '112.9296', '119.9334', '123.4318', '123.8896', '123.3318', '122.2121']
      power AFTER:  ['11.7044', '17.6325', '20.0064', '22.1077', '22.3692', '22.5859', '23.9867', '24.6864', '24.7779', '24.6664', '24.4424']
    [AFFINITY]
      test_diameter:     8.9600
      baseline_diameter: 8.9600
      dia_ratio:         8.9600/8.9600 = 1.000000
      test_rpm:          1760.0
      baseline_rpm:      1775.0
      speed_ratio:       1775.0/1760.0 = 1.008523
      scaled_flow:  ['0.00', '620.68', '797.29', '984.91', '1012.91', '1037.53', '1228.48', '1417.67', '1509.41', '1658.97', '1784.74']
      scaled_head:  ['86.63', '75.06', '73.69', '70.30', '69.68', '69.00', '63.62', '56.00', '51.64', '43.99', '37.14']
      scaled_power: ['12.0062', '18.0872', '20.5223', '22.6778', '22.9461', '23.1683', '24.6052', '25.3229', '25.4169', '25.3024', '25.0727']
    [FINAL] plotted_flow:  [0.00 → 1784.74]
    [FINAL] plotted_head:  [86.63 → 37.14]
    [FINAL] plotted_power: [12.0062 → 25.0727]
    [FINAL] plotted_eff:   [0.00 → 66.65]

  ── Group: PX baseline=8.6425, 51 tests, affinity=True ──

  ── [LOAD+SCALE] 99272093690010A1P ──
    trim=8.6400, stages=4, rpm=1760.0, filing='Fig1. To 0.03125'
    columns: ['curve_no', 'flow', 'speed', 'power_in', 'power_bowl_motor', 'power_bowl_dyno', 'power_pump_motor', 'power_pump_dyno', 'tdh_bowl', 'tdh_pump', 'eff_bowl_motor', 'eff_bowl_dyno', 'eff_pump_motor', 'eff_pump_dyno', 'eff_overall', 'npsha']
    rows: 10
    flow: 10 pts
      values: ['20.30', '602.00', '798.22', '956.27', '1002.85', '1041.67', '1200.09', '1517.59', '1623.31', '1727.78']
    head ('tdh_bowl'): 10 pts
      values: ['319.15', '276.70', '268.89', '256.62', '252.48', '248.58', '230.09', '178.96', '157.91', '134.08']
    power ('power_bowl_dyno'): all zero/negative — trying fallback
    power FALLBACK ('power_bowl_motor'): 10 pts
      values: ['43.3070', '65.1624', '74.0656', '79.4335', '80.6398', '81.4841', '85.0640', '86.5193', '85.4494', '83.9374']
    efficiency ('eff_bowl_motor'): 10 pts
      values: ['3.77', '64.44', '73.05', '77.88', '79.15', '80.11', '81.83', '79.13', '75.62', '69.58']
    [STAGE NORM] 4-stage → dividing head & power by 4
      head BEFORE: ['319.15', '276.70', '268.89', '256.62', '252.48', '248.58', '230.09', '178.96', '157.91', '134.08']
      head AFTER:  ['79.79', '69.18', '67.22', '64.16', '63.12', '62.14', '57.52', '44.74', '39.48', '33.52']
      power BEFORE: ['43.3070', '65.1624', '74.0656', '79.4335', '80.6398', '81.4841', '85.0640', '86.5193', '85.4494', '83.9374']
      power AFTER:  ['10.8268', '16.2906', '18.5164', '19.8584', '20.1599', '20.3710', '21.2660', '21.6298', '21.3623', '20.9843']
    [AFFINITY]
      test_diameter:     8.6400
      baseline_diameter: 8.6425
      dia_ratio:         8.6425/8.6400 = 1.000289
      test_rpm:          1760.0
      baseline_rpm:      1775.0
      speed_ratio:       1775.0/1760.0 = 1.008523
      scaled_flow:  ['20.48', '607.31', '805.26', '964.70', '1011.68', '1050.85', '1210.66', '1530.97', '1637.62', '1743.01']
      scaled_head:  ['81.20', '70.40', '68.41', '65.29', '64.24', '63.24', '58.54', '45.53', '40.18', '34.11']
      scaled_power: ['11.1156', '16.7252', '19.0104', '20.3881', '20.6978', '20.9145', '21.8333', '22.2069', '21.9322', '21.5442']
    [FINAL] plotted_flow:  [20.48 → 1743.01]
    [FINAL] plotted_head:  [81.20 → 34.11]
    [FINAL] plotted_power: [11.1156 → 21.5442]
    [FINAL] plotted_eff:   [3.77 → 69.58]

  ── [LOAD+SCALE] 99272088080010A1P ──
    trim=8.6000, stages=3, rpm=1760.0, filing='Fig1. To 0.03125'
    columns: ['curve_no', 'flow', 'speed', 'power_in', 'power_bowl_motor', 'power_bowl_dyno', 'power_pump_motor', 'power_pump_dyno', 'tdh_bowl', 'tdh_pump', 'eff_bowl_motor', 'eff_bowl_dyno', 'eff_pump_motor', 'eff_pump_dyno', 'eff_overall', 'npsha']
    rows: 10
    flow: 10 pts
      values: ['13.74', '588.28', '805.31', '961.33', '990.60', '1023.91', '1230.60', '1506.48', '1621.32', '1742.46']
    head ('tdh_bowl'): 10 pts
      values: ['239.64', '206.92', '200.62', '191.13', '188.75', '186.35', '167.38', '133.30', '116.27', '96.01']
    power ('power_bowl_dyno'): all zero/negative — trying fallback
    power FALLBACK ('power_bowl_motor'): 10 pts
      values: ['32.3124', '47.7079', '55.0407', '59.2451', '59.9033', '60.5579', '63.8745', '64.7943', '63.9143', '62.5151']
    efficiency ('eff_bowl_motor'): 10 pts
      values: ['2.57', '64.32', '74.00', '78.18', '78.69', '79.43', '81.29', '78.13', '74.35', '67.46']
    [STAGE NORM] 3-stage → dividing head & power by 3
      head BEFORE: ['239.64', '206.92', '200.62', '191.13', '188.75', '186.35', '167.38', '133.30', '116.27', '96.01']
      head AFTER:  ['79.88', '68.97', '66.87', '63.71', '62.92', '62.12', '55.79', '44.43', '38.76', '32.00']
      power BEFORE: ['32.3124', '47.7079', '55.0407', '59.2451', '59.9033', '60.5579', '63.8745', '64.7943', '63.9143', '62.5151']
      power AFTER:  ['10.7708', '15.9026', '18.3469', '19.7484', '19.9678', '20.1860', '21.2915', '21.5981', '21.3048', '20.8384']
    [AFFINITY]
      test_diameter:     8.6000
      baseline_diameter: 8.6425
      dia_ratio:         8.6425/8.6000 = 1.004942
      test_rpm:          1760.0
      baseline_rpm:      1775.0
      speed_ratio:       1775.0/1760.0 = 1.008523
      scaled_flow:  ['13.93', '596.23', '816.19', '974.32', '1003.98', '1037.74', '1247.22', '1526.83', '1643.22', '1765.99']
      scaled_head:  ['82.05', '70.85', '68.69', '65.44', '64.63', '63.81', '57.31', '45.64', '39.81', '32.87']
      scaled_power: ['11.2132', '16.5557', '19.1004', '20.5594', '20.7879', '21.0150', '22.1659', '22.4851', '22.1797', '21.6942']
    [FINAL] plotted_flow:  [13.93 → 1765.99]
    [FINAL] plotted_head:  [82.05 → 32.87]
    [FINAL] plotted_power: [11.2132 → 21.6942]
    [FINAL] plotted_eff:   [2.57 → 67.46]

  ── [LOAD+SCALE] 99272076300010A1P ──
    trim=8.7600, stages=4, rpm=1760.0, filing='Fig1. To 0.03125'
    columns: ['curve_no', 'flow', 'speed', 'power_in', 'power_bowl_motor', 'power_bowl_dyno', 'power_pump_motor', 'power_pump_dyno', 'tdh_bowl', 'tdh_pump', 'eff_bowl_motor', 'eff_bowl_dyno', 'eff_pump_motor', 'eff_pump_dyno', 'eff_overall', 'npsha']
    rows: 10
    flow: 10 pts
      values: ['18.79', '594.44', '790.22', '950.60', '989.86', '995.19', '1031.11', '1196.38', '1509.90', '1602.26']
    head ('tdh_bowl'): 10 pts
      values: ['309.29', '272.26', '264.90', '252.38', '249.06', '248.35', '244.55', '224.77', '175.21', '156.97']
    power ('power_bowl_dyno'): all zero/negative — trying fallback
    power FALLBACK ('power_bowl_motor'): 10 pts
      values: ['40.7623', '62.9942', '71.7497', '77.4047', '78.5662', '78.7121', '79.6748', '82.8578', '84.3611', '82.9870']
    efficiency ('eff_bowl_motor'): 10 pts
      values: ['3.59', '64.77', '73.55', '78.13', '79.10', '79.15', '79.78', '81.81', '79.05', '76.40']
    [STAGE NORM] 4-stage → dividing head & power by 4
      head BEFORE: ['309.29', '272.26', '264.90', '252.38', '249.06', '248.35', '244.55', '224.77', '175.21', '156.97']
      head AFTER:  ['77.32', '68.06', '66.22', '63.09', '62.26', '62.09', '61.14', '56.19', '43.80', '39.24']
      power BEFORE: ['40.7623', '62.9942', '71.7497', '77.4047', '78.5662', '78.7121', '79.6748', '82.8578', '84.3611', '82.9870']
      power AFTER:  ['10.1906', '15.7485', '17.9374', '19.3512', '19.6416', '19.6780', '19.9187', '20.7144', '21.0903', '20.7467']
    [AFFINITY]
      test_diameter:     8.7600
      baseline_diameter: 8.6425
      dia_ratio:         8.6425/8.7600 = 0.986587
      test_rpm:          1760.0
      baseline_rpm:      1775.0
      speed_ratio:       1775.0/1760.0 = 1.008523
      scaled_flow:  ['18.69', '591.47', '786.26', '945.84', '984.91', '990.21', '1025.95', '1190.40', '1502.34', '1594.24']
      scaled_head:  ['76.55', '67.39', '65.56', '62.46', '61.64', '61.47', '60.53', '55.63', '43.37', '38.85']
      scaled_power: ['10.0383', '15.5133', '17.6694', '19.0621', '19.3481', '19.3840', '19.6211', '20.4050', '20.7752', '20.4368']
    [FINAL] plotted_flow:  [18.69 → 1594.24]
    [FINAL] plotted_head:  [76.55 → 38.85]
    [FINAL] plotted_power: [10.0383 → 20.4368]
    [FINAL] plotted_eff:   [3.59 → 76.40]

  ── [LOAD+SCALE] 99272056010010A1P ──
    trim=8.6200, stages=5, rpm=1760.0, filing='Fig1. To 0.03125'
    columns: ['curve_no', 'flow', 'speed', 'power_in', 'power_bowl_motor', 'power_bowl_dyno', 'power_pump_motor', 'power_pump_dyno', 'tdh_bowl', 'tdh_pump', 'eff_bowl_motor', 'eff_bowl_dyno', 'eff_pump_motor', 'eff_pump_dyno', 'eff_overall', 'npsha']
    rows: 12
    flow: 12 pts
      values: ['0.00', '576.32', '787.95', '955.48', '995.41', '1035.31', '1191.09', '1385.26', '1516.44', '1606.91', '1709.33', '1709.33']
    head ('tdh_bowl'): 12 pts
      values: ['384.65', '341.41', '330.26', '309.67', '303.70', '296.44', '266.87', '222.05', '186.88', '156.35', '120.85', '120.85']
    power ('power_bowl_dyno'): all zero/negative — trying fallback
    power FALLBACK ('power_bowl_motor'): 12 pts
      values: ['45.7306', '74.9771', '86.4780', '93.1053', '94.2512', '95.1695', '97.7048', '98.9144', '97.3073', '94.2283', '91.1968', '91.1968']
    efficiency ('eff_bowl_motor'): 12 pts
      values: ['0.00', '66.16', '75.86', '80.11', '80.86', '81.29', '82.01', '78.39', '73.42', '67.22', '57.10', '57.10']
    [STAGE NORM] 5-stage → dividing head & power by 5
      head BEFORE: ['384.65', '341.41', '330.26', '309.67', '303.70', '296.44', '266.87', '222.05', '186.88', '156.35', '120.85', '120.85']
      head AFTER:  ['76.93', '68.28', '66.05', '61.93', '60.74', '59.29', '53.37', '44.41', '37.38', '31.27', '24.17', '24.17']
      power BEFORE: ['45.7306', '74.9771', '86.4780', '93.1053', '94.2512', '95.1695', '97.7048', '98.9144', '97.3073', '94.2283', '91.1968', '91.1968']
      power AFTER:  ['9.1461', '14.9954', '17.2956', '18.6211', '18.8502', '19.0339', '19.5410', '19.7829', '19.4615', '18.8457', '18.2394', '18.2394']
    [AFFINITY]
      test_diameter:     8.6200
      baseline_diameter: 8.6425
      dia_ratio:         8.6425/8.6200 = 1.002610
      test_rpm:          1760.0
      baseline_rpm:      1775.0
      speed_ratio:       1775.0/1760.0 = 1.008523
      scaled_flow:  ['0.00', '582.75', '796.74', '966.14', '1006.52', '1046.86', '1204.38', '1400.71', '1533.36', '1624.84', '1728.40', '1728.40']
      scaled_head:  ['78.66', '69.81', '67.53', '63.32', '62.10', '60.62', '54.57', '45.41', '38.21', '31.97', '24.71', '24.71']
      scaled_power: ['9.4556', '15.5029', '17.8809', '19.2512', '19.4881', '19.6780', '20.2022', '20.4523', '20.1200', '19.4834', '18.8566', '18.8566']
    [FINAL] plotted_flow:  [0.00 → 1728.40]
    [FINAL] plotted_head:  [78.66 → 24.71]
    [FINAL] plotted_power: [9.4556 → 18.8566]
    [FINAL] plotted_eff:   [0.00 → 57.10]

  ── [LOAD+SCALE] 99272052860010A1P ──
    trim=8.7400, stages=5, rpm=1760.0, filing='Fig1. To 0.03125'
    columns: ['curve_no', 'flow', 'speed', 'power_in', 'power_bowl_motor', 'power_bowl_dyno', 'power_pump_motor', 'power_pump_dyno', 'tdh_bowl', 'tdh_pump', 'eff_bowl_motor', 'eff_bowl_dyno', 'eff_pump_motor', 'eff_pump_dyno', 'eff_overall', 'npsha']
    rows: 11
    flow: 11 pts
      values: ['0.00', '589.75', '800.93', '961.38', '996.96', '1019.02', '1201.95', '1499.08', '1524.40', '1614.08', '1730.49']
    head ('tdh_bowl'): 11 pts
      values: ['423.48', '368.50', '359.36', '345.68', '341.49', '339.02', '310.40', '246.61', '240.76', '218.29', '185.09']
    power ('power_bowl_dyno'): all zero/negative — trying fallback
    power FALLBACK ('power_bowl_motor'): 11 pts
      values: ['55.4245', '84.2491', '97.3990', '106.0144', '107.4752', '108.1565', '114.2509', '117.9629', '117.9887', '117.5435', '116.1327']
    efficiency ('eff_bowl_motor'): 11 pts
      values: ['0.00', '65.03', '74.49', '79.02', '79.85', '80.52', '82.32', '79.00', '78.42', '75.56', '69.53']
    [STAGE NORM] 5-stage → dividing head & power by 5
      head BEFORE: ['423.48', '368.50', '359.36', '345.68', '341.49', '339.02', '310.40', '246.61', '240.76', '218.29', '185.09']
      head AFTER:  ['84.70', '73.70', '71.87', '69.14', '68.30', '67.80', '62.08', '49.32', '48.15', '43.66', '37.02']
      power BEFORE: ['55.4245', '84.2491', '97.3990', '106.0144', '107.4752', '108.1565', '114.2509', '117.9629', '117.9887', '117.5435', '116.1327']
      power AFTER:  ['11.0849', '16.8498', '19.4798', '21.2029', '21.4950', '21.6313', '22.8502', '23.5926', '23.5977', '23.5087', '23.2265']
    [AFFINITY]
      test_diameter:     8.7400
      baseline_diameter: 8.6425
      dia_ratio:         8.6425/8.7400 = 0.988844
      test_rpm:          1760.0
      baseline_rpm:      1775.0
      speed_ratio:       1775.0/1760.0 = 1.008523
      scaled_flow:  ['0.00', '588.15', '798.74', '958.75', '994.24', '1016.24', '1198.67', '1494.99', '1520.24', '1609.67', '1725.77']
      scaled_head:  ['84.24', '73.30', '71.48', '68.76', '67.93', '67.43', '61.74', '49.05', '47.89', '43.42', '36.82']
      scaled_power: ['10.9944', '16.7123', '19.3208', '21.0298', '21.3196', '21.4548', '22.6637', '23.4000', '23.4051', '23.3168', '23.0370']
    [FINAL] plotted_flow:  [0.00 → 1725.77]
    [FINAL] plotted_head:  [84.24 → 36.82]
    [FINAL] plotted_power: [10.9944 → 23.0370]
    [FINAL] plotted_eff:   [0.00 → 69.53]

  ── [LOAD+SCALE] 99272046600010A1P ──
    trim=8.6000, stages=3, rpm=1760.0, filing='Fig1. To 0.03125'
    columns: ['curve_no', 'flow', 'speed', 'power_in', 'power_bowl_motor', 'power_bowl_dyno', 'power_pump_motor', 'power_pump_dyno', 'tdh_bowl', 'tdh_pump', 'eff_bowl_motor', 'eff_bowl_dyno', 'eff_pump_motor', 'eff_pump_dyno', 'eff_overall', 'npsha']
    rows: 9
    flow: 9 pts
      values: ['0.52', '391.06', '769.87', '952.18', '992.61', '1018.15', '1196.61', '1509.49', '1607.03']
    head ('tdh_bowl'): 9 pts
      values: ['233.54', '208.95', '197.17', '183.35', '179.53', '176.39', '153.95', '105.54', '85.86']
    power ('power_bowl_dyno'): all zero/negative — trying fallback
    power FALLBACK ('power_bowl_motor'): 9 pts
      values: ['29.6637', '39.2045', '52.7746', '57.0495', '57.5895', '57.9670', '59.8666', '58.9898', '57.1379']
    efficiency ('eff_bowl_motor'): 9 pts
      values: ['0.10', '52.54', '72.51', '77.14', '78.01', '78.10', '77.57', '68.08', '60.87']
    [STAGE NORM] 3-stage → dividing head & power by 3
      head BEFORE: ['233.54', '208.95', '197.17', '183.35', '179.53', '176.39', '153.95', '105.54', '85.86']
      head AFTER:  ['77.85', '69.65', '65.72', '61.12', '59.84', '58.80', '51.32', '35.18', '28.62']
      power BEFORE: ['29.6637', '39.2045', '52.7746', '57.0495', '57.5895', '57.9670', '59.8666', '58.9898', '57.1379']
      power AFTER:  ['9.8879', '13.0682', '17.5915', '19.0165', '19.1965', '19.3223', '19.9555', '19.6633', '19.0460']
    [AFFINITY]
      test_diameter:     8.6000
      baseline_diameter: 8.6425
      dia_ratio:         8.6425/8.6000 = 1.004942
      test_rpm:          1760.0
      baseline_rpm:      1775.0
      speed_ratio:       1775.0/1760.0 = 1.008523
      scaled_flow:  ['0.52', '396.34', '780.27', '965.04', '1006.01', '1031.90', '1212.77', '1529.88', '1628.73']
      scaled_head:  ['79.96', '71.54', '67.51', '62.78', '61.47', '60.40', '52.71', '36.14', '29.40']
      scaled_power: ['10.2940', '13.6049', '18.3140', '19.7975', '19.9849', '20.1159', '20.7751', '20.4708', '19.8282']
    [FINAL] plotted_flow:  [0.52 → 1628.73]
    [FINAL] plotted_head:  [79.96 → 29.40]
    [FINAL] plotted_power: [10.2940 → 19.8282]
    [FINAL] plotted_eff:   [0.10 → 60.87]

  ── [LOAD+SCALE] 99272033440010A1P ──
    trim=8.6600, stages=5, rpm=1760.0, filing='Fig1. To 0.03125'
    columns: ['curve_no', 'flow', 'speed', 'power_in', 'power_bowl_motor', 'power_bowl_dyno', 'power_pump_motor', 'power_pump_dyno', 'tdh_bowl', 'tdh_pump', 'eff_bowl_motor', 'eff_bowl_dyno', 'eff_pump_motor', 'eff_pump_dyno', 'eff_overall', 'npsha']
    rows: 10
    flow: 10 pts
      values: ['13.23', '408.84', '799.07', '963.44', '993.23', '1036.14', '1243.52', '1500.01', '1609.97', '1720.19']
    head ('tdh_bowl'): 10 pts
      values: ['404.64', '361.54', '344.38', '325.75', '321.20', '314.06', '271.24', '203.88', '169.61', '129.15']
    power ('power_bowl_dyno'): all zero/negative — trying fallback
    power FALLBACK ('power_bowl_motor'): 10 pts
      values: ['51.8971', '69.8425', '96.7982', '104.3294', '105.4661', '106.7847', '110.3784', '110.0288', '107.4833', '103.6755']
    efficiency ('eff_bowl_motor'): 10 pts
      values: ['2.60', '53.35', '71.67', '75.83', '76.25', '76.82', '77.03', '70.07', '64.04', '54.02']
    [STAGE NORM] 5-stage → dividing head & power by 5
      head BEFORE: ['404.64', '361.54', '344.38', '325.75', '321.20', '314.06', '271.24', '203.88', '169.61', '129.15']
      head AFTER:  ['80.93', '72.31', '68.88', '65.15', '64.24', '62.81', '54.25', '40.78', '33.92', '25.83']
      power BEFORE: ['51.8971', '69.8425', '96.7982', '104.3294', '105.4661', '106.7847', '110.3784', '110.0288', '107.4833', '103.6755']
      power AFTER:  ['10.3794', '13.9685', '19.3596', '20.8659', '21.0932', '21.3569', '22.0757', '22.0058', '21.4967', '20.7351']
    [AFFINITY]
      test_diameter:     8.6600
      baseline_diameter: 8.6425
      dia_ratio:         8.6425/8.6600 = 0.997979
      test_rpm:          1760.0
      baseline_rpm:      1775.0
      speed_ratio:       1775.0/1760.0 = 1.008523
      scaled_flow:  ['13.31', '411.49', '804.25', '969.69', '999.67', '1042.86', '1251.59', '1509.74', '1620.41', '1731.34']
      scaled_head:  ['81.98', '73.25', '69.77', '66.00', '65.08', '63.63', '54.95', '41.31', '34.36', '26.17']
      scaled_power: ['10.5827', '14.2420', '19.7387', '21.2744', '21.5062', '21.7751', '22.5079', '22.4366', '21.9176', '21.1411']
    [FINAL] plotted_flow:  [13.31 → 1731.34]
    [FINAL] plotted_head:  [81.98 → 26.17]
    [FINAL] plotted_power: [10.5827 → 21.1411]
    [FINAL] plotted_eff:   [2.60 → 54.02]

  ── [LOAD+SCALE] 99271958330010A1P ──
    trim=8.6880, stages=5, rpm=1760.0, filing='Fig.1 to 0.03'
    columns: ['curve_no', 'flow', 'speed', 'power_in', 'power_bowl_motor', 'power_bowl_dyno', 'power_pump_motor', 'power_pump_dyno', 'tdh_bowl', 'tdh_pump', 'eff_bowl_motor', 'eff_bowl_dyno', 'eff_pump_motor', 'eff_pump_dyno', 'eff_overall', 'npsha']
    rows: 14
    flow: 14 pts
      values: ['0.70', '391.98', '593.58', '825.54', '976.67', '995.52', '1031.31', '1182.08', '1326.29', '1498.66', '1515.11', '1610.59', '1707.28', '1707.28']
    head ('tdh_bowl'): 14 pts
      values: ['399.86', '358.76', '349.24', '334.79', '316.31', '313.17', '307.80', '279.71', '244.43', '197.78', '191.96', '163.99', '128.78', '128.78']
    power ('power_bowl_dyno'): all zero/negative — trying fallback
    power FALLBACK ('power_bowl_motor'): 14 pts
      values: ['50.3040', '67.6891', '81.2675', '95.5853', '102.7193', '103.4292', '104.6672', '108.3696', '109.0486', '108.0434', '107.9194', '106.3592', '103.3514', '103.3514']
    efficiency ('eff_bowl_motor'): 14 pts
      values: ['0.14', '52.37', '64.30', '72.89', '75.82', '75.99', '76.45', '76.91', '74.94', '69.16', '67.94', '62.60', '53.63', '53.63']
    [FTS] Checking packing/bearing loss...
    [FTS] file: C:\Users\107087\AppData\Local\Temp\px_detail_2dpdyve9\99271958330010A1P.xls
    [FTS] friction coefficient: 0.1
    [FTS] BA is all zeros — computing packing loss
    [FTS] Line shaft diameter: 1.5000"
    [FTS] Using 'tdh_bowl' for discharge pressure
    [FTS] Speed (first 5): ['1760.0', '1760.0', '1760.0', '1760.0', '1760.0']
    [FTS] Pressure (first 5): ['399.86', '358.76', '349.24', '334.79', '316.31']
    [FTS] Packing cross section: 0.5" (shaft >= 1.0")
    [FTS] Contact area: 0.5 × 0.94 × 1.5000 × π = 2.214823 in²
    [FTS] shaft_radius_ft: 0.062500
    [FTS] Loss HP (first 5): ['1.483893', '1.331390', '1.296052', '1.242410', '1.173825']
    [FTS] Loss HP range: 0.477928 — 1.483893
    [FTS] Power correction applied:
      Original power (first 5): ['50.3040', '67.6891', '81.2675', '95.5853', '102.7193']
      Loss HP       (first 5): ['1.483893', '1.331390', '1.296052', '1.242410', '1.173825']
      Corrected     (first 5): ['48.8201', '66.3577', '79.9714', '94.3429', '101.5455']
      Avg loss: 0.9848 HP
      Max loss: 1.4839 HP
    power BEFORE FTS: ['50.3040', '67.6891', '81.2675', '95.5853', '102.7193', '103.4292', '104.6672', '108.3696', '109.0486', '108.0434', '107.9194', '106.3592', '103.3514', '103.3514']
    power AFTER FTS:  ['48.8201', '66.3577', '79.9714', '94.3429', '101.5455', '102.2670', '103.5249', '107.3316', '108.1416', '107.3094', '107.2070', '105.7506', '102.8735', '102.8735']
    [STAGE NORM] 5-stage → dividing head & power by 5
      head BEFORE: ['399.86', '358.76', '349.24', '334.79', '316.31', '313.17', '307.80', '279.71', '244.43', '197.78', '191.96', '163.99', '128.78', '128.78']
      head AFTER:  ['79.97', '71.75', '69.85', '66.96', '63.26', '62.63', '61.56', '55.94', '48.89', '39.56', '38.39', '32.80', '25.76', '25.76']
      power BEFORE: ['48.8201', '66.3577', '79.9714', '94.3429', '101.5455', '102.2670', '103.5249', '107.3316', '108.1416', '107.3094', '107.2070', '105.7506', '102.8735', '102.8735']
      power AFTER:  ['9.7640', '13.2715', '15.9943', '18.8686', '20.3091', '20.4534', '20.7050', '21.4663', '21.6283', '21.4619', '21.4414', '21.1501', '20.5747', '20.5747']
    [AFFINITY]
      test_diameter:     8.6880
      baseline_diameter: 8.6425
      dia_ratio:         8.6425/8.6880 = 0.994763
      test_rpm:          1760.0
      baseline_rpm:      1775.0
      speed_ratio:       1775.0/1760.0 = 1.008523
      scaled_flow:  ['0.71', '393.26', '595.50', '828.22', '979.83', '998.75', '1034.65', '1185.92', '1330.59', '1503.52', '1520.02', '1615.81', '1712.81', '1712.81']
      scaled_head:  ['80.49', '72.22', '70.30', '67.39', '63.67', '63.04', '61.96', '56.31', '49.20', '39.81', '38.64', '33.01', '25.92', '25.92']
      scaled_power: ['9.8593', '13.4010', '16.1503', '19.0526', '20.5072', '20.6529', '20.9070', '21.6757', '21.8393', '21.6712', '21.6506', '21.3564', '20.7754', '20.7754']
    [FINAL] plotted_flow:  [0.71 → 1712.81]
    [FINAL] plotted_head:  [80.49 → 25.92]
    [FINAL] plotted_power: [9.8593 → 20.7754]
    [FINAL] plotted_eff:   [0.14 → 53.63]

  ── [LOAD+SCALE] 99271964520010A1P ──
    trim=8.6520, stages=5, rpm=1760.0, filing='Fig.1 to 0.03'
    columns: ['curve_no', 'flow', 'speed', 'power_in', 'power_bowl_motor', 'power_bowl_dyno', 'power_pump_motor', 'power_pump_dyno', 'tdh_bowl', 'tdh_pump', 'eff_bowl_motor', 'eff_bowl_dyno', 'eff_pump_motor', 'eff_pump_dyno', 'eff_overall', 'npsha']
    rows: 11
    flow: 11 pts
      values: ['0.98', '397.17', '600.62', '804.48', '951.76', '1003.18', '1040.23', '1181.73', '1339.43', '1508.39', '1587.03']
    head ('tdh_bowl'): 11 pts
      values: ['399.41', '355.84', '346.87', '333.48', '315.57', '306.95', '300.65', '271.47', '231.35', '181.16', '157.85']
    power ('power_bowl_dyno'): all zero/negative — trying fallback
    power FALLBACK ('power_bowl_motor'): 11 pts
      values: ['50.8812', '68.3698', '81.8151', '93.5630', '100.1471', '102.0327', '102.8906', '105.7939', '106.1652', '103.5147', '101.8206']
    efficiency ('eff_bowl_motor'): 11 pts
      values: ['0.19', '52.11', '64.19', '72.28', '75.60', '76.08', '76.62', '76.44', '73.58', '66.55', '62.02']
    [FTS] Checking packing/bearing loss...
    [FTS] file: C:\Users\107087\AppData\Local\Temp\px_detail_2dpdyve9\99271964520010A1P.xls
    [FTS] friction coefficient: 0.1
    [FTS] BA is all zeros — computing packing loss
    [FTS] Line shaft diameter: 1.5000"
    [FTS] Using 'tdh_bowl' for discharge pressure
    [FTS] Speed (first 5): ['1760.0', '1760.0', '1760.0', '1760.0', '1760.0']
    [FTS] Pressure (first 5): ['399.41', '355.84', '346.87', '333.48', '315.57']
    [FTS] Packing cross section: 0.5" (shaft >= 1.0")
    [FTS] Contact area: 0.5 × 0.94 × 1.5000 × π = 2.214823 in²
    [FTS] shaft_radius_ft: 0.062500
    [FTS] Loss HP (first 5): ['1.482243', '1.320554', '1.287246', '1.237556', '1.171103']
    [FTS] Loss HP range: 0.585773 — 1.482243
    [FTS] Power correction applied:
      Original power (first 5): ['50.8812', '68.3698', '81.8151', '93.5630', '100.1471']
      Loss HP       (first 5): ['1.482243', '1.320554', '1.287246', '1.237556', '1.171103']
      Corrected     (first 5): ['49.3990', '67.0492', '80.5278', '92.3254', '98.9760']
      Avg loss: 1.0798 HP
      Max loss: 1.4822 HP
    power BEFORE FTS: ['50.8812', '68.3698', '81.8151', '93.5630', '100.1471', '102.0327', '102.8906', '105.7939', '106.1652', '103.5147', '101.8206']
    power AFTER FTS:  ['49.3990', '67.0492', '80.5278', '92.3254', '98.9760', '100.8936', '101.7749', '104.7864', '105.3066', '102.8425', '101.2348']
    [STAGE NORM] 5-stage → dividing head & power by 5
      head BEFORE: ['399.41', '355.84', '346.87', '333.48', '315.57', '306.95', '300.65', '271.47', '231.35', '181.16', '157.85']
      head AFTER:  ['79.88', '71.17', '69.37', '66.70', '63.11', '61.39', '60.13', '54.29', '46.27', '36.23', '31.57']
      power BEFORE: ['49.3990', '67.0492', '80.5278', '92.3254', '98.9760', '100.8936', '101.7749', '104.7864', '105.3066', '102.8425', '101.2348']
      power AFTER:  ['9.8798', '13.4098', '16.1056', '18.4651', '19.7952', '20.1787', '20.3550', '20.9573', '21.0613', '20.5685', '20.2470']
    [AFFINITY]
      test_diameter:     8.6520
      baseline_diameter: 8.6425
      dia_ratio:         8.6425/8.6520 = 0.998902
      test_rpm:          1760.0
      baseline_rpm:      1775.0
      speed_ratio:       1775.0/1760.0 = 1.008523
      scaled_flow:  ['0.99', '400.11', '605.08', '810.44', '958.82', '1010.62', '1047.94', '1190.49', '1349.37', '1519.58', '1598.80']
      scaled_head:  ['81.07', '72.23', '70.41', '67.69', '64.05', '62.30', '61.03', '55.10', '46.96', '36.77', '32.04']
      scaled_power: ['10.1012', '13.7104', '16.4665', '18.8789', '20.2388', '20.6310', '20.8112', '21.4270', '21.5333', '21.0295', '20.7007']
    [FINAL] plotted_flow:  [0.99 → 1598.80]
    [FINAL] plotted_head:  [81.07 → 32.04]
    [FINAL] plotted_power: [10.1012 → 20.7007]
    [FINAL] plotted_eff:   [0.19 → 62.02]

  ── [LOAD+SCALE] 99271959350010A1P ──
    trim=8.5700, stages=4, rpm=1760.0, filing='Fig.1 to 0.03'
    columns: ['curve_no', 'flow', 'speed', 'power_in', 'power_bowl_motor', 'power_bowl_dyno', 'power_pump_motor', 'power_pump_dyno', 'tdh_bowl', 'tdh_pump', 'eff_bowl_motor', 'eff_bowl_dyno', 'eff_pump_motor', 'eff_pump_dyno', 'eff_overall', 'npsha']
    rows: 11
    flow: 11 pts
      values: ['0.82', '395.23', '604.97', '806.47', '959.20', '999.01', '1044.40', '1197.40', '1360.64', '1509.37', '1624.55']
    head ('tdh_bowl'): 11 pts
      values: ['312.20', '277.20', '269.66', '260.08', '244.20', '238.63', '232.14', '208.00', '177.74', '142.70', '112.22']
    power ('power_bowl_dyno'): all zero/negative — trying fallback
    power FALLBACK ('power_bowl_motor'): 11 pts
      values: ['39.4000', '52.5777', '63.4580', '72.5438', '77.4623', '78.2294', '79.0974', '81.0091', '81.7481', '79.6294', '76.8627']
    efficiency ('eff_bowl_motor'): 11 pts
      values: ['0.16', '52.53', '64.81', '72.89', '76.23', '76.82', '77.27', '77.50', '74.58', '68.19', '59.79']
    [FTS] Checking packing/bearing loss...
    [FTS] file: C:\Users\107087\AppData\Local\Temp\px_detail_2dpdyve9\99271959350010A1P.xls
    [FTS] friction coefficient: 0.1
    [FTS] BA is all zeros — computing packing loss
    [FTS] Line shaft diameter: 1.5000"
    [FTS] Using 'tdh_bowl' for discharge pressure
    [FTS] Speed (first 5): ['1760.0', '1760.0', '1760.0', '1760.0', '1760.0']
    [FTS] Pressure (first 5): ['312.20', '277.20', '269.66', '260.08', '244.20']
    [FTS] Packing cross section: 0.5" (shaft >= 1.0")
    [FTS] Contact area: 0.5 × 0.94 × 1.5000 × π = 2.214823 in²
    [FTS] shaft_radius_ft: 0.062500
    [FTS] Loss HP (first 5): ['1.158590', '1.028713', '1.000713', '0.965154', '0.906246']
    [FTS] Loss HP range: 0.416443 — 1.158590
    [FTS] Power correction applied:
      Original power (first 5): ['39.4000', '52.5777', '63.4580', '72.5438', '77.4623']
      Loss HP       (first 5): ['1.158590', '1.028713', '1.000713', '0.965154', '0.906246']
      Corrected     (first 5): ['38.2414', '51.5490', '62.4573', '71.5787', '76.5561']
      Avg loss: 0.8349 HP
      Max loss: 1.1586 HP
    power BEFORE FTS: ['39.4000', '52.5777', '63.4580', '72.5438', '77.4623', '78.2294', '79.0974', '81.0091', '81.7481', '79.6294', '76.8627']
    power AFTER FTS:  ['38.2414', '51.5490', '62.4573', '71.5787', '76.5561', '77.3439', '78.2360', '80.2372', '81.0885', '79.0998', '76.4462']
    [STAGE NORM] 4-stage → dividing head & power by 4
      head BEFORE: ['312.20', '277.20', '269.66', '260.08', '244.20', '238.63', '232.14', '208.00', '177.74', '142.70', '112.22']
      head AFTER:  ['78.05', '69.30', '67.41', '65.02', '61.05', '59.66', '58.03', '52.00', '44.43', '35.67', '28.05']
      power BEFORE: ['38.2414', '51.5490', '62.4573', '71.5787', '76.5561', '77.3439', '78.2360', '80.2372', '81.0885', '79.0998', '76.4462']
      power AFTER:  ['9.5603', '12.8872', '15.6143', '17.8947', '19.1390', '19.3360', '19.5590', '20.0593', '20.2721', '19.7750', '19.1116']
    [AFFINITY]
      test_diameter:     8.5700
      baseline_diameter: 8.6425
      dia_ratio:         8.6425/8.5700 = 1.008460
      test_rpm:          1760.0
      baseline_rpm:      1775.0
      speed_ratio:       1775.0/1760.0 = 1.008523
      scaled_flow:  ['0.83', '401.97', '615.29', '820.23', '975.56', '1016.05', '1062.21', '1217.82', '1383.85', '1535.12', '1652.26']
      scaled_head:  ['80.73', '71.68', '69.73', '67.26', '63.15', '61.71', '60.03', '53.79', '45.96', '36.90', '29.02']
      scaled_power: ['10.0579', '13.5579', '16.4269', '18.8259', '20.1350', '20.3422', '20.5769', '21.1032', '21.3271', '20.8041', '20.1061']
    [FINAL] plotted_flow:  [0.83 → 1652.26]
    [FINAL] plotted_head:  [80.73 → 29.02]
    [FINAL] plotted_power: [10.0579 → 20.1061]
    [FINAL] plotted_eff:   [0.16 → 59.79]

  ── [LOAD+SCALE] 99271935000010A1P ──
    trim=8.6700, stages=7, rpm=1760.0, filing='Fig.1 to 0.03'
    columns: ['curve_no', 'flow', 'speed', 'power_in', 'power_bowl_motor', 'power_bowl_dyno', 'power_pump_motor', 'power_pump_dyno', 'tdh_bowl', 'tdh_pump', 'eff_bowl_motor', 'eff_bowl_dyno', 'eff_pump_motor', 'eff_pump_dyno', 'eff_overall', 'npsha']
    rows: 13
    flow: 13 pts
      values: ['0.45', '501.93', '633.69', '846.17', '974.98', '1018.73', '1053.50', '1158.66', '1327.70', '1454.03', '1491.03', '1522.05', '1724.58']
    head ('tdh_bowl'): 13 pts
      values: ['551.03', '491.49', '484.99', '466.82', '444.41', '434.74', '425.50', '395.33', '342.73', '294.96', '279.81', '266.91', '168.17']
    power ('power_bowl_dyno'): all zero/negative — trying fallback
    power FALLBACK ('power_bowl_motor'): 13 pts
      values: ['63.8403', '100.8649', '113.3073', '130.9168', '137.9713', '139.7133', '140.6932', '143.3027', '145.5182', '144.8206', '143.9953', '143.1568', '133.2833']
    efficiency ('eff_bowl_motor'): 13 pts
      values: ['0.10', '61.66', '68.38', '76.06', '79.17', '79.91', '80.32', '80.58', '78.83', '74.66', '73.04', '71.54', '54.85']
    [FTS] Checking packing/bearing loss...
    [FTS] file: C:\Users\107087\AppData\Local\Temp\px_detail_2dpdyve9\99271935000010A1.xls
    [FTS] friction coefficient: 0.1
    [FTS] BA is all zeros — computing packing loss
    [FTS] Line shaft diameter: 1.9375"
    [FTS] Using 'tdh_bowl' for discharge pressure
    [FTS] Speed (first 5): ['1760.0', '1760.0', '1760.0', '1760.0', '1760.0']
    [FTS] Pressure (first 5): ['551.03', '491.49', '484.99', '466.82', '444.41']
    [FTS] Packing cross section: 0.5" (shaft >= 1.0")
    [FTS] Contact area: 0.5 × 0.94 × 1.9375 × π = 2.860813 in²
    [FTS] shaft_radius_ft: 0.080729
    [FTS] Loss HP (first 5): ['3.411698', '3.043096', '3.002823', '2.890301', '2.751563']
    [FTS] Loss HP range: 1.041224 — 3.411698
    [FTS] Power correction applied:
      Original power (first 5): ['63.8403', '100.8649', '113.3073', '130.9168', '137.9713']
      Loss HP       (first 5): ['3.411698', '3.043096', '3.002823', '2.890301', '2.751563']
      Corrected     (first 5): ['60.4286', '97.8218', '110.3045', '128.0265', '135.2197']
      Avg loss: 2.4037 HP
      Max loss: 3.4117 HP
    power BEFORE FTS: ['63.8403', '100.8649', '113.3073', '130.9168', '137.9713', '139.7133', '140.6932', '143.3027', '145.5182', '144.8206', '143.9953', '143.1568', '133.2833']
    power AFTER FTS:  ['60.4286', '97.8218', '110.3045', '128.0265', '135.2197', '137.0216', '138.0587', '140.8550', '143.3962', '142.9943', '142.2629', '141.5043', '132.2421']
    [STAGE NORM] 7-stage → dividing head & power by 7
      head BEFORE: ['551.03', '491.49', '484.99', '466.82', '444.41', '434.74', '425.50', '395.33', '342.73', '294.96', '279.81', '266.91', '168.17']
      head AFTER:  ['78.72', '70.21', '69.28', '66.69', '63.49', '62.11', '60.79', '56.48', '48.96', '42.14', '39.97', '38.13', '24.02']
      power BEFORE: ['60.4286', '97.8218', '110.3045', '128.0265', '135.2197', '137.0216', '138.0587', '140.8550', '143.3962', '142.9943', '142.2629', '141.5043', '132.2421']
      power AFTER:  ['8.6327', '13.9745', '15.7578', '18.2895', '19.3171', '19.5745', '19.7227', '20.1221', '20.4852', '20.4278', '20.3233', '20.2149', '18.8917']
    [AFFINITY]
      test_diameter:     8.6700
      baseline_diameter: 8.6425
      dia_ratio:         8.6425/8.6700 = 0.996828
      test_rpm:          1760.0
      baseline_rpm:      1775.0
      speed_ratio:       1775.0/1760.0 = 1.008523
      scaled_flow:  ['0.45', '504.60', '637.07', '850.67', '980.17', '1024.16', '1059.11', '1164.82', '1334.77', '1461.77', '1498.97', '1530.15', '1733.76']
      scaled_head:  ['79.56', '70.96', '70.02', '67.40', '64.16', '62.77', '61.43', '57.08', '49.48', '42.59', '40.40', '38.54', '24.28']
      scaled_power: ['8.7713', '14.1989', '16.0108', '18.5832', '19.6273', '19.8888', '20.0393', '20.4452', '20.8141', '20.7558', '20.6496', '20.5395', '19.1951']
    [FINAL] plotted_flow:  [0.45 → 1733.76]
    [FINAL] plotted_head:  [79.56 → 24.28]
    [FINAL] plotted_power: [8.7713 → 19.1951]
    [FINAL] plotted_eff:   [0.10 → 54.85]

  ── [LOAD+SCALE] 99271935550010A1P ──
    trim=8.7000, stages=7, rpm=1760.0, filing='Fig.1 to 0.03'
    columns: ['curve_no', 'flow', 'speed', 'power_in', 'power_bowl_motor', 'power_bowl_dyno', 'power_pump_motor', 'power_pump_dyno', 'tdh_bowl', 'tdh_pump', 'eff_bowl_motor', 'eff_bowl_dyno', 'eff_pump_motor', 'eff_pump_dyno', 'eff_overall', 'npsha']
    rows: 12
    flow: 12 pts
      values: ['0.53', '394.94', '607.20', '795.15', '966.23', '980.35', '1018.50', '1210.25', '1379.13', '1507.39', '1611.79', '1689.30']
    head ('tdh_bowl'): 12 pts
      values: ['560.89', '501.26', '491.06', '477.69', '450.83', '447.73', '438.72', '384.33', '327.41', '278.69', '232.96', '192.25']
    power ('power_bowl_dyno'): all zero/negative — trying fallback
    power FALLBACK ('power_bowl_motor'): 12 pts
      values: ['71.0065', '95.2566', '115.7398', '132.2555', '143.6965', '144.2227', '146.1598', '150.9979', '152.6286', '150.9106', '147.6866', '143.4700']
    efficiency ('eff_bowl_motor'): 12 pts
      values: ['0.11', '52.39', '64.94', '72.40', '76.42', '76.72', '77.07', '77.65', '74.58', '70.17', '64.09', '57.06']
    [FTS] Checking packing/bearing loss...
    [FTS] file: C:\Users\107087\AppData\Local\Temp\px_detail_2dpdyve9\99271935550010A1P.xls
    [FTS] friction coefficient: 0.1
    [FTS] BA is all zeros — computing packing loss
    [FTS] Line shaft diameter: 1.5000"
    [FTS] Using 'tdh_bowl' for discharge pressure
    [FTS] Speed (first 5): ['1760.0', '1760.0', '1760.0', '1760.0', '1760.0']
    [FTS] Pressure (first 5): ['560.89', '501.26', '491.06', '477.69', '450.83']
    [FTS] Packing cross section: 0.5" (shaft >= 1.0")
    [FTS] Contact area: 0.5 × 0.94 × 1.5000 × π = 2.214823 in²
    [FTS] shaft_radius_ft: 0.062500
    [FTS] Loss HP (first 5): ['2.081502', '1.860188', '1.822344', '1.772747', '1.673060']
    [FTS] Loss HP range: 0.713447 — 2.081502
    [FTS] Power correction applied:
      Original power (first 5): ['71.0065', '95.2566', '115.7398', '132.2555', '143.6965']
      Loss HP       (first 5): ['2.081502', '1.860188', '1.822344', '1.772747', '1.673060']
      Corrected     (first 5): ['68.9250', '93.3964', '113.9175', '130.4827', '142.0235']
      Avg loss: 1.4794 HP
      Max loss: 2.0815 HP
    power BEFORE FTS: ['71.0065', '95.2566', '115.7398', '132.2555', '143.6965', '144.2227', '146.1598', '150.9979', '152.6286', '150.9106', '147.6866', '143.4700']
    power AFTER FTS:  ['68.9250', '93.3964', '113.9175', '130.4827', '142.0235', '142.5611', '144.5317', '149.5716', '151.4135', '149.8764', '146.8220', '142.7565']
    [STAGE NORM] 7-stage → dividing head & power by 7
      head BEFORE: ['560.89', '501.26', '491.06', '477.69', '450.83', '447.73', '438.72', '384.33', '327.41', '278.69', '232.96', '192.25']
      head AFTER:  ['80.13', '71.61', '70.15', '68.24', '64.40', '63.96', '62.67', '54.90', '46.77', '39.81', '33.28', '27.46']
      power BEFORE: ['68.9250', '93.3964', '113.9175', '130.4827', '142.0235', '142.5611', '144.5317', '149.5716', '151.4135', '149.8764', '146.8220', '142.7565']
      power AFTER:  ['9.8464', '13.3423', '16.2739', '18.6404', '20.2891', '20.3659', '20.6474', '21.3674', '21.6305', '21.4109', '20.9746', '20.3938']
    [AFFINITY]
      test_diameter:     8.7000
      baseline_diameter: 8.6425
      dia_ratio:         8.6425/8.7000 = 0.993391
      test_rpm:          1760.0
      baseline_rpm:      1775.0
      speed_ratio:       1775.0/1760.0 = 1.008523
      scaled_flow:  ['0.54', '395.68', '608.33', '796.63', '968.03', '982.17', '1020.40', '1212.50', '1381.69', '1510.19', '1614.79', '1692.43']
      scaled_head:  ['80.43', '71.87', '70.41', '68.50', '64.64', '64.20', '62.91', '55.11', '46.95', '39.96', '33.40', '27.57']
      scaled_power: ['9.9014', '13.4168', '16.3648', '18.7444', '20.4023', '20.4796', '20.7626', '21.4866', '21.7512', '21.5304', '21.0917', '20.5076']
    [FINAL] plotted_flow:  [0.54 → 1692.43]
    [FINAL] plotted_head:  [80.43 → 27.57]
    [FINAL] plotted_power: [9.9014 → 20.5076]
    [FINAL] plotted_eff:   [0.11 → 57.06]

  ── [LOAD+SCALE] 99271915920010A1P ──
    trim=8.7033, stages=6, rpm=1760.0, filing='Fig.1 to 0.03'
    columns: ['curve_no', 'flow', 'speed', 'power_in', 'power_bowl_motor', 'power_bowl_dyno', 'power_pump_motor', 'power_pump_dyno', 'tdh_bowl', 'tdh_pump', 'eff_bowl_motor', 'eff_bowl_dyno', 'eff_pump_motor', 'eff_pump_dyno', 'eff_overall', 'npsha']
    rows: 13
    flow: 13 pts
      values: ['0.51', '393.79', '595.64', '797.67', '976.05', '992.76', '1028.62', '1185.38', '1342.57', '1500.10', '1519.56', '1613.38', '1687.05']
    head ('tdh_bowl'): 13 pts
      values: ['490.95', '435.10', '422.60', '407.55', '380.87', '377.41', '371.55', '334.12', '285.99', '233.64', '225.51', '190.10', '157.27']
    power ('power_bowl_dyno'): all zero/negative — trying fallback
    power FALLBACK ('power_bowl_motor'): 13 pts
      values: ['63.2823', '82.5411', '98.3633', '113.0401', '122.9363', '123.5605', '125.1215', '129.1346', '130.0470', '128.4870', '127.7777', '125.6036', '122.5013']
    efficiency ('eff_bowl_motor'): 13 pts
      values: ['0.10', '52.33', '64.51', '72.50', '76.23', '76.44', '77.00', '77.32', '74.43', '68.76', '67.61', '61.56', '54.60']
    [FTS] Checking packing/bearing loss...
    [FTS] file: C:\Users\107087\AppData\Local\Temp\px_detail_2dpdyve9\99271915920010A1P.xls
    [FTS] friction coefficient: 0.1
    [FTS] BA is all zeros — computing packing loss
    [FTS] Line shaft diameter: 1.5000"
    [FTS] Using 'tdh_bowl' for discharge pressure
    [FTS] Speed (first 5): ['1760.0', '1760.0', '1760.0', '1760.0', '1760.0']
    [FTS] Pressure (first 5): ['490.95', '435.10', '422.60', '407.55', '380.87']
    [FTS] Packing cross section: 0.5" (shaft >= 1.0")
    [FTS] Contact area: 0.5 × 0.94 × 1.5000 × π = 2.214823 in²
    [FTS] shaft_radius_ft: 0.062500
    [FTS] Loss HP (first 5): ['1.821946', '1.614671', '1.568274', '1.512441', '1.413439']
    [FTS] Loss HP range: 0.583629 — 1.821946
    [FTS] Power correction applied:
      Original power (first 5): ['63.2823', '82.5411', '98.3633', '113.0401', '122.9363']
      Loss HP       (first 5): ['1.821946', '1.614671', '1.568274', '1.512441', '1.413439']
      Corrected     (first 5): ['61.4604', '80.9265', '96.7950', '111.5277', '121.5229']
      Avg loss: 1.2311 HP
      Max loss: 1.8219 HP
    power BEFORE FTS: ['63.2823', '82.5411', '98.3633', '113.0401', '122.9363', '123.5605', '125.1215', '129.1346', '130.0470', '128.4870', '127.7777', '125.6036', '122.5013']
    power AFTER FTS:  ['61.4604', '80.9265', '96.7950', '111.5277', '121.5229', '122.1599', '123.7426', '127.8947', '128.9857', '127.6199', '126.9409', '124.8981', '121.9176']
    [STAGE NORM] 6-stage → dividing head & power by 6
      head BEFORE: ['490.95', '435.10', '422.60', '407.55', '380.87', '377.41', '371.55', '334.12', '285.99', '233.64', '225.51', '190.10', '157.27']
      head AFTER:  ['81.83', '72.52', '70.43', '67.93', '63.48', '62.90', '61.93', '55.69', '47.66', '38.94', '37.59', '31.68', '26.21']
      power BEFORE: ['61.4604', '80.9265', '96.7950', '111.5277', '121.5229', '122.1599', '123.7426', '127.8947', '128.9857', '127.6199', '126.9409', '124.8981', '121.9176']
      power AFTER:  ['10.2434', '13.4877', '16.1325', '18.5879', '20.2538', '20.3600', '20.6238', '21.3158', '21.4976', '21.2700', '21.1568', '20.8164', '20.3196']
    [AFFINITY]
      test_diameter:     8.7033
      baseline_diameter: 8.6425
      dia_ratio:         8.6425/8.7033 = 0.993010
      test_rpm:          1760.0
      baseline_rpm:      1775.0
      speed_ratio:       1775.0/1760.0 = 1.008523
      scaled_flow:  ['0.51', '394.37', '596.51', '798.85', '977.48', '994.22', '1030.14', '1187.13', '1344.55', '1502.31', '1521.80', '1615.76', '1689.53']
      scaled_head:  ['82.07', '72.73', '70.64', '68.13', '63.67', '63.09', '62.11', '55.85', '47.80', '39.06', '37.70', '31.78', '26.29']
      scaled_power: ['10.2887', '13.5475', '16.2039', '18.6702', '20.3435', '20.4501', '20.7151', '21.4101', '21.5928', '21.3641', '21.2505', '20.9085', '20.4096']
    [FINAL] plotted_flow:  [0.51 → 1689.53]
    [FINAL] plotted_head:  [82.07 → 26.29]
    [FINAL] plotted_power: [10.2887 → 20.4096]
    [FINAL] plotted_eff:   [0.10 → 54.60]

  ── [LOAD+SCALE] 99271914720010A1P ──
    trim=8.7575, stages=4, rpm=1760.0, filing='Fig.1 to 0.03'
    columns: ['curve_no', 'flow', 'speed', 'power_in', 'power_bowl_motor', 'power_bowl_dyno', 'power_pump_motor', 'power_pump_dyno', 'tdh_bowl', 'tdh_pump', 'eff_bowl_motor', 'eff_bowl_dyno', 'eff_pump_motor', 'eff_pump_dyno', 'eff_overall', 'npsha']
    rows: 12
    flow: 12 pts
      values: ['7.40', '386.45', '597.68', '804.68', '974.83', '1010.81', '1026.61', '1184.96', '1339.57', '1513.89', '1610.31', '1727.01']
    head ('tdh_bowl'): 12 pts
      values: ['328.02', '293.04', '285.46', '277.11', '263.32', '259.52', '257.45', '235.54', '206.18', '168.71', '148.64', '118.34']
    power ('power_bowl_dyno'): all zero/negative — trying fallback
    power FALLBACK ('power_bowl_motor'): 12 pts
      values: ['41.8243', '55.3572', '66.7100', '77.3263', '84.3460', '85.4398', '85.9073', '89.5792', '90.9225', '90.3272', '89.4060', '87.2783']
    efficiency ('eff_bowl_motor'): 12 pts
      values: ['1.46', '51.57', '64.47', '72.70', '76.72', '77.40', '77.56', '78.55', '76.58', '71.28', '67.49', '59.03']
    [FTS] Checking packing/bearing loss...
    [FTS] file: C:\Users\107087\AppData\Local\Temp\px_detail_2dpdyve9\99271914720010A1P.xls
    [FTS] friction coefficient: 0.1
    [FTS] BA is all zeros — computing packing loss
    [FTS] Line shaft diameter: 1.5000"
    [FTS] Using 'tdh_bowl' for discharge pressure
    [FTS] Speed (first 5): ['1760.0', '1760.0', '1760.0', '1760.0', '1760.0']
    [FTS] Pressure (first 5): ['328.02', '293.04', '285.46', '277.11', '263.32']
    [FTS] Packing cross section: 0.5" (shaft >= 1.0")
    [FTS] Contact area: 0.5 × 0.94 × 1.5000 × π = 2.214823 in²
    [FTS] shaft_radius_ft: 0.062500
    [FTS] Loss HP (first 5): ['1.217300', '1.087478', '1.059349', '1.028380', '0.977205']
    [FTS] Loss HP range: 0.439147 — 1.217300
    [FTS] Power correction applied:
      Original power (first 5): ['41.8243', '55.3572', '66.7100', '77.3263', '84.3460']
      Loss HP       (first 5): ['1.217300', '1.087478', '1.059349', '1.028380', '0.977205']
      Corrected     (first 5): ['40.6070', '54.2697', '65.6506', '76.2979', '83.3687']
      Avg loss: 0.8787 HP
      Max loss: 1.2173 HP
    power BEFORE FTS: ['41.8243', '55.3572', '66.7100', '77.3263', '84.3460', '85.4398', '85.9073', '89.5792', '90.9225', '90.3272', '89.4060', '87.2783']
    power AFTER FTS:  ['40.6070', '54.2697', '65.6506', '76.2979', '83.3687', '84.4767', '84.9519', '88.7051', '90.1573', '89.7011', '88.8544', '86.8391']
    [STAGE NORM] 4-stage → dividing head & power by 4
      head BEFORE: ['328.02', '293.04', '285.46', '277.11', '263.32', '259.52', '257.45', '235.54', '206.18', '168.71', '148.64', '118.34']
      head AFTER:  ['82.01', '73.26', '71.36', '69.28', '65.83', '64.88', '64.36', '58.89', '51.54', '42.18', '37.16', '29.58']
      power BEFORE: ['40.6070', '54.2697', '65.6506', '76.2979', '83.3687', '84.4767', '84.9519', '88.7051', '90.1573', '89.7011', '88.8544', '86.8391']
      power AFTER:  ['10.1518', '13.5674', '16.4127', '19.0745', '20.8422', '21.1192', '21.2380', '22.1763', '22.5393', '22.4253', '22.2136', '21.7098']
    [AFFINITY]
      test_diameter:     8.7575
      baseline_diameter: 8.6425
      dia_ratio:         8.6425/8.7575 = 0.986868
      test_rpm:          1760.0
      baseline_rpm:      1775.0
      speed_ratio:       1775.0/1760.0 = 1.008523
      scaled_flow:  ['7.36', '384.63', '594.86', '800.88', '970.22', '1006.04', '1021.76', '1179.36', '1333.25', '1506.75', '1602.70', '1718.86']
      scaled_head:  ['81.23', '72.57', '70.69', '68.63', '65.21', '64.27', '63.76', '58.33', '51.06', '41.78', '36.81', '29.31']
      scaled_power: ['10.0087', '13.3762', '16.1813', '18.8056', '20.5484', '20.8215', '20.9386', '21.8637', '22.2216', '22.1092', '21.9005', '21.4038']
    [FINAL] plotted_flow:  [7.36 → 1718.86]
    [FINAL] plotted_head:  [81.23 → 29.31]
    [FINAL] plotted_power: [10.0087 → 21.4038]
    [FINAL] plotted_eff:   [1.46 → 59.03]

  ── [LOAD+SCALE] 99271902460010A1P ──
    trim=8.5300, stages=4, rpm=1760.0, filing='Fig.1 to 0.03'
    columns: ['curve_no', 'flow', 'speed', 'power_in', 'power_bowl_motor', 'power_bowl_dyno', 'power_pump_motor', 'power_pump_dyno', 'tdh_bowl', 'tdh_pump', 'eff_bowl_motor', 'eff_bowl_dyno', 'eff_pump_motor', 'eff_pump_dyno', 'eff_overall', 'npsha']
    rows: 11
    flow: 11 pts
      values: ['24.44', '402.34', '626.79', '794.77', '963.20', '996.75', '1021.98', '1183.89', '1355.40', '1503.46', '1623.55']
    head ('tdh_bowl'): 11 pts
      values: ['300.04', '272.58', '264.67', '256.48', '240.81', '236.13', '232.77', '207.91', '178.95', '146.91', '115.79']
    power ('power_bowl_dyno'): all zero/negative — trying fallback
    power FALLBACK ('power_bowl_motor'): 11 pts
      values: ['35.2125', '51.0388', '61.9418', '69.1724', '74.5004', '75.1379', '75.5291', '77.4693', '78.4613', '77.1648', '74.1405']
    efficiency ('eff_bowl_motor'): 11 pts
      values: ['5.25', '54.17', '67.51', '74.29', '78.48', '78.96', '79.40', '80.10', '77.93', '72.16', '63.92']
    [FTS] Checking packing/bearing loss...
    [FTS] file: C:\Users\107087\AppData\Local\Temp\px_detail_2dpdyve9\99271902460010A1P.xls
    [FTS] friction coefficient: 0.1
    [FTS] BA is all zeros — computing packing loss
    [FTS] Line shaft diameter: 1.5000"
    [FTS] Using 'tdh_bowl' for discharge pressure
    [FTS] Speed (first 5): ['1760.0', '1760.0', '1760.0', '1760.0', '1760.0']
    [FTS] Pressure (first 5): ['300.04', '272.58', '264.67', '256.48', '240.81']
    [FTS] Packing cross section: 0.5" (shaft >= 1.0")
    [FTS] Contact area: 0.5 × 0.94 × 1.5000 × π = 2.214823 in²
    [FTS] shaft_radius_ft: 0.062500
    [FTS] Loss HP (first 5): ['1.113473', '1.011548', '0.982191', '0.951823', '0.893657']
    [FTS] Loss HP range: 0.429685 — 1.113473
    [FTS] Power correction applied:
      Original power (first 5): ['35.2125', '51.0388', '61.9418', '69.1724', '74.5004']
      Loss HP       (first 5): ['1.113473', '1.011548', '0.982191', '0.951823', '0.893657']
      Corrected     (first 5): ['34.0991', '50.0273', '60.9596', '68.2206', '73.6067']
      Avg loss: 0.8276 HP
      Max loss: 1.1135 HP
    power BEFORE FTS: ['35.2125', '51.0388', '61.9418', '69.1724', '74.5004', '75.1379', '75.5291', '77.4693', '78.4613', '77.1648', '74.1405']
    power AFTER FTS:  ['34.0991', '50.0273', '60.9596', '68.2206', '73.6067', '74.2616', '74.6652', '76.6977', '77.7972', '76.6196', '73.7108']
    [STAGE NORM] 4-stage → dividing head & power by 4
      head BEFORE: ['300.04', '272.58', '264.67', '256.48', '240.81', '236.13', '232.77', '207.91', '178.95', '146.91', '115.79']
      head AFTER:  ['75.01', '68.14', '66.17', '64.12', '60.20', '59.03', '58.19', '51.98', '44.74', '36.73', '28.95']
      power BEFORE: ['34.0991', '50.0273', '60.9596', '68.2206', '73.6067', '74.2616', '74.6652', '76.6977', '77.7972', '76.6196', '73.7108']
      power AFTER:  ['8.5248', '12.5068', '15.2399', '17.0551', '18.4017', '18.5654', '18.6663', '19.1744', '19.4493', '19.1549', '18.4277']
    [AFFINITY]
      test_diameter:     8.5300
      baseline_diameter: 8.6425
      dia_ratio:         8.6425/8.5300 = 1.013189
      test_rpm:          1760.0
      baseline_rpm:      1775.0
      speed_ratio:       1775.0/1760.0 = 1.008523
      scaled_flow:  ['24.97', '411.12', '640.47', '812.11', '984.22', '1018.51', '1044.29', '1209.73', '1384.98', '1536.27', '1658.98']
      scaled_head:  ['78.32', '71.15', '69.09', '66.95', '62.86', '61.64', '60.76', '54.27', '46.71', '38.35', '30.22']
      scaled_power: ['9.0952', '13.3437', '16.2596', '18.1963', '19.6329', '19.8076', '19.9153', '20.4574', '20.7507', '20.4366', '19.6607']
    [FINAL] plotted_flow:  [24.97 → 1658.98]
    [FINAL] plotted_head:  [78.32 → 30.22]
    [FINAL] plotted_power: [9.0952 → 19.6607]
    [FINAL] plotted_eff:   [5.25 → 63.92]

  ── [LOAD+SCALE] 99271909300010B1P ──
    trim=8.6933, stages=9, rpm=1760.0, filing='Fig.1 to 0.03'
    columns: ['curve_no', 'flow', 'speed', 'power_in', 'power_bowl_motor', 'power_bowl_dyno', 'power_pump_motor', 'power_pump_dyno', 'tdh_bowl', 'tdh_pump', 'eff_bowl_motor', 'eff_bowl_dyno', 'eff_pump_motor', 'eff_pump_dyno', 'eff_overall', 'npsha']
    rows: 11
    flow: 11 pts
      values: ['16.37', '398.76', '627.09', '827.97', '969.37', '993.51', '1032.37', '1205.37', '1348.69', '1511.11', '1594.14']
    head ('tdh_bowl'): 11 pts
      values: ['717.77', '644.68', '629.18', '607.31', '578.12', '571.40', '560.24', '502.31', '440.65', '362.49', '317.60']
    power ('power_bowl_dyno'): all zero/negative — trying fallback
    power FALLBACK ('power_bowl_motor'): 11 pts
      values: ['89.4213', '123.5098', '151.6143', '173.6470', '184.8555', '186.1292', '188.7485', '195.6006', '196.7193', '194.0906', '191.4504']
    efficiency ('eff_bowl_motor'): 11 pts
      values: ['3.31', '52.47', '65.60', '73.00', '76.42', '76.89', '77.25', '78.03', '76.16', '71.14', '66.67']
    [FTS] Checking packing/bearing loss...
    [FTS] file: C:\Users\107087\AppData\Local\Temp\px_detail_2dpdyve9\99271909300010B1P.xls
    [FTS] friction coefficient: 0.1
    [FTS] BA is all zeros — computing packing loss
    [FTS] Line shaft diameter: 1.5000"
    [FTS] Using 'tdh_bowl' for discharge pressure
    [FTS] Speed (first 5): ['1760.0', '1760.0', '1760.0', '1760.0', '1760.0']
    [FTS] Pressure (first 5): ['717.77', '644.68', '629.18', '607.31', '578.12']
    [FTS] Packing cross section: 0.5" (shaft >= 1.0")
    [FTS] Contact area: 0.5 × 0.94 × 1.5000 × π = 2.214823 in²
    [FTS] shaft_radius_ft: 0.062500
    [FTS] Loss HP (first 5): ['2.663683', '2.392439', '2.334932', '2.253757', '2.145422']
    [FTS] Loss HP range: 1.178640 — 2.663683
    [FTS] Power correction applied:
      Original power (first 5): ['89.4213', '123.5098', '151.6143', '173.6470', '184.8555']
      Loss HP       (first 5): ['2.663683', '2.392439', '2.334932', '2.253757', '2.145422']
      Corrected     (first 5): ['86.7576', '121.1174', '149.2793', '171.3933', '182.7101']
      Avg loss: 2.0012 HP
      Max loss: 2.6637 HP
    power BEFORE FTS: ['89.4213', '123.5098', '151.6143', '173.6470', '184.8555', '186.1292', '188.7485', '195.6006', '196.7193', '194.0906', '191.4504']
    power AFTER FTS:  ['86.7576', '121.1174', '149.2793', '171.3933', '182.7101', '184.0087', '186.6694', '193.7365', '195.0840', '192.7454', '190.2718']
    [STAGE NORM] 9-stage → dividing head & power by 9
      head BEFORE: ['717.77', '644.68', '629.18', '607.31', '578.12', '571.40', '560.24', '502.31', '440.65', '362.49', '317.60']
      head AFTER:  ['79.75', '71.63', '69.91', '67.48', '64.24', '63.49', '62.25', '55.81', '48.96', '40.28', '35.29']
      power BEFORE: ['86.7576', '121.1174', '149.2793', '171.3933', '182.7101', '184.0087', '186.6694', '193.7365', '195.0840', '192.7454', '190.2718']
      power AFTER:  ['9.6397', '13.4575', '16.5866', '19.0437', '20.3011', '20.4454', '20.7410', '21.5263', '21.6760', '21.4162', '21.1413']
    [AFFINITY]
      test_diameter:     8.6933
      baseline_diameter: 8.6425
      dia_ratio:         8.6425/8.6933 = 0.994153
      test_rpm:          1760.0
      baseline_rpm:      1775.0
      speed_ratio:       1775.0/1760.0 = 1.008523
      scaled_flow:  ['16.42', '399.81', '628.74', '830.15', '971.91', '996.12', '1035.08', '1208.53', '1352.23', '1515.08', '1598.32']
      scaled_head:  ['80.17', '72.01', '70.28', '67.83', '64.57', '63.82', '62.58', '56.11', '49.22', '40.49', '35.47']
      scaled_power: ['9.7159', '13.5638', '16.7176', '19.1941', '20.4614', '20.6069', '20.9048', '21.6963', '21.8472', '21.5853', '21.3083']
    [FINAL] plotted_flow:  [16.42 → 1598.32]
    [FINAL] plotted_head:  [80.17 → 35.47]
    [FINAL] plotted_power: [9.7159 → 21.3083]
    [FINAL] plotted_eff:   [3.31 → 66.67]

  ── [LOAD+SCALE] 99271902750010A1P ──
    trim=8.6880, stages=5, rpm=1760.0, filing='Fig.1 to 0.03'
    columns: ['curve_no', 'flow', 'speed', 'power_in', 'power_bowl_motor', 'power_bowl_dyno', 'power_pump_motor', 'power_pump_dyno', 'tdh_bowl', 'tdh_pump', 'eff_bowl_motor', 'eff_bowl_dyno', 'eff_pump_motor', 'eff_pump_dyno', 'eff_overall', 'npsha']
    rows: 11
    flow: 11 pts
      values: ['5.06', '393.30', '583.27', '779.18', '965.65', '984.59', '1023.14', '1199.81', '1320.93', '1515.28', '1619.17']
    head ('tdh_bowl'): 11 pts
      values: ['395.15', '355.56', '347.45', '336.88', '319.35', '317.05', '311.46', '281.90', '252.53', '202.38', '172.48']
    power ('power_bowl_dyno'): all zero/negative — trying fallback
    power FALLBACK ('power_bowl_motor'): 11 pts
      values: ['48.4760', '66.1024', '79.1287', '91.6449', '101.2070', '101.9298', '103.1354', '108.1131', '109.1922', '108.3117', '107.0184']
    efficiency ('eff_bowl_motor'): 11 pts
      values: ['1.04', '53.33', '64.56', '72.20', '76.81', '77.20', '77.89', '78.86', '77.01', '71.37', '65.78']
    [FTS] Checking packing/bearing loss...
    [FTS] file: C:\Users\107087\AppData\Local\Temp\px_detail_2dpdyve9\99271902750010A1P.xls
    [FTS] friction coefficient: 0.1
    [FTS] BA is all zeros — computing packing loss
    [FTS] Line shaft diameter: 1.5000"
    [FTS] Using 'tdh_bowl' for discharge pressure
    [FTS] Speed (first 5): ['1760.0', '1760.0', '1760.0', '1760.0', '1760.0']
    [FTS] Pressure (first 5): ['395.15', '355.56', '347.45', '336.88', '319.35']
    [FTS] Packing cross section: 0.5" (shaft >= 1.0")
    [FTS] Contact area: 0.5 × 0.94 × 1.5000 × π = 2.214823 in²
    [FTS] shaft_radius_ft: 0.062500
    [FTS] Loss HP (first 5): ['1.466429', '1.319503', '1.289394', '1.250170', '1.185140']
    [FTS] Loss HP range: 0.640081 — 1.466429
    [FTS] Power correction applied:
      Original power (first 5): ['48.4760', '66.1024', '79.1287', '91.6449', '101.2070']
      Loss HP       (first 5): ['1.466429', '1.319503', '1.289394', '1.250170', '1.185140']
      Corrected     (first 5): ['47.0096', '64.7828', '77.8393', '90.3948', '100.0219']
      Avg loss: 1.1107 HP
      Max loss: 1.4664 HP
    power BEFORE FTS: ['48.4760', '66.1024', '79.1287', '91.6449', '101.2070', '101.9298', '103.1354', '108.1131', '109.1922', '108.3117', '107.0184']
    power AFTER FTS:  ['47.0096', '64.7828', '77.8393', '90.3948', '100.0219', '100.7532', '101.9795', '107.0670', '108.2550', '107.5606', '106.3784']
    [STAGE NORM] 5-stage → dividing head & power by 5
      head BEFORE: ['395.15', '355.56', '347.45', '336.88', '319.35', '317.05', '311.46', '281.90', '252.53', '202.38', '172.48']
      head AFTER:  ['79.03', '71.11', '69.49', '67.38', '63.87', '63.41', '62.29', '56.38', '50.51', '40.48', '34.50']
      power BEFORE: ['47.0096', '64.7828', '77.8393', '90.3948', '100.0219', '100.7532', '101.9795', '107.0670', '108.2550', '107.5606', '106.3784']
      power AFTER:  ['9.4019', '12.9566', '15.5679', '18.0790', '20.0044', '20.1506', '20.3959', '21.4134', '21.6510', '21.5121', '21.2757']
    [AFFINITY]
      test_diameter:     8.6880
      baseline_diameter: 8.6425
      dia_ratio:         8.6425/8.6880 = 0.994763
      test_rpm:          1760.0
      baseline_rpm:      1775.0
      speed_ratio:       1775.0/1760.0 = 1.008523
      scaled_flow:  ['5.08', '394.58', '585.16', '781.71', '968.78', '987.78', '1026.46', '1203.70', '1325.21', '1520.19', '1624.42']
      scaled_head:  ['79.54', '71.57', '69.94', '67.81', '64.29', '63.82', '62.70', '56.75', '50.83', '40.74', '34.72']
      scaled_power: ['9.4936', '13.0830', '15.7197', '18.2553', '20.1995', '20.3472', '20.5949', '21.6223', '21.8622', '21.7220', '21.4832']
    [FINAL] plotted_flow:  [5.08 → 1624.42]
    [FINAL] plotted_head:  [79.54 → 34.72]
    [FINAL] plotted_power: [9.4936 → 21.4832]
    [FINAL] plotted_eff:   [1.04 → 65.78]

  ── [LOAD+SCALE] 99271909300010A1P ──
    trim=8.6933, stages=9, rpm=1760.0, filing='Fig.1 to 0.03'
    columns: ['curve_no', 'flow', 'speed', 'power_in', 'power_bowl_motor', 'power_bowl_dyno', 'power_pump_motor', 'power_pump_dyno', 'tdh_bowl', 'tdh_pump', 'eff_bowl_motor', 'eff_bowl_dyno', 'eff_pump_motor', 'eff_pump_dyno', 'eff_overall', 'npsha']
    rows: 15
    flow: 15 pts
      values: ['0.00', '535.13', '807.40', '889.64', '961.69', '1002.47', '1041.04', '1070.79', '1127.88', '1310.67', '1480.49', '1500.15', '1504.75', '1560.97', '1782.23']
    head ('tdh_bowl'): 15 pts
      values: ['713.83', '635.48', '609.85', '596.22', '579.50', '567.96', '555.74', '546.62', '529.61', '456.41', '373.19', '360.62', '360.16', '328.14', '180.23']
    power ('power_bowl_dyno'): all zero/negative — trying fallback
    power FALLBACK ('power_bowl_motor'): 15 pts
      values: ['86.7537', '137.0647', '169.7847', '177.5228', '182.7093', '185.5002', '187.4913', '189.1072', '190.9928', '194.7086', '192.3895', '191.5141', '191.3570', '189.0448', '175.2887']
    efficiency ('eff_bowl_motor'): 15 pts
      values: ['0.00', '62.55', '73.11', '75.32', '76.89', '77.37', '77.79', '78.03', '78.84', '77.45', '72.39', '71.21', '71.39', '68.30', '46.19']
    [FTS] Checking packing/bearing loss...
    [FTS] file: C:\Users\107087\AppData\Local\Temp\px_detail_2dpdyve9\99271909300010A1.xls
    [FTS] friction coefficient: 0.1
    [FTS] BA is all zeros — computing packing loss
    [FTS] Line shaft diameter: 1.5000"
    [FTS] Using 'tdh_bowl' for discharge pressure
    [FTS] Speed (first 5): ['1760.0', '1760.0', '1760.0', '1760.0', '1760.0']
    [FTS] Pressure (first 5): ['713.83', '635.48', '609.85', '596.22', '579.50']
    [FTS] Packing cross section: 0.5" (shaft >= 1.0")
    [FTS] Contact area: 0.5 × 0.94 × 1.5000 × π = 2.214823 in²
    [FTS] shaft_radius_ft: 0.062500
    [FTS] Loss HP (first 5): ['2.649078', '2.358317', '2.263174', '2.212621', '2.150546']
    [FTS] Loss HP range: 0.668831 — 2.649078
    [FTS] Power correction applied:
      Original power (first 5): ['86.7537', '137.0647', '169.7847', '177.5228', '182.7093']
      Loss HP       (first 5): ['2.649078', '2.358317', '2.263174', '2.212621', '2.150546']
      Corrected     (first 5): ['84.1046', '134.7064', '167.5215', '175.3102', '180.5588']
      Avg loss: 1.8292 HP
      Max loss: 2.6491 HP
    power BEFORE FTS: ['86.7537', '137.0647', '169.7847', '177.5228', '182.7093', '185.5002', '187.4913', '189.1072', '190.9928', '194.7086', '192.3895', '191.5141', '191.3570', '189.0448', '175.2887']
    power AFTER FTS:  ['84.1046', '134.7064', '167.5215', '175.3102', '180.5588', '183.3924', '185.4290', '187.0786', '189.0274', '193.0149', '191.0046', '190.1758', '190.0204', '187.8271', '174.6199']
    [STAGE NORM] 9-stage → dividing head & power by 9
      head BEFORE: ['713.83', '635.48', '609.85', '596.22', '579.50', '567.96', '555.74', '546.62', '529.61', '456.41', '373.19', '360.62', '360.16', '328.14', '180.23']
      head AFTER:  ['79.31', '70.61', '67.76', '66.25', '64.39', '63.11', '61.75', '60.74', '58.85', '50.71', '41.47', '40.07', '40.02', '36.46', '20.03']
      power BEFORE: ['84.1046', '134.7064', '167.5215', '175.3102', '180.5588', '183.3924', '185.4290', '187.0786', '189.0274', '193.0149', '191.0046', '190.1758', '190.0204', '187.8271', '174.6199']
      power AFTER:  ['9.3450', '14.9674', '18.6135', '19.4789', '20.0621', '20.3769', '20.6032', '20.7865', '21.0030', '21.4461', '21.2227', '21.1306', '21.1134', '20.8697', '19.4022']
    [AFFINITY]
      test_diameter:     8.6933
      baseline_diameter: 8.6425
      dia_ratio:         8.6425/8.6933 = 0.994153
      test_rpm:          1760.0
      baseline_rpm:      1775.0
      speed_ratio:       1775.0/1760.0 = 1.008523
      scaled_flow:  ['0.00', '536.54', '809.52', '891.97', '964.22', '1005.10', '1043.77', '1073.60', '1130.84', '1314.11', '1484.37', '1504.09', '1508.70', '1565.06', '1786.91']
      scaled_head:  ['79.73', '70.98', '68.12', '66.60', '64.73', '63.44', '62.07', '61.06', '59.15', '50.98', '41.68', '40.28', '40.23', '36.65', '20.13']
      scaled_power: ['9.4188', '15.0856', '18.7605', '19.6327', '20.2205', '20.5379', '20.7659', '20.9507', '21.1689', '21.6155', '21.3903', '21.2975', '21.2801', '21.0345', '19.5554']
    [FINAL] plotted_flow:  [0.00 → 1786.91]
    [FINAL] plotted_head:  [79.73 → 20.13]
    [FINAL] plotted_power: [9.4188 → 19.5554]
    [FINAL] plotted_eff:   [0.00 → 46.19]

  ── [LOAD+SCALE] 99272086840011A1P ──
    trim=8.6600, stages=4, rpm=1760.0, filing='Fig1. To 0.03125'
    columns: ['curve_no', 'flow', 'speed', 'power_in', 'power_bowl_motor', 'power_bowl_dyno', 'power_pump_motor', 'power_pump_dyno', 'tdh_bowl', 'tdh_pump', 'eff_bowl_motor', 'eff_bowl_dyno', 'eff_pump_motor', 'eff_pump_dyno', 'eff_overall', 'npsha']
    rows: 18
    flow: 18 pts
      values: ['0.15', '30.73', '245.28', '427.46', '604.11', '857.68', '982.21', '995.69', '1000.75', '1007.33', '1015.61', '1022.69', '1203.17', '1336.45', '1533.70', '1751.50', '1831.36', '1894.61']
    head ('tdh_bowl'): 18 pts
      values: ['311.14', '311.39', '294.99', '281.16', '273.13', '260.04', '246.63', '247.17', '246.61', '246.02', '244.05', '243.54', '220.34', '198.32', '162.83', '111.89', '90.74', '68.48']
    power ('power_bowl_dyno'): all zero/negative — trying fallback
    power FALLBACK ('power_bowl_motor'): 18 pts
      values: ['39.3092', '40.5345', '48.1849', '55.0167', '63.3587', '74.4095', '78.9155', '78.8984', '79.2174', '79.2611', '79.7181', '79.7608', '83.1385', '84.4822', '84.6822', '81.1997', '79.1990', '76.4055']
    efficiency ('eff_bowl_motor'): 18 pts
      values: ['0.03', '5.95', '37.85', '55.07', '65.65', '75.56', '77.38', '78.63', '78.53', '78.82', '78.38', '78.72', '80.39', '79.09', '74.34', '60.84', '52.89', '42.81']
    [STAGE NORM] 4-stage → dividing head & power by 4
      head BEFORE: ['311.14', '311.39', '294.99', '281.16', '273.13', '260.04', '246.63', '247.17', '246.61', '246.02', '244.05', '243.54', '220.34', '198.32', '162.83', '111.89', '90.74', '68.48']
      head AFTER:  ['77.78', '77.85', '73.75', '70.29', '68.28', '65.01', '61.66', '61.79', '61.65', '61.51', '61.01', '60.88', '55.09', '49.58', '40.71', '27.97', '22.68', '17.12']
      power BEFORE: ['39.3092', '40.5345', '48.1849', '55.0167', '63.3587', '74.4095', '78.9155', '78.8984', '79.2174', '79.2611', '79.7181', '79.7608', '83.1385', '84.4822', '84.6822', '81.1997', '79.1990', '76.4055']
      power AFTER:  ['9.8273', '10.1336', '12.0462', '13.7542', '15.8397', '18.6024', '19.7289', '19.7246', '19.8043', '19.8153', '19.9295', '19.9402', '20.7846', '21.1205', '21.1706', '20.2999', '19.7997', '19.1014']
    [AFFINITY]
      test_diameter:     8.6600
      baseline_diameter: 8.6425
      dia_ratio:         8.6425/8.6600 = 0.997979
      test_rpm:          1760.0
      baseline_rpm:      1775.0
      speed_ratio:       1775.0/1760.0 = 1.008523
      scaled_flow:  ['0.16', '30.93', '246.87', '430.23', '608.03', '863.25', '988.58', '1002.15', '1007.24', '1013.86', '1022.19', '1029.33', '1210.98', '1345.12', '1543.64', '1762.86', '1843.24', '1906.90']
      scaled_head:  ['78.80', '78.86', '74.71', '71.21', '69.17', '65.86', '62.46', '62.60', '62.45', '62.31', '61.81', '61.68', '55.80', '50.23', '41.24', '28.34', '22.98', '17.34']
      scaled_power: ['10.0197', '10.3320', '12.2821', '14.0235', '16.1498', '18.9666', '20.1152', '20.1108', '20.1921', '20.2033', '20.3198', '20.3306', '21.1916', '21.5341', '21.5851', '20.6974', '20.1874', '19.4754']
    [FINAL] plotted_flow:  [0.16 → 1906.90]
    [FINAL] plotted_head:  [78.80 → 17.34]
    [FINAL] plotted_power: [10.0197 → 19.4754]
    [FINAL] plotted_eff:   [0.03 → 42.81]

  ── [LOAD+SCALE] 99272045200010A1P ──
    trim=8.6400, stages=5, rpm=1760.0, filing='Fig1. To 0.03125'
    columns: ['curve_no', 'flow', 'speed', 'power_in', 'power_bowl_motor', 'power_bowl_dyno', 'power_pump_motor', 'power_pump_dyno', 'tdh_bowl', 'tdh_pump', 'eff_bowl_motor', 'eff_bowl_dyno', 'eff_pump_motor', 'eff_pump_dyno', 'eff_overall', 'npsha']
    rows: 12
    flow: 12 pts
      values: ['8.76', '390.77', '816.85', '972.69', '990.63', '1010.04', '1228.48', '1384.13', '1507.42', '1542.85', '1655.47', '1755.50']
    head ('tdh_bowl'): 12 pts
      values: ['384.77', '356.86', '331.60', '314.98', '313.18', '310.81', '276.10', '247.01', '221.48', '213.94', '187.11', '160.36']
    power ('power_bowl_dyno'): all zero/negative — trying fallback
    power FALLBACK ('power_bowl_motor'): 12 pts
      values: ['49.9768', '68.8908', '91.8658', '98.2424', '98.7472', '99.1745', '104.2316', '106.2026', '106.6075', '106.3903', '104.9869', '102.9482']
    efficiency ('eff_bowl_motor'): 12 pts
      values: ['1.70', '51.03', '74.33', '78.62', '79.20', '79.80', '82.03', '81.15', '78.95', '78.21', '74.38', '68.93']
    [STAGE NORM] 5-stage → dividing head & power by 5
      head BEFORE: ['384.77', '356.86', '331.60', '314.98', '313.18', '310.81', '276.10', '247.01', '221.48', '213.94', '187.11', '160.36']
      head AFTER:  ['76.95', '71.37', '66.32', '63.00', '62.64', '62.16', '55.22', '49.40', '44.30', '42.79', '37.42', '32.07']
      power BEFORE: ['49.9768', '68.8908', '91.8658', '98.2424', '98.7472', '99.1745', '104.2316', '106.2026', '106.6075', '106.3903', '104.9869', '102.9482']
      power AFTER:  ['9.9954', '13.7782', '18.3732', '19.6485', '19.7494', '19.8349', '20.8463', '21.2405', '21.3215', '21.2781', '20.9974', '20.5896']
    [AFFINITY]
      test_diameter:     8.6400
      baseline_diameter: 8.6425
      dia_ratio:         8.6425/8.6400 = 1.000289
      test_rpm:          1760.0
      baseline_rpm:      1775.0
      speed_ratio:       1775.0/1760.0 = 1.008523
      scaled_flow:  ['8.84', '394.21', '824.05', '981.26', '999.36', '1018.94', '1239.31', '1396.33', '1520.71', '1556.45', '1670.06', '1770.98']
      scaled_head:  ['78.32', '72.64', '67.49', '64.11', '63.74', '63.26', '56.20', '50.28', '45.08', '43.55', '38.09', '32.64']
      scaled_power: ['10.2620', '14.1457', '18.8633', '20.1727', '20.2763', '20.3640', '21.4024', '21.8072', '21.8903', '21.8457', '21.5575', '21.1389']
    [FINAL] plotted_flow:  [8.84 → 1770.98]
    [FINAL] plotted_head:  [78.32 → 32.64]
    [FINAL] plotted_power: [10.2620 → 21.1389]
    [FINAL] plotted_eff:   [1.70 → 68.93]

  ── [LOAD+SCALE] 99272091280010A1P ──
    trim=8.7400, stages=5, rpm=1760.0, filing='Fig1. To 0.03125'
    columns: ['curve_no', 'flow', 'speed', 'power_in', 'power_bowl_motor', 'power_bowl_dyno', 'power_pump_motor', 'power_pump_dyno', 'tdh_bowl', 'tdh_pump', 'eff_bowl_motor', 'eff_bowl_dyno', 'eff_pump_motor', 'eff_pump_dyno', 'eff_overall', 'npsha']
    rows: 11
    flow: 11 pts
      values: ['0.00', '595.34', '804.05', '958.24', '992.38', '1039.11', '1199.98', '1510.38', '1612.86', '1712.89', '1798.10']
    head ('tdh_bowl'): 11 pts
      values: ['398.11', '347.34', '337.19', '322.23', '318.17', '312.44', '290.31', '231.70', '208.86', '182.15', '156.99']
    power ('power_bowl_dyno'): all zero/negative — trying fallback
    power FALLBACK ('power_bowl_motor'): 11 pts
      values: ['53.1177', '81.3342', '93.4494', '100.6203', '101.7077', '103.6673', '108.1395', '110.7388', '110.4656', '109.1959', '106.7004']
    efficiency ('eff_bowl_motor'): 11 pts
      values: ['0.00', '64.09', '73.14', '77.36', '78.26', '78.95', '81.21', '79.67', '76.87', '72.03', '66.69']
    [STAGE NORM] 5-stage → dividing head & power by 5
      head BEFORE: ['398.11', '347.34', '337.19', '322.23', '318.17', '312.44', '290.31', '231.70', '208.86', '182.15', '156.99']
      head AFTER:  ['79.62', '69.47', '67.44', '64.45', '63.63', '62.49', '58.06', '46.34', '41.77', '36.43', '31.40']
      power BEFORE: ['53.1177', '81.3342', '93.4494', '100.6203', '101.7077', '103.6673', '108.1395', '110.7388', '110.4656', '109.1959', '106.7004']
      power AFTER:  ['10.6235', '16.2668', '18.6899', '20.1241', '20.3415', '20.7335', '21.6279', '22.1478', '22.0931', '21.8392', '21.3401']
    [AFFINITY]
      test_diameter:     8.7400
      baseline_diameter: 8.6425
      dia_ratio:         8.6425/8.7400 = 0.988844
      test_rpm:          1760.0
      baseline_rpm:      1775.0
      speed_ratio:       1775.0/1760.0 = 1.008523
      scaled_flow:  ['0.00', '593.71', '801.86', '955.62', '989.68', '1036.28', '1196.71', '1506.26', '1608.47', '1708.22', '1793.19']
      scaled_head:  ['79.19', '69.09', '67.07', '64.09', '63.29', '62.15', '57.75', '46.09', '41.54', '36.23', '31.23']
      scaled_power: ['10.5368', '16.1341', '18.5373', '19.9598', '20.1755', '20.5642', '21.4514', '21.9670', '21.9128', '21.6609', '21.1659']
    [FINAL] plotted_flow:  [0.00 → 1793.19]
    [FINAL] plotted_head:  [79.19 → 31.23]
    [FINAL] plotted_power: [10.5368 → 21.1659]
    [FINAL] plotted_eff:   [0.00 → 66.69]

  ── [LOAD+SCALE] 99272094190010A1P ──
    trim=8.6600, stages=4, rpm=1760.0, filing='Fig1. To 0.03125'
    columns: ['curve_no', 'flow', 'speed', 'power_in', 'power_bowl_motor', 'power_bowl_dyno', 'power_pump_motor', 'power_pump_dyno', 'tdh_bowl', 'tdh_pump', 'eff_bowl_motor', 'eff_bowl_dyno', 'eff_pump_motor', 'eff_pump_dyno', 'eff_overall', 'npsha']
    rows: 11
    flow: 11 pts
      values: ['9.34', '614.40', '799.09', '952.48', '995.11', '1027.04', '1189.07', '1511.80', '1609.14', '1696.02', '1784.96']
    head ('tdh_bowl'): 11 pts
      values: ['305.84', '272.31', '266.00', '255.42', '251.07', '248.62', '230.98', '183.48', '165.36', '148.90', '129.37']
    power ('power_bowl_dyno'): all zero/negative — trying fallback
    power FALLBACK ('power_bowl_motor'): 11 pts
      values: ['38.2835', '63.5855', '71.8723', '77.3469', '78.6557', '79.5119', '83.1471', '85.1874', '84.4759', '83.3794', '81.6050']
    efficiency ('eff_bowl_motor'): 11 pts
      values: ['1.88', '66.33', '74.55', '79.29', '80.07', '80.95', '83.27', '82.09', '79.40', '76.35', '71.33']
    [STAGE NORM] 4-stage → dividing head & power by 4
      head BEFORE: ['305.84', '272.31', '266.00', '255.42', '251.07', '248.62', '230.98', '183.48', '165.36', '148.90', '129.37']
      head AFTER:  ['76.46', '68.08', '66.50', '63.86', '62.77', '62.15', '57.75', '45.87', '41.34', '37.23', '32.34']
      power BEFORE: ['38.2835', '63.5855', '71.8723', '77.3469', '78.6557', '79.5119', '83.1471', '85.1874', '84.4759', '83.3794', '81.6050']
      power AFTER:  ['9.5709', '15.8964', '17.9681', '19.3367', '19.6639', '19.8780', '20.7868', '21.2969', '21.1190', '20.8449', '20.4013']
    [AFFINITY]
      test_diameter:     8.6600
      baseline_diameter: 8.6425
      dia_ratio:         8.6425/8.6600 = 0.997979
      test_rpm:          1760.0
      baseline_rpm:      1775.0
      speed_ratio:       1775.0/1760.0 = 1.008523
      scaled_flow:  ['9.40', '618.38', '804.28', '958.65', '1001.56', '1033.70', '1196.78', '1521.60', '1619.57', '1707.02', '1796.54']
      scaled_head:  ['77.45', '68.96', '67.37', '64.69', '63.58', '62.96', '58.50', '46.47', '41.88', '37.71', '32.76']
      scaled_power: ['9.7583', '16.2076', '18.3199', '19.7153', '20.0490', '20.2672', '21.1938', '21.7139', '21.5325', '21.2530', '20.8007']
    [FINAL] plotted_flow:  [9.40 → 1796.54]
    [FINAL] plotted_head:  [77.45 → 32.76]
    [FINAL] plotted_power: [9.7583 → 20.8007]
    [FINAL] plotted_eff:   [1.88 → 71.33]

  ── [LOAD+SCALE] 99272089320010A1P ──
    trim=8.8000, stages=4, rpm=1760.0, filing='Fig1. To 0.03125'
    columns: ['curve_no', 'flow', 'speed', 'power_in', 'power_bowl_motor', 'power_bowl_dyno', 'power_pump_motor', 'power_pump_dyno', 'tdh_bowl', 'tdh_pump', 'eff_bowl_motor', 'eff_bowl_dyno', 'eff_pump_motor', 'eff_pump_dyno', 'eff_overall', 'npsha']
    rows: 10
    flow: 10 pts
      values: ['0.00', '579.43', '795.13', '969.29', '1005.45', '1038.56', '1163.36', '1541.21', '1612.06', '1786.20']
    head ('tdh_bowl'): 10 pts
      values: ['321.95', '288.51', '281.75', '269.13', '265.76', '262.53', '249.09', '193.94', '181.65', '146.48']
    power ('power_bowl_dyno'): all zero/negative — trying fallback
    power FALLBACK ('power_bowl_motor'): 10 pts
      values: ['44.8784', '67.6599', '78.0699', '84.8869', '86.0098', '87.0930', '90.1524', '94.5854', '94.4955', '92.6663']
    efficiency ('eff_bowl_motor'): 10 pts
      values: ['0.00', '62.28', '72.34', '77.47', '78.32', '78.92', '81.03', '79.66', '78.12', '71.17']
    [STAGE NORM] 4-stage → dividing head & power by 4
      head BEFORE: ['321.95', '288.51', '281.75', '269.13', '265.76', '262.53', '249.09', '193.94', '181.65', '146.48']
      head AFTER:  ['80.49', '72.13', '70.44', '67.28', '66.44', '65.63', '62.27', '48.49', '45.41', '36.62']
      power BEFORE: ['44.8784', '67.6599', '78.0699', '84.8869', '86.0098', '87.0930', '90.1524', '94.5854', '94.4955', '92.6663']
      power AFTER:  ['11.2196', '16.9150', '19.5175', '21.2217', '21.5024', '21.7732', '22.5381', '23.6463', '23.6239', '23.1666']
    [AFFINITY]
      test_diameter:     8.8000
      baseline_diameter: 8.6425
      dia_ratio:         8.6425/8.8000 = 0.982102
      test_rpm:          1760.0
      baseline_rpm:      1775.0
      speed_ratio:       1775.0/1760.0 = 1.008523
      scaled_flow:  ['0.00', '573.91', '787.55', '960.05', '995.87', '1028.67', '1152.27', '1526.53', '1596.70', '1769.18']
      scaled_head:  ['78.96', '70.76', '69.10', '66.01', '65.18', '64.39', '61.09', '47.57', '44.55', '35.92']
      scaled_power: ['10.9020', '16.4361', '18.9649', '20.6209', '20.8937', '21.1568', '21.9000', '22.9769', '22.9550', '22.5107']
    [FINAL] plotted_flow:  [0.00 → 1769.18]
    [FINAL] plotted_head:  [78.96 → 35.92]
    [FINAL] plotted_power: [10.9020 → 22.5107]
    [FINAL] plotted_eff:   [0.00 → 71.17]

  ── [LOAD+SCALE] 99272113430010A1P ──
    trim=8.7600, stages=9, rpm=1760.0, filing='Fig1. To 0.03125'
    columns: ['curve_no', 'flow', 'speed', 'power_in', 'power_bowl_motor', 'power_bowl_dyno', 'power_pump_motor', 'power_pump_dyno', 'tdh_bowl', 'tdh_pump', 'eff_bowl_motor', 'eff_bowl_dyno', 'eff_pump_motor', 'eff_pump_dyno', 'eff_overall', 'npsha']
    rows: 10
    flow: 10 pts
      values: ['0.08', '635.06', '834.22', '972.11', '987.48', '1018.69', '1188.31', '1515.19', '1621.95', '1746.94']
    head ('tdh_bowl'): 10 pts
      values: ['719.83', '637.72', '619.32', '595.41', '593.04', '585.19', '545.57', '434.59', '394.52', '342.58']
    power ('power_bowl_dyno'): all zero/negative — trying fallback
    power FALLBACK ('power_bowl_motor'): 10 pts
      values: ['98.7722', '157.6655', '178.5084', '190.1197', '190.7756', '193.5772', '202.8140', '209.8111', '209.0052', '205.8889']
    efficiency ('eff_bowl_motor'): 10 pts
      values: ['0.01', '64.75', '72.96', '76.75', '77.38', '77.63', '80.58', '79.12', '77.18', '73.28']
    [STAGE NORM] 9-stage → dividing head & power by 9
      head BEFORE: ['719.83', '637.72', '619.32', '595.41', '593.04', '585.19', '545.57', '434.59', '394.52', '342.58']
      head AFTER:  ['79.98', '70.86', '68.81', '66.16', '65.89', '65.02', '60.62', '48.29', '43.84', '38.06']
      power BEFORE: ['98.7722', '157.6655', '178.5084', '190.1197', '190.7756', '193.5772', '202.8140', '209.8111', '209.0052', '205.8889']
      power AFTER:  ['10.9747', '17.5184', '19.8343', '21.1244', '21.1973', '21.5086', '22.5349', '23.3123', '23.2228', '22.8765']
    [AFFINITY]
      test_diameter:     8.7600
      baseline_diameter: 8.6425
      dia_ratio:         8.6425/8.7600 = 0.986587
      test_rpm:          1760.0
      baseline_rpm:      1775.0
      speed_ratio:       1775.0/1760.0 = 1.008523
      scaled_flow:  ['0.08', '631.88', '830.05', '967.25', '982.54', '1013.60', '1182.36', '1507.61', '1613.83', '1738.20']
      scaled_head:  ['79.18', '70.15', '68.13', '65.50', '65.24', '64.37', '60.01', '47.81', '43.40', '37.68']
      scaled_power: ['10.8107', '17.2567', '19.5380', '20.8088', '20.8806', '21.1872', '22.1982', '22.9641', '22.8759', '22.5348']
    [FINAL] plotted_flow:  [0.08 → 1738.20]
    [FINAL] plotted_head:  [79.18 → 37.68]
    [FINAL] plotted_power: [10.8107 → 22.5348]
    [FINAL] plotted_eff:   [0.01 → 73.28]

  ── [LOAD+SCALE] 99272118030010A1P ──
    trim=8.6600, stages=5, rpm=1760.0, filing='Fig1. To 0.03125'
    columns: ['curve_no', 'flow', 'speed', 'power_in', 'power_bowl_motor', 'power_bowl_dyno', 'power_pump_motor', 'power_pump_dyno', 'tdh_bowl', 'tdh_pump', 'eff_bowl_motor', 'eff_bowl_dyno', 'eff_pump_motor', 'eff_pump_dyno', 'eff_overall', 'npsha']
    rows: 10
    flow: 10 pts
      values: ['0.23', '595.81', '809.34', '961.14', '999.99', '1029.50', '1202.66', '1512.56', '1605.92', '1695.82']
    head ('tdh_bowl'): 10 pts
      values: ['381.00', '343.49', '331.26', '314.71', '309.32', '305.13', '279.17', '221.78', '201.75', '179.87']
    power ('power_bowl_dyno'): all zero/negative — trying fallback
    power FALLBACK ('power_bowl_motor'): 10 pts
      values: ['50.6816', '80.8336', '91.6525', '97.4283', '98.7032', '99.5875', '103.4180', '105.8533', '105.0474', '103.2788']
    efficiency ('eff_bowl_motor'): 10 pts
      values: ['0.04', '63.82', '73.74', '78.27', '79.00', '79.52', '81.84', '79.89', '77.75', '74.45']
    [STAGE NORM] 5-stage → dividing head & power by 5
      head BEFORE: ['381.00', '343.49', '331.26', '314.71', '309.32', '305.13', '279.17', '221.78', '201.75', '179.87']
      head AFTER:  ['76.20', '68.70', '66.25', '62.94', '61.86', '61.03', '55.83', '44.36', '40.35', '35.97']
      power BEFORE: ['50.6816', '80.8336', '91.6525', '97.4283', '98.7032', '99.5875', '103.4180', '105.8533', '105.0474', '103.2788']
      power AFTER:  ['10.1363', '16.1667', '18.3305', '19.4857', '19.7406', '19.9175', '20.6836', '21.1707', '21.0095', '20.6558']
    [AFFINITY]
      test_diameter:     8.6600
      baseline_diameter: 8.6425
      dia_ratio:         8.6425/8.6600 = 0.997979
      test_rpm:          1760.0
      baseline_rpm:      1775.0
      speed_ratio:       1775.0/1760.0 = 1.008523
      scaled_flow:  ['0.23', '599.67', '814.59', '967.37', '1006.47', '1036.18', '1210.46', '1522.36', '1616.34', '1706.81']
      scaled_head:  ['77.19', '69.59', '67.11', '63.76', '62.67', '61.82', '56.56', '44.93', '40.87', '36.44']
      scaled_power: ['10.3348', '16.4833', '18.6894', '19.8672', '20.1272', '20.3075', '21.0886', '21.5852', '21.4209', '21.0602']
    [FINAL] plotted_flow:  [0.23 → 1706.81]
    [FINAL] plotted_head:  [77.19 → 36.44]
    [FINAL] plotted_power: [10.3348 → 21.0602]
    [FINAL] plotted_eff:   [0.04 → 74.45]

  ── [LOAD+SCALE] 99272113430010B1P ──
    trim=8.7600, stages=9, rpm=1760.0, filing='Fig1. To 0.03125'
    columns: ['curve_no', 'flow', 'speed', 'power_in', 'power_bowl_motor', 'power_bowl_dyno', 'power_pump_motor', 'power_pump_dyno', 'tdh_bowl', 'tdh_pump', 'eff_bowl_motor', 'eff_bowl_dyno', 'eff_pump_motor', 'eff_pump_dyno', 'eff_overall', 'npsha']
    rows: 10
    flow: 10 pts
      values: ['13.78', '635.59', '790.13', '965.85', '1002.69', '1029.53', '1190.97', '1494.77', '1740.34', '1843.91']
    head ('tdh_bowl'): 10 pts
      values: ['726.85', '635.26', '621.85', '592.87', '585.06', '578.58', '537.70', '437.42', '336.78', '282.61']
    power ('power_bowl_dyno'): all zero/negative — trying fallback
    power FALLBACK ('power_bowl_motor'): 10 pts
      values: ['102.9573', '157.1519', '173.5997', '188.6577', '191.1684', '193.3430', '201.8035', '207.1726', '203.3570', '197.4319']
    efficiency ('eff_bowl_motor'): 10 pts
      values: ['2.45', '64.77', '71.35', '76.52', '77.36', '77.66', '79.99', '79.56', '72.66', '66.54']
    [STAGE NORM] 9-stage → dividing head & power by 9
      head BEFORE: ['726.85', '635.26', '621.85', '592.87', '585.06', '578.58', '537.70', '437.42', '336.78', '282.61']
      head AFTER:  ['80.76', '70.58', '69.09', '65.87', '65.01', '64.29', '59.74', '48.60', '37.42', '31.40']
      power BEFORE: ['102.9573', '157.1519', '173.5997', '188.6577', '191.1684', '193.3430', '201.8035', '207.1726', '203.3570', '197.4319']
      power AFTER:  ['11.4397', '17.4613', '19.2889', '20.9620', '21.2409', '21.4826', '22.4226', '23.0192', '22.5952', '21.9369']
    [AFFINITY]
      test_diameter:     8.7600
      baseline_diameter: 8.6425
      dia_ratio:         8.6425/8.7600 = 0.986587
      test_rpm:          1760.0
      baseline_rpm:      1775.0
      speed_ratio:       1775.0/1760.0 = 1.008523
      scaled_flow:  ['13.71', '632.41', '786.18', '961.02', '997.67', '1024.37', '1185.00', '1487.29', '1731.63', '1834.69']
      scaled_head:  ['79.95', '69.88', '68.40', '65.22', '64.36', '63.64', '59.15', '48.12', '37.05', '31.09']
      scaled_power: ['11.2688', '17.2005', '19.0007', '20.6488', '20.9236', '21.1616', '22.0876', '22.6753', '22.2577', '21.6091']
    [FINAL] plotted_flow:  [13.71 → 1834.69]
    [FINAL] plotted_head:  [79.95 → 31.09]
    [FINAL] plotted_power: [11.2688 → 21.6091]
    [FINAL] plotted_eff:   [2.45 → 66.54]

  ── [LOAD+SCALE] 99272125290010A1P ──
    trim=8.6600, stages=4, rpm=1760.0, filing='Fig1. To 0.03125'
    columns: ['curve_no', 'flow', 'speed', 'power_in', 'power_bowl_motor', 'power_bowl_dyno', 'power_pump_motor', 'power_pump_dyno', 'tdh_bowl', 'tdh_pump', 'eff_bowl_motor', 'eff_bowl_dyno', 'eff_pump_motor', 'eff_pump_dyno', 'eff_overall', 'npsha']
    rows: 10
    flow: 10 pts
      values: ['4.46', '598.61', '805.98', '975.23', '998.33', '1027.88', '1198.23', '1498.24', '1598.71', '1698.43']
    head ('tdh_bowl'): 10 pts
      values: ['307.17', '272.42', '262.65', '247.83', '245.68', '242.50', '222.24', '176.13', '156.95', '135.89']
    power ('power_bowl_dyno'): all zero/negative — trying fallback
    power FALLBACK ('power_bowl_motor'): 10 pts
      values: ['38.7823', '62.7862', '71.5450', '77.1429', '77.7409', '78.6054', '81.5104', '83.1162', '82.2749', '80.7833']
    efficiency ('eff_bowl_motor'): 10 pts
      values: ['0.89', '65.47', '74.59', '78.98', '79.53', '79.94', '82.36', '80.03', '76.88', '72.02']
    [STAGE NORM] 4-stage → dividing head & power by 4
      head BEFORE: ['307.17', '272.42', '262.65', '247.83', '245.68', '242.50', '222.24', '176.13', '156.95', '135.89']
      head AFTER:  ['76.79', '68.10', '65.66', '61.96', '61.42', '60.62', '55.56', '44.03', '39.24', '33.97']
      power BEFORE: ['38.7823', '62.7862', '71.5450', '77.1429', '77.7409', '78.6054', '81.5104', '83.1162', '82.2749', '80.7833']
      power AFTER:  ['9.6956', '15.6965', '17.8863', '19.2857', '19.4352', '19.6514', '20.3776', '20.7790', '20.5687', '20.1958']
    [AFFINITY]
      test_diameter:     8.6600
      baseline_diameter: 8.6425
      dia_ratio:         8.6425/8.6600 = 0.997979
      test_rpm:          1760.0
      baseline_rpm:      1775.0
      speed_ratio:       1775.0/1760.0 = 1.008523
      scaled_flow:  ['4.49', '602.50', '811.20', '981.55', '1004.80', '1034.55', '1206.00', '1507.95', '1609.07', '1709.45']
      scaled_head:  ['77.79', '68.99', '66.52', '62.76', '62.22', '61.41', '56.28', '44.60', '39.75', '34.41']
      scaled_power: ['9.8854', '16.0039', '18.2365', '19.6634', '19.8158', '20.0361', '20.7766', '21.1859', '20.9715', '20.5913']
    [FINAL] plotted_flow:  [4.49 → 1709.45]
    [FINAL] plotted_head:  [77.79 → 34.41]
    [FINAL] plotted_power: [9.8854 → 20.5913]
    [FINAL] plotted_eff:   [0.89 → 72.02]

  ── [LOAD+SCALE] 99272133080010A1P ──
    trim=8.6200, stages=4, rpm=1760.0, filing='Fig1. To 0.03125'
    columns: ['curve_no', 'flow', 'speed', 'power_in', 'power_bowl_motor', 'power_bowl_dyno', 'power_pump_motor', 'power_pump_dyno', 'tdh_bowl', 'tdh_pump', 'eff_bowl_motor', 'eff_bowl_dyno', 'eff_pump_motor', 'eff_pump_dyno', 'eff_overall', 'npsha']
    rows: 10
    flow: 10 pts
      values: ['3.92', '587.94', '799.94', '956.41', '1002.00', '1026.55', '1196.36', '1514.73', '1590.83', '1702.00']
    head ('tdh_bowl'): 10 pts
      values: ['306.18', '275.95', '267.53', '254.19', '249.93', '246.87', '227.78', '178.22', '164.23', '142.11']
    power ('power_bowl_dyno'): all zero/negative — trying fallback
    power FALLBACK ('power_bowl_motor'): 10 pts
      values: ['39.9331', '63.7420', '72.4748', '77.8354', '79.1653', '79.7696', '83.1292', '84.9913', '84.3914', '82.6266']
    efficiency ('eff_bowl_motor'): 10 pts
      values: ['0.76', '64.16', '74.44', '78.74', '79.74', '80.09', '82.64', '80.07', '78.04', '73.79']
    [STAGE NORM] 4-stage → dividing head & power by 4
      head BEFORE: ['306.18', '275.95', '267.53', '254.19', '249.93', '246.87', '227.78', '178.22', '164.23', '142.11']
      head AFTER:  ['76.54', '68.99', '66.88', '63.55', '62.48', '61.72', '56.94', '44.55', '41.06', '35.53']
      power BEFORE: ['39.9331', '63.7420', '72.4748', '77.8354', '79.1653', '79.7696', '83.1292', '84.9913', '84.3914', '82.6266']
      power AFTER:  ['9.9833', '15.9355', '18.1187', '19.4588', '19.7913', '19.9424', '20.7823', '21.2478', '21.0979', '20.6567']
    [AFFINITY]
      test_diameter:     8.6200
      baseline_diameter: 8.6425
      dia_ratio:         8.6425/8.6200 = 1.002610
      test_rpm:          1760.0
      baseline_rpm:      1775.0
      speed_ratio:       1775.0/1760.0 = 1.008523
      scaled_flow:  ['3.96', '594.50', '808.86', '967.08', '1013.18', '1038.00', '1209.71', '1531.63', '1608.58', '1720.99']
      scaled_head:  ['78.26', '70.53', '68.38', '64.97', '63.88', '63.10', '58.22', '45.55', '41.98', '36.32']
      scaled_power: ['10.3211', '16.4748', '18.7318', '20.1173', '20.4611', '20.6173', '21.4856', '21.9669', '21.8118', '21.3557']
    [FINAL] plotted_flow:  [3.96 → 1720.99]
    [FINAL] plotted_head:  [78.26 → 36.32]
    [FINAL] plotted_power: [10.3211 → 21.3557]
    [FINAL] plotted_eff:   [0.76 → 73.79]

  ── [LOAD+SCALE] 99272126520010A1P ──
    trim=8.6600, stages=4, rpm=1760.0, filing='Fig1. To 0.03125'
    columns: ['curve_no', 'flow', 'speed', 'power_in', 'power_bowl_motor', 'power_bowl_dyno', 'power_pump_motor', 'power_pump_dyno', 'tdh_bowl', 'tdh_pump', 'eff_bowl_motor', 'eff_bowl_dyno', 'eff_pump_motor', 'eff_pump_dyno', 'eff_overall', 'npsha']
    rows: 12
    flow: 12 pts
      values: ['16.63', '581.90', '793.53', '949.48', '954.13', '1007.91', '1043.02', '1211.55', '1507.97', '1607.71', '1698.60', '1803.17']
    head ('tdh_bowl'): 12 pts
      values: ['311.82', '273.24', '264.81', '252.58', '252.33', '247.29', '243.81', '223.37', '177.51', '157.83', '139.40', '115.29']
    power ('power_bowl_dyno'): all zero/negative — trying fallback
    power FALLBACK ('power_bowl_motor'): 12 pts
      values: ['40.4668', '61.7743', '71.4787', '77.0899', '77.1338', '78.6836', '79.6316', '82.8858', '84.3158', '83.0702', '81.8404', '79.5202']
    efficiency ('eff_bowl_motor'): 12 pts
      values: ['3.23', '64.88', '74.11', '78.42', '78.68', '79.85', '80.50', '82.31', '80.03', '77.00', '72.93', '65.90']
    [STAGE NORM] 4-stage → dividing head & power by 4
      head BEFORE: ['311.82', '273.24', '264.81', '252.58', '252.33', '247.29', '243.81', '223.37', '177.51', '157.83', '139.40', '115.29']
      head AFTER:  ['77.95', '68.31', '66.20', '63.14', '63.08', '61.82', '60.95', '55.84', '44.38', '39.46', '34.85', '28.82']
      power BEFORE: ['40.4668', '61.7743', '71.4787', '77.0899', '77.1338', '78.6836', '79.6316', '82.8858', '84.3158', '83.0702', '81.8404', '79.5202']
      power AFTER:  ['10.1167', '15.4436', '17.8697', '19.2725', '19.2835', '19.6709', '19.9079', '20.7214', '21.0790', '20.7675', '20.4601', '19.8801']
    [AFFINITY]
      test_diameter:     8.6600
      baseline_diameter: 8.6425
      dia_ratio:         8.6425/8.6600 = 0.997979
      test_rpm:          1760.0
      baseline_rpm:      1775.0
      speed_ratio:       1775.0/1760.0 = 1.008523
      scaled_flow:  ['16.73', '585.67', '798.67', '955.64', '960.31', '1014.44', '1049.79', '1219.40', '1517.74', '1618.14', '1709.62', '1814.87']
      scaled_head:  ['78.97', '69.20', '67.06', '63.97', '63.90', '62.63', '61.75', '56.57', '44.96', '39.97', '35.30', '29.20']
      scaled_power: ['10.3148', '15.7460', '18.2196', '19.6498', '19.6610', '20.0561', '20.2977', '21.1272', '21.4917', '21.1742', '20.8607', '20.2693']
    [FINAL] plotted_flow:  [16.73 → 1814.87]
    [FINAL] plotted_head:  [78.97 → 29.20]
    [FINAL] plotted_power: [10.3148 → 20.2693]
    [FINAL] plotted_eff:   [3.23 → 65.90]

  ── [LOAD+SCALE] 99272149470010A1P ──
    trim=8.5800, stages=6, rpm=1760.0, filing='Fig1. To 0.03125'
    columns: ['curve_no', 'flow', 'speed', 'power_in', 'power_bowl_motor', 'power_bowl_dyno', 'power_pump_motor', 'power_pump_dyno', 'tdh_bowl', 'tdh_pump', 'eff_bowl_motor', 'eff_bowl_dyno', 'eff_pump_motor', 'eff_pump_dyno', 'eff_overall', 'npsha']
    rows: 10
    flow: 10 pts
      values: ['4.52', '629.48', '800.12', '973.63', '1002.70', '1024.69', '1205.14', '1515.26', '1592.43', '1643.14']
    head ('tdh_bowl'): 10 pts
      values: ['449.82', '406.40', '393.54', '371.14', '366.57', '362.67', '330.69', '260.53', '239.71', '224.49']
    power ('power_bowl_dyno'): all zero/negative — trying fallback
    power FALLBACK ('power_bowl_motor'): 10 pts
      values: ['58.3638', '96.7328', '106.2046', '113.9292', '114.7885', '115.5909', '119.6680', '122.2573', '121.1300', '119.8295']
    efficiency ('eff_bowl_motor'): 10 pts
      values: ['0.88', '66.67', '74.74', '79.96', '80.72', '81.05', '83.95', '81.40', '79.44', '77.60']
    [STAGE NORM] 6-stage → dividing head & power by 6
      head BEFORE: ['449.82', '406.40', '393.54', '371.14', '366.57', '362.67', '330.69', '260.53', '239.71', '224.49']
      head AFTER:  ['74.97', '67.73', '65.59', '61.86', '61.09', '60.45', '55.11', '43.42', '39.95', '37.42']
      power BEFORE: ['58.3638', '96.7328', '106.2046', '113.9292', '114.7885', '115.5909', '119.6680', '122.2573', '121.1300', '119.8295']
      power AFTER:  ['9.7273', '16.1221', '17.7008', '18.9882', '19.1314', '19.2651', '19.9447', '20.3762', '20.1883', '19.9716']
    [AFFINITY]
      test_diameter:     8.5800
      baseline_diameter: 8.6425
      dia_ratio:         8.6425/8.5800 = 1.007284
      test_rpm:          1760.0
      baseline_rpm:      1775.0
      speed_ratio:       1775.0/1760.0 = 1.008523
      scaled_flow:  ['4.60', '639.47', '812.82', '989.08', '1018.61', '1040.95', '1224.26', '1539.31', '1617.70', '1669.22']
      scaled_head:  ['77.37', '69.90', '67.69', '63.84', '63.05', '62.38', '56.88', '44.81', '41.23', '38.61']
      scaled_power: ['10.1978', '16.9019', '18.5569', '19.9066', '20.0567', '20.1969', '20.9093', '21.3618', '21.1648', '20.9376']
    [FINAL] plotted_flow:  [4.60 → 1669.22]
    [FINAL] plotted_head:  [77.37 → 38.61]
    [FINAL] plotted_power: [10.1978 → 20.9376]
    [FINAL] plotted_eff:   [0.88 → 77.60]

  ── [LOAD+SCALE] 99272160560010A1P ──
    trim=8.6900, stages=1, rpm=1785.0, filing='Fig1. To 0.03125'
    columns: ['curve_no', 'flow', 'speed', 'power_in', 'power_bowl_motor', 'power_bowl_dyno', 'power_pump_motor', 'power_pump_dyno', 'tdh_bowl', 'tdh_pump', 'eff_bowl_motor', 'eff_bowl_dyno', 'eff_pump_motor', 'eff_pump_dyno', 'eff_overall', 'npsha']
    rows: 9
    flow: 9 pts
      values: ['0.00', '478.15', '940.07', '1146.39', '1188.02', '1221.43', '1420.06', '1594.33', '1719.98']
    head ('tdh_bowl'): 9 pts
      values: ['81.57', '73.26', '67.51', '63.12', '61.72', '60.61', '53.05', '45.05', '38.22']
    power ('power_bowl_dyno'): all zero/negative — trying fallback
    power FALLBACK ('power_bowl_motor'): 9 pts
      values: ['11.7174', '16.2184', '21.9906', '23.7953', '24.1388', '24.3682', '25.1595', '25.3140', '24.8878']
    efficiency ('eff_bowl_motor'): 9 pts
      values: ['0.00', '54.52', '72.85', '76.76', '76.69', '76.69', '75.59', '71.63', '66.69']
    [STAGE NORM] single-stage — no division
    [AFFINITY]
      test_diameter:     8.6900
      baseline_diameter: 8.6425
      dia_ratio:         8.6425/8.6900 = 0.994534
      test_rpm:          1785.0
      baseline_rpm:      1775.0
      speed_ratio:       1775.0/1785.0 = 0.994398
      scaled_flow:  ['0.00', '472.87', '929.69', '1133.74', '1174.90', '1207.95', '1404.39', '1576.73', '1700.99']
      scaled_head:  ['79.78', '71.65', '66.03', '61.73', '60.37', '59.28', '51.89', '44.06', '37.38']
      scaled_power: ['11.3336', '15.6872', '21.2704', '23.0160', '23.3483', '23.5701', '24.3356', '24.4850', '24.0728']
    [FINAL] plotted_flow:  [0.00 → 1700.99]
    [FINAL] plotted_head:  [79.78 → 37.38]
    [FINAL] plotted_power: [11.3336 → 24.0728]
    [FINAL] plotted_eff:   [0.00 → 66.69]

  ── [LOAD+SCALE] 99272162430010A1P ──
    trim=8.6600, stages=4, rpm=1760.0, filing='Fig1. To 0.03125'
    columns: ['curve_no', 'flow', 'speed', 'power_in', 'power_bowl_motor', 'power_bowl_dyno', 'power_pump_motor', 'power_pump_dyno', 'tdh_bowl', 'tdh_pump', 'eff_bowl_motor', 'eff_bowl_dyno', 'eff_pump_motor', 'eff_pump_dyno', 'eff_overall', 'npsha']
    rows: 11
    flow: 11 pts
      values: ['0.00', '596.62', '808.13', '968.60', '998.96', '1035.50', '1187.98', '1372.35', '1503.87', '1625.23', '1711.26']
    head ('tdh_bowl'): 11 pts
      values: ['298.92', '274.13', '267.30', '255.46', '252.62', '249.36', '234.02', '208.21', '187.38', '166.19', '148.02']
    power ('power_bowl_dyno'): all zero/negative — trying fallback
    power FALLBACK ('power_bowl_motor'): 11 pts
      values: ['36.4124', '62.2584', '71.7570', '77.3343', '78.1850', '79.0921', '82.3536', '84.8360', '85.4884', '84.7743', '82.9958']
    efficiency ('eff_bowl_motor'): 11 pts
      values: ['0.00', '66.22', '75.89', '80.66', '81.37', '82.30', '85.10', '84.91', '83.10', '80.32', '76.94']
    [STAGE NORM] 4-stage → dividing head & power by 4
      head BEFORE: ['298.92', '274.13', '267.30', '255.46', '252.62', '249.36', '234.02', '208.21', '187.38', '166.19', '148.02']
      head AFTER:  ['74.73', '68.53', '66.82', '63.86', '63.15', '62.34', '58.51', '52.05', '46.85', '41.55', '37.00']
      power BEFORE: ['36.4124', '62.2584', '71.7570', '77.3343', '78.1850', '79.0921', '82.3536', '84.8360', '85.4884', '84.7743', '82.9958']
      power AFTER:  ['9.1031', '15.5646', '17.9393', '19.3336', '19.5463', '19.7730', '20.5884', '21.2090', '21.3721', '21.1936', '20.7490']
    [AFFINITY]
      test_diameter:     8.6600
      baseline_diameter: 8.6425
      dia_ratio:         8.6425/8.6600 = 0.997979
      test_rpm:          1760.0
      baseline_rpm:      1775.0
      speed_ratio:       1775.0/1760.0 = 1.008523
      scaled_flow:  ['0.00', '600.49', '813.37', '974.88', '1005.44', '1042.21', '1195.69', '1381.25', '1513.62', '1635.77', '1722.36']
      scaled_head:  ['75.70', '69.42', '67.69', '64.70', '63.98', '63.15', '59.27', '52.73', '47.45', '42.09', '37.49']
      scaled_power: ['9.2813', '15.8694', '18.2905', '19.7121', '19.9290', '20.1602', '20.9915', '21.6243', '21.7906', '21.6086', '21.1552']
    [FINAL] plotted_flow:  [0.00 → 1722.36]
    [FINAL] plotted_head:  [75.70 → 37.49]
    [FINAL] plotted_power: [9.2813 → 21.1552]
    [FINAL] plotted_eff:   [0.00 → 76.94]

  ── [LOAD+SCALE] 99272178420010A1P ──
    trim=8.6000, stages=6, rpm=1760.0, filing='Fig1. To 0.03125'
    columns: ['curve_no', 'flow', 'speed', 'power_in', 'power_bowl_motor', 'power_bowl_dyno', 'power_pump_motor', 'power_pump_dyno', 'tdh_bowl', 'tdh_pump', 'eff_bowl_motor', 'eff_bowl_dyno', 'eff_pump_motor', 'eff_pump_dyno', 'eff_overall', 'npsha']
    rows: 11
    flow: 11 pts
      values: ['0.00', '599.66', '798.40', '978.98', '1005.23', '1037.37', '1198.17', '1404.36', '1497.22', '1610.24', '1673.82']
    head ('tdh_bowl'): 11 pts
      values: ['459.05', '407.33', '394.57', '373.15', '369.40', '363.98', '333.29', '290.97', '268.17', '234.12', '213.34']
    power ('power_bowl_dyno'): all zero/negative — trying fallback
    power FALLBACK ('power_bowl_motor'): 11 pts
      values: ['58.6339', '93.1034', '105.6171', '114.1860', '115.2648', '116.4653', '120.3547', '122.8394', '122.7126', '120.7199', '119.0654']
    efficiency ('eff_bowl_motor'): 11 pts
      values: ['0.00', '66.14', '75.19', '80.65', '81.21', '81.73', '83.64', '83.86', '82.48', '78.72', '75.61']
    [STAGE NORM] 6-stage → dividing head & power by 6
      head BEFORE: ['459.05', '407.33', '394.57', '373.15', '369.40', '363.98', '333.29', '290.97', '268.17', '234.12', '213.34']
      head AFTER:  ['76.51', '67.89', '65.76', '62.19', '61.57', '60.66', '55.55', '48.49', '44.70', '39.02', '35.56']
      power BEFORE: ['58.6339', '93.1034', '105.6171', '114.1860', '115.2648', '116.4653', '120.3547', '122.8394', '122.7126', '120.7199', '119.0654']
      power AFTER:  ['9.7723', '15.5172', '17.6028', '19.0310', '19.2108', '19.4109', '20.0591', '20.4732', '20.4521', '20.1200', '19.8442']
    [AFFINITY]
      test_diameter:     8.6000
      baseline_diameter: 8.6425
      dia_ratio:         8.6425/8.6000 = 1.004942
      test_rpm:          1760.0
      baseline_rpm:      1775.0
      speed_ratio:       1775.0/1760.0 = 1.008523
      scaled_flow:  ['0.00', '607.76', '809.18', '992.20', '1018.81', '1051.38', '1214.35', '1423.33', '1517.44', '1631.99', '1696.43']
      scaled_head:  ['78.59', '69.73', '67.55', '63.88', '63.24', '62.31', '57.06', '49.81', '45.91', '40.08', '36.52']
      scaled_power: ['10.1737', '16.1545', '18.3258', '19.8126', '19.9998', '20.2081', '20.8829', '21.3141', '21.2921', '20.9463', '20.6592']
    [FINAL] plotted_flow:  [0.00 → 1696.43]
    [FINAL] plotted_head:  [78.59 → 36.52]
    [FINAL] plotted_power: [10.1737 → 20.6592]
    [FINAL] plotted_eff:   [0.00 → 75.61]

  ── [LOAD+SCALE] 99272196350010A1P ──
    trim=8.6200, stages=2, rpm=1760.0, filing='Fig1. To 0.03125'
    columns: ['curve_no', 'flow', 'speed', 'power_in', 'power_bowl_motor', 'power_bowl_dyno', 'power_pump_motor', 'power_pump_dyno', 'tdh_bowl', 'tdh_pump', 'eff_bowl_motor', 'eff_bowl_dyno', 'eff_pump_motor', 'eff_pump_dyno', 'eff_overall', 'npsha']
    rows: 11
    flow: 11 pts
      values: ['0.00', '590.04', '810.07', '967.78', '986.93', '1011.39', '1165.17', '1418.38', '1521.78', '1582.54', '1723.66']
    head ('tdh_bowl'): 11 pts
      values: ['154.79', '136.58', '131.85', '124.98', '124.45', '122.84', '114.45', '95.43', '85.86', '79.11', '63.71']
    power ('power_bowl_dyno'): all zero/negative — trying fallback
    power FALLBACK ('power_bowl_motor'): 11 pts
      values: ['18.9185', '30.4653', '35.7177', '38.5300', '38.7587', '39.1487', '40.9547', '42.0718', '41.9767', '41.5160', '40.4806']
    efficiency ('eff_bowl_motor'): 11 pts
      values: ['0.00', '66.68', '75.38', '79.14', '79.88', '80.00', '82.08', '81.10', '78.46', '76.02', '68.38']
    [STAGE NORM] 2-stage → dividing head & power by 2
      head BEFORE: ['154.79', '136.58', '131.85', '124.98', '124.45', '122.84', '114.45', '95.43', '85.86', '79.11', '63.71']
      head AFTER:  ['77.40', '68.29', '65.93', '62.49', '62.22', '61.42', '57.22', '47.71', '42.93', '39.56', '31.85']
      power BEFORE: ['18.9185', '30.4653', '35.7177', '38.5300', '38.7587', '39.1487', '40.9547', '42.0718', '41.9767', '41.5160', '40.4806']
      power AFTER:  ['9.4592', '15.2326', '17.8589', '19.2650', '19.3793', '19.5744', '20.4773', '21.0359', '20.9884', '20.7580', '20.2403']
    [AFFINITY]
      test_diameter:     8.6200
      baseline_diameter: 8.6425
      dia_ratio:         8.6425/8.6200 = 1.002610
      test_rpm:          1760.0
      baseline_rpm:      1775.0
      speed_ratio:       1775.0/1760.0 = 1.008523
      scaled_flow:  ['0.00', '596.63', '819.11', '978.58', '997.94', '1022.67', '1178.17', '1434.20', '1538.75', '1600.20', '1742.89']
      scaled_head:  ['79.13', '69.82', '67.40', '63.89', '63.62', '62.80', '58.51', '48.78', '43.89', '40.44', '32.57']
      scaled_power: ['9.7793', '15.7481', '18.4632', '19.9169', '20.0352', '20.2368', '21.1703', '21.7478', '21.6986', '21.4605', '20.9252']
    [FINAL] plotted_flow:  [0.00 → 1742.89]
    [FINAL] plotted_head:  [79.13 → 32.57]
    [FINAL] plotted_power: [9.7793 → 20.9252]
    [FINAL] plotted_eff:   [0.00 → 68.38]

  ── [LOAD+SCALE] 99272201090010A1P ──
    trim=8.7000, stages=5, rpm=1760.0, filing='Fig1. To 0.03125'
    columns: ['curve_no', 'flow', 'speed', 'power_in', 'power_bowl_motor', 'power_bowl_dyno', 'power_pump_motor', 'power_pump_dyno', 'tdh_bowl', 'tdh_pump', 'eff_bowl_motor', 'eff_bowl_dyno', 'eff_pump_motor', 'eff_pump_dyno', 'eff_overall', 'npsha']
    rows: 12
    flow: 12 pts
      values: ['0.00', '604.47', '824.73', '952.11', '978.22', '995.90', '1045.11', '1208.12', '1514.36', '1610.92', '1713.08', '1803.31']
    head ('tdh_bowl'): 12 pts
      values: ['397.33', '345.02', '333.34', '319.93', '316.80', '314.80', '308.76', '284.32', '222.56', '198.09', '170.63', '144.94']
    power ('power_bowl_dyno'): all zero/negative — trying fallback
    power FALLBACK ('power_bowl_motor'): 12 pts
      values: ['52.9433', '80.0779', '92.5543', '98.4168', '99.3266', '99.9797', '101.6581', '105.6709', '107.1190', '105.8292', '104.2406', '101.8056']
    efficiency ('eff_bowl_motor'): 12 pts
      values: ['0.00', '65.65', '74.88', '78.02', '78.65', '79.05', '80.02', '81.94', '79.32', '76.01', '70.69', '64.72']
    [STAGE NORM] 5-stage → dividing head & power by 5
      head BEFORE: ['397.33', '345.02', '333.34', '319.93', '316.80', '314.80', '308.76', '284.32', '222.56', '198.09', '170.63', '144.94']
      head AFTER:  ['79.47', '69.00', '66.67', '63.99', '63.36', '62.96', '61.75', '56.86', '44.51', '39.62', '34.13', '28.99']
      power BEFORE: ['52.9433', '80.0779', '92.5543', '98.4168', '99.3266', '99.9797', '101.6581', '105.6709', '107.1190', '105.8292', '104.2406', '101.8056']
      power AFTER:  ['10.5887', '16.0156', '18.5109', '19.6834', '19.8653', '19.9959', '20.3316', '21.1342', '21.4238', '21.1658', '20.8481', '20.3611']
    [AFFINITY]
      test_diameter:     8.7000
      baseline_diameter: 8.6425
      dia_ratio:         8.6425/8.7000 = 0.993391
      test_rpm:          1760.0
      baseline_rpm:      1775.0
      speed_ratio:       1775.0/1760.0 = 1.008523
      scaled_flow:  ['0.00', '605.59', '826.26', '953.88', '980.03', '997.75', '1047.06', '1210.37', '1517.17', '1613.91', '1716.26', '1806.66']
      scaled_head:  ['79.76', '69.26', '66.92', '64.22', '63.60', '63.19', '61.98', '57.07', '44.68', '39.76', '34.25', '29.10']
      scaled_power: ['10.6478', '16.1050', '18.6142', '19.7932', '19.9762', '20.1076', '20.4451', '21.2522', '21.5434', '21.2840', '20.9645', '20.4748']
    [FINAL] plotted_flow:  [0.00 → 1806.66]
    [FINAL] plotted_head:  [79.76 → 29.10]
    [FINAL] plotted_power: [10.6478 → 20.4748]
    [FINAL] plotted_eff:   [0.00 → 64.72]

  ── [LOAD+SCALE] 99272165710010A1P ──
    trim=8.7600, stages=10, rpm=1760.0, filing='Fig1. To 0.03125'
    columns: ['curve_no', 'flow', 'speed', 'power_in', 'power_bowl_motor', 'power_bowl_dyno', 'power_pump_motor', 'power_pump_dyno', 'tdh_bowl', 'tdh_pump', 'eff_bowl_motor', 'eff_bowl_dyno', 'eff_pump_motor', 'eff_pump_dyno', 'eff_overall', 'npsha']
    rows: 11
    flow: 11 pts
      values: ['0.00', '608.61', '791.76', '974.47', '997.83', '1036.79', '1228.71', '1395.48', '1503.58', '1615.19', '1718.67']
    head ('tdh_bowl'): 11 pts
      values: ['785.23', '692.68', '674.40', '639.00', '633.20', '622.95', '565.34', '501.53', '451.57', '398.29', '341.89']
    power ('power_bowl_dyno'): all zero/negative — trying fallback
    power FALLBACK ('power_bowl_motor'): 11 pts
      values: ['103.7480', '166.1014', '188.6529', '205.6805', '207.6690', '210.5618', '219.7747', '222.5564', '221.0647', '218.3417', '213.9146']
    efficiency ('eff_bowl_motor'): 11 pts
      values: ['0.00', '63.98', '71.35', '76.32', '76.70', '77.32', '79.68', '79.27', '77.43', '74.27', '69.25']
    [STAGE NORM] 10-stage → dividing head & power by 10
      head BEFORE: ['785.23', '692.68', '674.40', '639.00', '633.20', '622.95', '565.34', '501.53', '451.57', '398.29', '341.89']
      head AFTER:  ['78.52', '69.27', '67.44', '63.90', '63.32', '62.29', '56.53', '50.15', '45.16', '39.83', '34.19']
      power BEFORE: ['103.7480', '166.1014', '188.6529', '205.6805', '207.6690', '210.5618', '219.7747', '222.5564', '221.0647', '218.3417', '213.9146']
      power AFTER:  ['10.3748', '16.6101', '18.8653', '20.5681', '20.7669', '21.0562', '21.9775', '22.2556', '22.1065', '21.8342', '21.3915']
    [AFFINITY]
      test_diameter:     8.7600
      baseline_diameter: 8.6425
      dia_ratio:         8.6425/8.7600 = 0.986587
      test_rpm:          1760.0
      baseline_rpm:      1775.0
      speed_ratio:       1775.0/1760.0 = 1.008523
      scaled_flow:  ['0.00', '605.56', '787.80', '969.60', '992.83', '1031.60', '1222.56', '1388.49', '1496.06', '1607.10', '1710.07']
      scaled_head:  ['77.74', '68.58', '66.77', '63.26', '62.69', '61.67', '55.97', '49.65', '44.71', '39.43', '33.85']
      scaled_power: ['10.2198', '16.3620', '18.5835', '20.2608', '20.4567', '20.7416', '21.6491', '21.9232', '21.7762', '21.5080', '21.0719']
    [FINAL] plotted_flow:  [0.00 → 1710.07]
    [FINAL] plotted_head:  [77.74 → 33.85]
    [FINAL] plotted_power: [10.2198 → 21.0719]
    [FINAL] plotted_eff:   [0.00 → 69.25]

  ── [LOAD+SCALE] 99272212100010A1P ──
    trim=8.6600, stages=4, rpm=1760.0, filing='Fig1. To 0.03125'
    columns: ['curve_no', 'flow', 'speed', 'power_in', 'power_bowl_motor', 'power_bowl_dyno', 'power_pump_motor', 'power_pump_dyno', 'tdh_bowl', 'tdh_pump', 'eff_bowl_motor', 'eff_bowl_dyno', 'eff_pump_motor', 'eff_pump_dyno', 'eff_overall', 'npsha']
    rows: 12
    flow: 12 pts
      values: ['0.00', '401.10', '609.01', '799.50', '975.43', '1000.31', '1020.69', '1174.58', '1351.53', '1515.76', '1621.12', '1713.18']
    head ('tdh_bowl'): 12 pts
      values: ['307.90', '279.10', '271.03', '262.56', '247.11', '244.95', '242.92', '224.12', '194.32', '163.98', '142.20', '119.99']
    power ('power_bowl_dyno'): all zero/negative — trying fallback
    power FALLBACK ('power_bowl_motor'): 12 pts
      values: ['38.8116', '52.7536', '62.4929', '70.6872', '76.6078', '77.2771', '77.8759', '80.8282', '82.4160', '81.9232', '80.4317', '78.6479']
    efficiency ('eff_bowl_motor'): 12 pts
      values: ['0.00', '53.49', '66.58', '74.86', '79.32', '79.93', '80.26', '82.10', '80.33', '76.49', '72.25', '65.89']
    [STAGE NORM] 4-stage → dividing head & power by 4
      head BEFORE: ['307.90', '279.10', '271.03', '262.56', '247.11', '244.95', '242.92', '224.12', '194.32', '163.98', '142.20', '119.99']
      head AFTER:  ['76.98', '69.77', '67.76', '65.64', '61.78', '61.24', '60.73', '56.03', '48.58', '41.00', '35.55', '30.00']
      power BEFORE: ['38.8116', '52.7536', '62.4929', '70.6872', '76.6078', '77.2771', '77.8759', '80.8282', '82.4160', '81.9232', '80.4317', '78.6479']
      power AFTER:  ['9.7029', '13.1884', '15.6232', '17.6718', '19.1520', '19.3193', '19.4690', '20.2070', '20.6040', '20.4808', '20.1079', '19.6620']
    [AFFINITY]
      test_diameter:     8.6600
      baseline_diameter: 8.6425
      dia_ratio:         8.6425/8.6600 = 0.997979
      test_rpm:          1760.0
      baseline_rpm:      1775.0
      speed_ratio:       1775.0/1760.0 = 1.008523
      scaled_flow:  ['0.00', '403.70', '612.96', '804.69', '981.76', '1006.80', '1027.31', '1182.20', '1360.30', '1525.59', '1631.64', '1724.29']
      scaled_head:  ['77.98', '70.68', '68.64', '66.49', '62.58', '62.03', '61.52', '56.76', '49.21', '41.53', '36.01', '30.39']
      scaled_power: ['9.8929', '13.4466', '15.9291', '18.0178', '19.5270', '19.6976', '19.8502', '20.6027', '21.0074', '20.8818', '20.5017', '20.0470']
    [FINAL] plotted_flow:  [0.00 → 1724.29]
    [FINAL] plotted_head:  [77.98 → 30.39]
    [FINAL] plotted_power: [9.8929 → 20.0470]
    [FINAL] plotted_eff:   [0.00 → 65.89]

  ── [LOAD+SCALE] 99272198520010A1P ──
    trim=8.6600, stages=4, rpm=1760.0, filing='Fig1. To 0.03125'
    columns: ['curve_no', 'flow', 'speed', 'power_in', 'power_bowl_motor', 'power_bowl_dyno', 'power_pump_motor', 'power_pump_dyno', 'tdh_bowl', 'tdh_pump', 'eff_bowl_motor', 'eff_bowl_dyno', 'eff_pump_motor', 'eff_pump_dyno', 'eff_overall', 'npsha']
    rows: 13
    flow: 13 pts
      values: ['0.00', '375.94', '595.53', '798.21', '968.77', '1004.36', '1044.02', '1190.61', '1375.83', '1504.30', '1618.10', '1695.03', '1765.47']
    head ('tdh_bowl'): 13 pts
      values: ['313.52', '282.79', '271.64', '262.23', '246.21', '242.06', '237.06', '216.36', '183.39', '158.93', '135.12', '114.53', '95.96']
    power ('power_bowl_dyno'): all zero/negative — trying fallback
    power FALLBACK ('power_bowl_motor'): 13 pts
      values: ['40.3005', '52.7535', '62.7576', '71.9592', '77.9902', '79.0004', '80.0284', '82.8688', '84.2163', '84.2259', '82.7448', '81.4388', '79.9448']
    efficiency ('eff_bowl_motor'): 13 pts
      values: ['0.00', '50.80', '64.98', '73.33', '77.10', '77.58', '77.96', '78.36', '75.52', '71.56', '66.61', '60.09', '53.42']
    [STAGE NORM] 4-stage → dividing head & power by 4
      head BEFORE: ['313.52', '282.79', '271.64', '262.23', '246.21', '242.06', '237.06', '216.36', '183.39', '158.93', '135.12', '114.53', '95.96']
      head AFTER:  ['78.38', '70.70', '67.91', '65.56', '61.55', '60.51', '59.27', '54.09', '45.85', '39.73', '33.78', '28.63', '23.99']
      power BEFORE: ['40.3005', '52.7535', '62.7576', '71.9592', '77.9902', '79.0004', '80.0284', '82.8688', '84.2163', '84.2259', '82.7448', '81.4388', '79.9448']
      power AFTER:  ['10.0751', '13.1884', '15.6894', '17.9898', '19.4976', '19.7501', '20.0071', '20.7172', '21.0541', '21.0565', '20.6862', '20.3597', '19.9862']
    [AFFINITY]
      test_diameter:     8.6600
      baseline_diameter: 8.6425
      dia_ratio:         8.6425/8.6600 = 0.997979
      test_rpm:          1760.0
      baseline_rpm:      1775.0
      speed_ratio:       1775.0/1760.0 = 1.008523
      scaled_flow:  ['0.00', '378.38', '599.40', '803.38', '975.05', '1010.88', '1050.79', '1198.33', '1384.75', '1514.06', '1628.60', '1706.02', '1776.92']
      scaled_head:  ['79.40', '71.62', '68.79', '66.41', '62.35', '61.30', '60.04', '54.79', '46.44', '40.25', '34.22', '29.00', '24.30']
      scaled_power: ['10.2724', '13.4466', '15.9966', '18.3421', '19.8793', '20.1368', '20.3988', '21.1228', '21.4663', '21.4688', '21.0912', '20.7584', '20.3775']
    [FINAL] plotted_flow:  [0.00 → 1776.92]
    [FINAL] plotted_head:  [79.40 → 24.30]
    [FINAL] plotted_power: [10.2724 → 20.3775]
    [FINAL] plotted_eff:   [0.00 → 53.42]

  ── [LOAD+SCALE] 99272205420010A1P ──
    trim=8.6600, stages=4, rpm=1760.0, filing='Fig1. To 0.03125'
    columns: ['curve_no', 'flow', 'speed', 'power_in', 'power_bowl_motor', 'power_bowl_dyno', 'power_pump_motor', 'power_pump_dyno', 'tdh_bowl', 'tdh_pump', 'eff_bowl_motor', 'eff_bowl_dyno', 'eff_pump_motor', 'eff_pump_dyno', 'eff_overall', 'npsha']
    rows: 12
    flow: 12 pts
      values: ['0.00', '581.77', '797.41', '968.28', '1006.60', '1044.04', '1193.91', '1358.80', '1499.72', '1511.78', '1598.74', '1693.39']
    head ('tdh_bowl'): 12 pts
      values: ['299.71', '268.28', '260.12', '246.38', '242.63', '238.83', '221.50', '197.95', '173.05', '170.63', '153.17', '131.24']
    power ('power_bowl_dyno'): all zero/negative — trying fallback
    power FALLBACK ('power_bowl_motor'): 12 pts
      values: ['37.7558', '61.1355', '70.7652', '76.6598', '77.7628', '78.6760', '81.6924', '83.2608', '82.8657', '82.7909', '81.7151', '79.9674']
    efficiency ('eff_bowl_motor'): 12 pts
      values: ['0.00', '64.36', '73.89', '78.45', '79.17', '79.89', '81.61', '81.44', '78.95', '78.54', '75.54', '70.06']
    [STAGE NORM] 4-stage → dividing head & power by 4
      head BEFORE: ['299.71', '268.28', '260.12', '246.38', '242.63', '238.83', '221.50', '197.95', '173.05', '170.63', '153.17', '131.24']
      head AFTER:  ['74.93', '67.07', '65.03', '61.60', '60.66', '59.71', '55.38', '49.49', '43.26', '42.66', '38.29', '32.81']
      power BEFORE: ['37.7558', '61.1355', '70.7652', '76.6598', '77.7628', '78.6760', '81.6924', '83.2608', '82.8657', '82.7909', '81.7151', '79.9674']
      power AFTER:  ['9.4389', '15.2839', '17.6913', '19.1649', '19.4407', '19.6690', '20.4231', '20.8152', '20.7164', '20.6977', '20.4288', '19.9919']
    [AFFINITY]
      test_diameter:     8.6600
      baseline_diameter: 8.6425
      dia_ratio:         8.6425/8.6600 = 0.997979
      test_rpm:          1760.0
      baseline_rpm:      1775.0
      speed_ratio:       1775.0/1760.0 = 1.008523
      scaled_flow:  ['0.00', '585.55', '802.58', '974.56', '1013.13', '1050.81', '1201.65', '1367.61', '1509.44', '1521.58', '1609.10', '1704.37']
      scaled_head:  ['75.90', '67.94', '65.88', '62.40', '61.45', '60.48', '56.10', '50.13', '43.82', '43.21', '38.79', '33.24']
      scaled_power: ['9.6238', '15.5832', '18.0377', '19.5402', '19.8214', '20.0541', '20.8230', '21.2228', '21.1221', '21.1030', '20.8288', '20.3833']
    [FINAL] plotted_flow:  [0.00 → 1704.37]
    [FINAL] plotted_head:  [75.90 → 33.24]
    [FINAL] plotted_power: [9.6238 → 20.3833]
    [FINAL] plotted_eff:   [0.00 → 70.06]

  ── [LOAD+SCALE] 99272213380010A1P ──
    trim=8.7600, stages=5, rpm=1760.0, filing='Fig1. To 0.03125'
    columns: ['curve_no', 'flow', 'speed', 'power_in', 'power_bowl_motor', 'power_bowl_dyno', 'power_pump_motor', 'power_pump_dyno', 'tdh_bowl', 'tdh_pump', 'eff_bowl_motor', 'eff_bowl_dyno', 'eff_pump_motor', 'eff_pump_dyno', 'eff_overall', 'npsha']
    rows: 11
    flow: 11 pts
      values: ['0.00', '592.11', '797.34', '975.96', '999.53', '1029.75', '1208.65', '1339.50', '1503.30', '1601.49', '1753.55']
    head ('tdh_bowl'): 11 pts
      values: ['398.69', '347.96', '337.76', '319.09', '316.42', '312.46', '285.62', '262.94', '224.24', '201.75', '157.07']
    power ('power_bowl_dyno'): all zero/negative — trying fallback
    power FALLBACK ('power_bowl_motor'): 11 pts
      values: ['53.6111', '80.6820', '92.7833', '101.0917', '101.9199', '102.9278', '107.6718', '109.4138', '109.3722', '108.4164', '105.4555']
    efficiency ('eff_bowl_motor'): 11 pts
      values: ['0.00', '64.37', '73.17', '77.66', '78.23', '78.80', '80.82', '81.15', '77.70', '75.13', '65.84']
    [STAGE NORM] 5-stage → dividing head & power by 5
      head BEFORE: ['398.69', '347.96', '337.76', '319.09', '316.42', '312.46', '285.62', '262.94', '224.24', '201.75', '157.07']
      head AFTER:  ['79.74', '69.59', '67.55', '63.82', '63.28', '62.49', '57.12', '52.59', '44.85', '40.35', '31.41']
      power BEFORE: ['53.6111', '80.6820', '92.7833', '101.0917', '101.9199', '102.9278', '107.6718', '109.4138', '109.3722', '108.4164', '105.4555']
      power AFTER:  ['10.7222', '16.1364', '18.5567', '20.2183', '20.3840', '20.5856', '21.5344', '21.8828', '21.8744', '21.6833', '21.0911']
    [AFFINITY]
      test_diameter:     8.7600
      baseline_diameter: 8.6425
      dia_ratio:         8.6425/8.7600 = 0.986587
      test_rpm:          1760.0
      baseline_rpm:      1775.0
      speed_ratio:       1775.0/1760.0 = 1.008523
      scaled_flow:  ['0.00', '589.14', '793.35', '971.08', '994.53', '1024.60', '1202.60', '1332.79', '1495.77', '1593.47', '1744.77']
      scaled_head:  ['78.94', '68.90', '66.88', '63.18', '62.65', '61.87', '56.55', '52.06', '44.40', '39.95', '31.10']
      scaled_power: ['10.5620', '15.8953', '18.2794', '19.9163', '20.0795', '20.2780', '21.2126', '21.5558', '21.5476', '21.3593', '20.7760']
    [FINAL] plotted_flow:  [0.00 → 1744.77]
    [FINAL] plotted_head:  [78.94 → 31.10]
    [FINAL] plotted_power: [10.5620 → 20.7760]
    [FINAL] plotted_eff:   [0.00 → 65.84]

  ── [LOAD+SCALE] 99272213380010B1P ──
    trim=8.7600, stages=5, rpm=1760.0, filing='Fig1. To 0.03125'
    columns: ['curve_no', 'flow', 'speed', 'power_in', 'power_bowl_motor', 'power_bowl_dyno', 'power_pump_motor', 'power_pump_dyno', 'tdh_bowl', 'tdh_pump', 'eff_bowl_motor', 'eff_bowl_dyno', 'eff_pump_motor', 'eff_pump_dyno', 'eff_overall', 'npsha']
    rows: 11
    flow: 11 pts
      values: ['0.00', '607.74', '805.13', '966.69', '1006.75', '1029.62', '1255.15', '1343.24', '1495.09', '1578.21', '1738.25']
    head ('tdh_bowl'): 11 pts
      values: ['396.61', '348.80', '338.38', '320.89', '316.12', '312.89', '276.96', '260.94', '222.65', '202.37', '154.07']
    power ('power_bowl_dyno'): all zero/negative — trying fallback
    power FALLBACK ('power_bowl_motor'): 11 pts
      values: ['52.0597', '81.8500', '93.5486', '101.2410', '102.7557', '103.5128', '109.3950', '110.4046', '110.5642', '109.7217', '107.3598']
    efficiency ('eff_bowl_motor'): 11 pts
      values: ['0.00', '65.29', '73.41', '77.24', '78.08', '78.46', '80.11', '80.03', '75.90', '73.38', '62.89']
    [STAGE NORM] 5-stage → dividing head & power by 5
      head BEFORE: ['396.61', '348.80', '338.38', '320.89', '316.12', '312.89', '276.96', '260.94', '222.65', '202.37', '154.07']
      head AFTER:  ['79.32', '69.76', '67.68', '64.18', '63.22', '62.58', '55.39', '52.19', '44.53', '40.47', '30.81']
      power BEFORE: ['52.0597', '81.8500', '93.5486', '101.2410', '102.7557', '103.5128', '109.3950', '110.4046', '110.5642', '109.7217', '107.3598']
      power AFTER:  ['10.4119', '16.3700', '18.7097', '20.2482', '20.5511', '20.7026', '21.8790', '22.0809', '22.1128', '21.9443', '21.4720']
    [AFFINITY]
      test_diameter:     8.7600
      baseline_diameter: 8.6425
      dia_ratio:         8.6425/8.7600 = 0.986587
      test_rpm:          1760.0
      baseline_rpm:      1775.0
      speed_ratio:       1775.0/1760.0 = 1.008523
      scaled_flow:  ['0.00', '604.70', '801.10', '961.85', '1001.71', '1024.47', '1248.87', '1336.51', '1487.61', '1570.31', '1729.55']
      scaled_head:  ['78.53', '69.06', '67.00', '63.54', '62.59', '61.95', '54.84', '51.67', '44.08', '40.07', '30.51']
      scaled_power: ['10.2564', '16.1254', '18.4302', '19.9457', '20.2441', '20.3933', '21.5521', '21.7510', '21.7825', '21.6165', '21.1512']
    [FINAL] plotted_flow:  [0.00 → 1729.55]
    [FINAL] plotted_head:  [78.53 → 30.51]
    [FINAL] plotted_power: [10.2564 → 21.1512]
    [FINAL] plotted_eff:   [0.00 → 62.89]

  ── [LOAD+SCALE] 99272214760040A1P ──
    trim=8.7600, stages=5, rpm=1760.0, filing='Fig1. To 0.03125'
    columns: ['curve_no', 'flow', 'speed', 'power_in', 'power_bowl_motor', 'power_bowl_dyno', 'power_pump_motor', 'power_pump_dyno', 'tdh_bowl', 'tdh_pump', 'eff_bowl_motor', 'eff_bowl_dyno', 'eff_pump_motor', 'eff_pump_dyno', 'eff_overall', 'npsha']
    rows: 12
    flow: 12 pts
      values: ['0.00', '589.78', '810.50', '967.93', '1004.08', '1038.56', '1202.48', '1387.88', '1497.38', '1587.39', '1712.90', '1799.15']
    head ('tdh_bowl'): 12 pts
      values: ['397.45', '348.21', '337.86', '321.64', '317.20', '313.08', '288.61', '253.82', '229.40', '205.51', '174.50', '148.54']
    power ('power_bowl_dyno'): all zero/negative — trying fallback
    power FALLBACK ('power_bowl_motor'): 12 pts
      values: ['52.2603', '80.2121', '93.2708', '100.6274', '102.1298', '103.4286', '107.5063', '110.1254', '110.0021', '108.9498', '107.2834', '105.5348']
    efficiency ('eff_bowl_motor'): 12 pts
      values: ['0.00', '64.54', '74.01', '77.99', '78.62', '79.25', '81.38', '80.64', '78.72', '75.48', '70.24', '63.84']
    [STAGE NORM] 5-stage → dividing head & power by 5
      head BEFORE: ['397.45', '348.21', '337.86', '321.64', '317.20', '313.08', '288.61', '253.82', '229.40', '205.51', '174.50', '148.54']
      head AFTER:  ['79.49', '69.64', '67.57', '64.33', '63.44', '62.62', '57.72', '50.76', '45.88', '41.10', '34.90', '29.71']
      power BEFORE: ['52.2603', '80.2121', '93.2708', '100.6274', '102.1298', '103.4286', '107.5063', '110.1254', '110.0021', '108.9498', '107.2834', '105.5348']
      power AFTER:  ['10.4521', '16.0424', '18.6542', '20.1255', '20.4260', '20.6857', '21.5013', '22.0251', '22.0004', '21.7900', '21.4567', '21.1070']
    [AFFINITY]
      test_diameter:     8.7600
      baseline_diameter: 8.6425
      dia_ratio:         8.6425/8.7600 = 0.986587
      test_rpm:          1760.0
      baseline_rpm:      1775.0
      speed_ratio:       1775.0/1760.0 = 1.008523
      scaled_flow:  ['0.00', '586.83', '806.45', '963.09', '999.05', '1033.37', '1196.46', '1380.93', '1489.89', '1579.45', '1704.33', '1790.15']
      scaled_head:  ['78.70', '68.95', '66.90', '63.69', '62.81', '61.99', '57.15', '50.26', '45.42', '40.69', '34.55', '29.41']
      scaled_power: ['10.2959', '15.8028', '18.3755', '19.8248', '20.1208', '20.3767', '21.1800', '21.6960', '21.6718', '21.4644', '21.1361', '20.7916']
    [FINAL] plotted_flow:  [0.00 → 1790.15]
    [FINAL] plotted_head:  [78.70 → 29.41]
    [FINAL] plotted_power: [10.2959 → 20.7916]
    [FINAL] plotted_eff:   [0.00 → 63.84]

  ── [LOAD+SCALE] 99272230180010A1P ──
    trim=8.7200, stages=5, rpm=1760.0, filing='Fig1. To 0.03125'
    columns: ['curve_no', 'flow', 'speed', 'power_in', 'power_bowl_motor', 'power_bowl_dyno', 'power_pump_motor', 'power_pump_dyno', 'tdh_bowl', 'tdh_pump', 'eff_bowl_motor', 'eff_bowl_dyno', 'eff_pump_motor', 'eff_pump_dyno', 'eff_overall', 'npsha']
    rows: 11
    flow: 11 pts
      values: ['0.00', '592.30', '812.09', '963.49', '1007.38', '1037.82', '1214.90', '1347.63', '1514.47', '1627.05', '1737.64']
    head ('tdh_bowl'): 11 pts
      values: ['387.02', '344.86', '333.94', '317.72', '312.25', '308.17', '280.87', '254.70', '217.53', '188.02', '157.96']
    power ('power_bowl_dyno'): all zero/negative — trying fallback
    power FALLBACK ('power_bowl_motor'): 11 pts
      values: ['49.1348', '79.0557', '91.7320', '98.5688', '100.1050', '101.1227', '105.4659', '107.0081', '106.7240', '105.0032', '102.8312']
    efficiency ('eff_bowl_motor'): 11 pts
      values: ['0.00', '65.13', '74.52', '78.29', '79.21', '79.73', '81.56', '80.86', '77.82', '73.45', '67.29']
    [STAGE NORM] 5-stage → dividing head & power by 5
      head BEFORE: ['387.02', '344.86', '333.94', '317.72', '312.25', '308.17', '280.87', '254.70', '217.53', '188.02', '157.96']
      head AFTER:  ['77.40', '68.97', '66.79', '63.54', '62.45', '61.63', '56.17', '50.94', '43.51', '37.60', '31.59']
      power BEFORE: ['49.1348', '79.0557', '91.7320', '98.5688', '100.1050', '101.1227', '105.4659', '107.0081', '106.7240', '105.0032', '102.8312']
      power AFTER:  ['9.8270', '15.8111', '18.3464', '19.7138', '20.0210', '20.2245', '21.0932', '21.4016', '21.3448', '21.0006', '20.5662']
    [AFFINITY]
      test_diameter:     8.7200
      baseline_diameter: 8.6425
      dia_ratio:         8.6425/8.7200 = 0.991112
      test_rpm:          1760.0
      baseline_rpm:      1775.0
      speed_ratio:       1775.0/1760.0 = 1.008523
      scaled_flow:  ['0.00', '592.04', '811.73', '963.06', '1006.93', '1037.36', '1214.37', '1347.04', '1513.81', '1626.33', '1736.87']
      scaled_head:  ['77.34', '68.91', '66.73', '63.49', '62.39', '61.58', '56.12', '50.90', '43.47', '37.57', '31.56']
      scaled_power: ['9.8140', '15.7902', '18.3222', '19.6877', '19.9946', '20.1978', '21.0653', '21.3733', '21.3166', '20.9729', '20.5391']
    [FINAL] plotted_flow:  [0.00 → 1736.87]
    [FINAL] plotted_head:  [77.34 → 31.56]
    [FINAL] plotted_power: [9.8140 → 20.5391]
    [FINAL] plotted_eff:   [0.00 → 67.29]

  ── [LOAD+SCALE] 99272230330010A1P ──
    trim=8.7200, stages=5, rpm=1760.0, filing='Fig1. To 0.03125'
    columns: ['curve_no', 'flow', 'speed', 'power_in', 'power_bowl_motor', 'power_bowl_dyno', 'power_pump_motor', 'power_pump_dyno', 'tdh_bowl', 'tdh_pump', 'eff_bowl_motor', 'eff_bowl_dyno', 'eff_pump_motor', 'eff_pump_dyno', 'eff_overall', 'npsha']
    rows: 11
    flow: 11 pts
      values: ['0.00', '586.49', '817.24', '956.75', '998.81', '1038.62', '1218.18', '1337.71', '1503.61', '1628.25', '1736.17']
    head ('tdh_bowl'): 11 pts
      values: ['387.78', '344.66', '333.34', '318.27', '313.67', '308.25', '280.70', '259.87', '220.37', '189.59', '157.64']
    power ('power_bowl_dyno'): all zero/negative — trying fallback
    power FALLBACK ('power_bowl_motor'): 11 pts
      values: ['50.0117', '78.8815', '92.1829', '98.5069', '100.1085', '101.4355', '105.6779', '107.1798', '106.7550', '104.9718', '102.5535']
    efficiency ('eff_bowl_motor'): 11 pts
      values: ['0.00', '64.60', '74.50', '77.93', '78.89', '79.56', '81.57', '81.76', '78.24', '74.14', '67.27']
    [STAGE NORM] 5-stage → dividing head & power by 5
      head BEFORE: ['387.78', '344.66', '333.34', '318.27', '313.67', '308.25', '280.70', '259.87', '220.37', '189.59', '157.64']
      head AFTER:  ['77.56', '68.93', '66.67', '63.65', '62.73', '61.65', '56.14', '51.97', '44.07', '37.92', '31.53']
      power BEFORE: ['50.0117', '78.8815', '92.1829', '98.5069', '100.1085', '101.4355', '105.6779', '107.1798', '106.7550', '104.9718', '102.5535']
      power AFTER:  ['10.0023', '15.7763', '18.4366', '19.7014', '20.0217', '20.2871', '21.1356', '21.4360', '21.3510', '20.9944', '20.5107']
    [AFFINITY]
      test_diameter:     8.7200
      baseline_diameter: 8.6425
      dia_ratio:         8.6425/8.7200 = 0.991112
      test_rpm:          1760.0
      baseline_rpm:      1775.0
      speed_ratio:       1775.0/1760.0 = 1.008523
      scaled_flow:  ['0.00', '586.23', '816.88', '956.33', '998.37', '1038.16', '1217.64', '1337.12', '1502.95', '1627.54', '1735.40']
      scaled_head:  ['77.49', '68.87', '66.61', '63.60', '62.68', '61.60', '56.09', '51.93', '44.03', '37.89', '31.50']
      scaled_power: ['9.9891', '15.7555', '18.4122', '19.6753', '19.9953', '20.2603', '21.1077', '21.4076', '21.3228', '20.9666', '20.4836']
    [FINAL] plotted_flow:  [0.00 → 1735.40]
    [FINAL] plotted_head:  [77.49 → 31.50]
    [FINAL] plotted_power: [9.9891 → 20.4836]
    [FINAL] plotted_eff:   [0.00 → 67.27]

  ── [LOAD+SCALE] 99272230190010A1P ──
    trim=8.7200, stages=5, rpm=1760.0, filing='Fig1. To 0.03125'
    columns: ['curve_no', 'flow', 'speed', 'power_in', 'power_bowl_motor', 'power_bowl_dyno', 'power_pump_motor', 'power_pump_dyno', 'tdh_bowl', 'tdh_pump', 'eff_bowl_motor', 'eff_bowl_dyno', 'eff_pump_motor', 'eff_pump_dyno', 'eff_overall', 'npsha']
    rows: 11
    flow: 11 pts
      values: ['0.00', '593.96', '814.47', '967.68', '995.48', '1036.74', '1212.52', '1333.82', '1516.20', '1625.47', '1724.75']
    head ('tdh_bowl'): 11 pts
      values: ['386.64', '343.89', '332.45', '315.89', '312.08', '306.66', '280.10', '258.20', '213.37', '185.80', '155.83']
    power ('power_bowl_dyno'): all zero/negative — trying fallback
    power FALLBACK ('power_bowl_motor'): 11 pts
      values: ['48.7334', '78.9460', '91.8600', '98.5346', '99.5711', '100.9776', '105.2202', '106.5601', '105.8969', '104.2757', '102.2499']
    efficiency ('eff_bowl_motor'): 11 pts
      values: ['0.00', '65.22', '74.31', '78.21', '78.65', '79.37', '81.37', '81.47', '77.01', '73.01', '66.26']
    [STAGE NORM] 5-stage → dividing head & power by 5
      head BEFORE: ['386.64', '343.89', '332.45', '315.89', '312.08', '306.66', '280.10', '258.20', '213.37', '185.80', '155.83']
      head AFTER:  ['77.33', '68.78', '66.49', '63.18', '62.42', '61.33', '56.02', '51.64', '42.67', '37.16', '31.17']
      power BEFORE: ['48.7334', '78.9460', '91.8600', '98.5346', '99.5711', '100.9776', '105.2202', '106.5601', '105.8969', '104.2757', '102.2499']
      power AFTER:  ['9.7467', '15.7892', '18.3720', '19.7069', '19.9142', '20.1955', '21.0440', '21.3120', '21.1794', '20.8551', '20.4500']
    [AFFINITY]
      test_diameter:     8.7200
      baseline_diameter: 8.6425
      dia_ratio:         8.6425/8.7200 = 0.991112
      test_rpm:          1760.0
      baseline_rpm:      1775.0
      speed_ratio:       1775.0/1760.0 = 1.008523
      scaled_flow:  ['0.00', '593.70', '814.11', '967.26', '995.04', '1036.29', '1211.99', '1333.24', '1515.53', '1624.75', '1723.99']
      scaled_head:  ['77.26', '68.72', '66.43', '63.12', '62.36', '61.28', '55.97', '51.59', '42.64', '37.13', '31.14']
      scaled_power: ['9.7338', '15.7683', '18.3477', '19.6809', '19.8879', '20.1688', '21.0162', '21.2839', '21.1514', '20.8276', '20.4230']
    [FINAL] plotted_flow:  [0.00 → 1723.99]
    [FINAL] plotted_head:  [77.26 → 31.14]
    [FINAL] plotted_power: [9.7338 → 20.4230]
    [FINAL] plotted_eff:   [0.00 → 66.26]

  ── [LOAD+SCALE] 99272232080010A1P ──
    trim=8.7200, stages=5, rpm=1760.0, filing='Fig1. To 0.03125'
    columns: ['curve_no', 'flow', 'speed', 'power_in', 'power_bowl_motor', 'power_bowl_dyno', 'power_pump_motor', 'power_pump_dyno', 'tdh_bowl', 'tdh_pump', 'eff_bowl_motor', 'eff_bowl_dyno', 'eff_pump_motor', 'eff_pump_dyno', 'eff_overall', 'npsha']
    rows: 11
    flow: 11 pts
      values: ['0.00', '593.49', '814.41', '981.74', '1002.79', '1018.18', '1193.25', '1381.83', '1502.54', '1598.56', '1692.07']
    head ('tdh_bowl'): 11 pts
      values: ['385.09', '344.72', '333.75', '315.74', '312.73', '310.82', '283.91', '245.46', '219.85', '194.71', '169.65']
    power ('power_bowl_dyno'): all zero/negative — trying fallback
    power FALLBACK ('power_bowl_motor'): 11 pts
      values: ['48.6613', '79.2260', '91.8752', '99.1941', '100.0736', '100.4388', '104.9737', '106.7585', '106.3311', '105.1715', '103.6665']
    efficiency ('eff_bowl_motor'): 11 pts
      values: ['0.00', '65.10', '74.58', '78.78', '79.00', '79.43', '81.35', '80.09', '78.31', '74.60', '69.81']
    [STAGE NORM] 5-stage → dividing head & power by 5
      head BEFORE: ['385.09', '344.72', '333.75', '315.74', '312.73', '310.82', '283.91', '245.46', '219.85', '194.71', '169.65']
      head AFTER:  ['77.02', '68.94', '66.75', '63.15', '62.55', '62.16', '56.78', '49.09', '43.97', '38.94', '33.93']
      power BEFORE: ['48.6613', '79.2260', '91.8752', '99.1941', '100.0736', '100.4388', '104.9737', '106.7585', '106.3311', '105.1715', '103.6665']
      power AFTER:  ['9.7323', '15.8452', '18.3750', '19.8388', '20.0147', '20.0878', '20.9947', '21.3517', '21.2662', '21.0343', '20.7333']
    [AFFINITY]
      test_diameter:     8.7200
      baseline_diameter: 8.6425
      dia_ratio:         8.6425/8.7200 = 0.991112
      test_rpm:          1760.0
      baseline_rpm:      1775.0
      speed_ratio:       1775.0/1760.0 = 1.008523
      scaled_flow:  ['0.00', '593.23', '814.05', '981.31', '1002.35', '1017.73', '1192.73', '1381.22', '1501.88', '1597.86', '1691.33']
      scaled_head:  ['76.95', '68.88', '66.69', '63.09', '62.49', '62.11', '56.73', '49.05', '43.93', '38.91', '33.90']
      scaled_power: ['9.7194', '15.8243', '18.3508', '19.8126', '19.9883', '20.0612', '20.9670', '21.3235', '21.2381', '21.0065', '20.7059']
    [FINAL] plotted_flow:  [0.00 → 1691.33]
    [FINAL] plotted_head:  [76.95 → 33.90]
    [FINAL] plotted_power: [9.7194 → 20.7059]
    [FINAL] plotted_eff:   [0.00 → 69.81]

  ── [LOAD+SCALE] 99272232080010A1P ──
    trim=8.7200, stages=5, rpm=1760.0, filing='Fig1. To 0.03125'
    columns: ['curve_no', 'flow', 'speed', 'power_in', 'power_bowl_motor', 'power_bowl_dyno', 'power_pump_motor', 'power_pump_dyno', 'tdh_bowl', 'tdh_pump', 'eff_bowl_motor', 'eff_bowl_dyno', 'eff_pump_motor', 'eff_pump_dyno', 'eff_overall', 'npsha']
    rows: 11
    flow: 11 pts
      values: ['0.00', '593.49', '814.41', '981.74', '1002.79', '1018.18', '1193.25', '1381.83', '1502.54', '1598.56', '1692.07']
    head ('tdh_bowl'): 11 pts
      values: ['385.09', '344.72', '333.75', '315.74', '312.73', '310.82', '283.91', '245.46', '219.85', '194.71', '169.65']
    power ('power_bowl_dyno'): all zero/negative — trying fallback
    power FALLBACK ('power_bowl_motor'): 11 pts
      values: ['48.6613', '79.2260', '91.8752', '99.1941', '100.0736', '100.4388', '104.9737', '106.7585', '106.3311', '105.1715', '103.6665']
    efficiency ('eff_bowl_motor'): 11 pts
      values: ['0.00', '65.10', '74.58', '78.78', '79.00', '79.43', '81.35', '80.09', '78.31', '74.60', '69.81']
    [STAGE NORM] 5-stage → dividing head & power by 5
      head BEFORE: ['385.09', '344.72', '333.75', '315.74', '312.73', '310.82', '283.91', '245.46', '219.85', '194.71', '169.65']
      head AFTER:  ['77.02', '68.94', '66.75', '63.15', '62.55', '62.16', '56.78', '49.09', '43.97', '38.94', '33.93']
      power BEFORE: ['48.6613', '79.2260', '91.8752', '99.1941', '100.0736', '100.4388', '104.9737', '106.7585', '106.3311', '105.1715', '103.6665']
      power AFTER:  ['9.7323', '15.8452', '18.3750', '19.8388', '20.0147', '20.0878', '20.9947', '21.3517', '21.2662', '21.0343', '20.7333']
    [AFFINITY]
      test_diameter:     8.7200
      baseline_diameter: 8.6425
      dia_ratio:         8.6425/8.7200 = 0.991112
      test_rpm:          1760.0
      baseline_rpm:      1775.0
      speed_ratio:       1775.0/1760.0 = 1.008523
      scaled_flow:  ['0.00', '593.23', '814.05', '981.31', '1002.35', '1017.73', '1192.73', '1381.22', '1501.88', '1597.86', '1691.33']
      scaled_head:  ['76.95', '68.88', '66.69', '63.09', '62.49', '62.11', '56.73', '49.05', '43.93', '38.91', '33.90']
      scaled_power: ['9.7194', '15.8243', '18.3508', '19.8126', '19.9883', '20.0612', '20.9670', '21.3235', '21.2381', '21.0065', '20.7059']
    [FINAL] plotted_flow:  [0.00 → 1691.33]
    [FINAL] plotted_head:  [76.95 → 33.90]
    [FINAL] plotted_power: [9.7194 → 20.7059]
    [FINAL] plotted_eff:   [0.00 → 69.81]

  ── [LOAD+SCALE] 99272224170010A1P ──
    trim=8.7800, stages=3, rpm=1760.0, filing='Fig1. To 0.03125'
    columns: ['curve_no', 'flow', 'speed', 'power_in', 'power_bowl_motor', 'power_bowl_dyno', 'power_pump_motor', 'power_pump_dyno', 'tdh_bowl', 'tdh_pump', 'eff_bowl_motor', 'eff_bowl_dyno', 'eff_pump_motor', 'eff_pump_dyno', 'eff_overall', 'npsha']
    rows: 12
    flow: 12 pts
      values: ['0.00', '605.89', '793.22', '969.51', '1001.96', '1025.81', '1203.58', '1357.72', '1495.59', '1611.26', '1707.97', '1780.56']
    head ('tdh_bowl'): 12 pts
      values: ['234.07', '208.52', '203.95', '194.20', '191.96', '190.45', '176.42', '160.14', '141.88', '125.59', '110.25', '95.87']
    power ('power_bowl_dyno'): all zero/negative — trying fallback
    power FALLBACK ('power_bowl_motor'): 12 pts
      values: ['30.5563', '50.0680', '57.0433', '62.3019', '62.8911', '63.3572', '66.9667', '68.8366', '69.2353', '68.6028', '67.4946', '66.2286']
    efficiency ('eff_bowl_motor'): 12 pts
      values: ['0.00', '63.61', '71.49', '76.18', '77.10', '77.73', '79.93', '79.62', '77.26', '74.36', '70.33', '64.97']
    [STAGE NORM] 3-stage → dividing head & power by 3
      head BEFORE: ['234.07', '208.52', '203.95', '194.20', '191.96', '190.45', '176.42', '160.14', '141.88', '125.59', '110.25', '95.87']
      head AFTER:  ['78.02', '69.51', '67.98', '64.73', '63.99', '63.48', '58.81', '53.38', '47.29', '41.86', '36.75', '31.96']
      power BEFORE: ['30.5563', '50.0680', '57.0433', '62.3019', '62.8911', '63.3572', '66.9667', '68.8366', '69.2353', '68.6028', '67.4946', '66.2286']
      power AFTER:  ['10.1854', '16.6893', '19.0144', '20.7673', '20.9637', '21.1191', '22.3222', '22.9455', '23.0784', '22.8676', '22.4982', '22.0762']
    [AFFINITY]
      test_diameter:     8.7800
      baseline_diameter: 8.6425
      dia_ratio:         8.6425/8.7800 = 0.984339
      test_rpm:          1760.0
      baseline_rpm:      1775.0
      speed_ratio:       1775.0/1760.0 = 1.008523
      scaled_flow:  ['0.00', '601.49', '787.45', '962.46', '994.67', '1018.35', '1194.83', '1347.85', '1484.72', '1599.54', '1695.55', '1767.62']
      scaled_head:  ['76.89', '68.50', '67.00', '63.80', '63.06', '62.56', '57.96', '52.61', '46.61', '41.26', '36.22', '31.49']
      scaled_power: ['9.9649', '16.3279', '18.6027', '20.3176', '20.5097', '20.6617', '21.8388', '22.4486', '22.5786', '22.3724', '22.0110', '21.5981']
    [FINAL] plotted_flow:  [0.00 → 1767.62]
    [FINAL] plotted_head:  [76.89 → 31.49]
    [FINAL] plotted_power: [9.9649 → 21.5981]
    [FINAL] plotted_eff:   [0.00 → 64.97]

  ── [LOAD+SCALE] 99272254750010A1P ──
    trim=8.6600, stages=4, rpm=1760.0, filing='Fig1. To 0.03125'
    columns: ['curve_no', 'flow', 'speed', 'power_in', 'power_bowl_motor', 'power_bowl_dyno', 'power_pump_motor', 'power_pump_dyno', 'tdh_bowl', 'tdh_pump', 'eff_bowl_motor', 'eff_bowl_dyno', 'eff_pump_motor', 'eff_pump_dyno', 'eff_overall', 'npsha']
    rows: 12
    flow: 12 pts
      values: ['0.00', '390.10', '812.36', '958.14', '1005.51', '1045.06', '1161.72', '1498.49', '1500.49', '1622.44', '1750.79', '1835.69']
    head ('tdh_bowl'): 12 pts
      values: ['312.77', '280.10', '261.83', '249.48', '244.33', '240.47', '227.02', '171.08', '170.00', '145.57', '114.76', '91.75']
    power ('power_bowl_dyno'): all zero/negative — trying fallback
    power FALLBACK ('power_bowl_motor'): 12 pts
      values: ['41.0570', '52.9123', '71.7731', '76.5609', '78.0722', '79.0214', '81.1795', '82.4564', '82.4750', '80.9450', '78.6104', '76.0709']
    efficiency ('eff_bowl_motor'): 12 pts
      values: ['0.00', '52.06', '74.71', '78.71', '79.33', '80.17', '81.90', '78.38', '77.97', '73.56', '64.43', '55.81']
    [STAGE NORM] 4-stage → dividing head & power by 4
      head BEFORE: ['312.77', '280.10', '261.83', '249.48', '244.33', '240.47', '227.02', '171.08', '170.00', '145.57', '114.76', '91.75']
      head AFTER:  ['78.19', '70.02', '65.46', '62.37', '61.08', '60.12', '56.76', '42.77', '42.50', '36.39', '28.69', '22.94']
      power BEFORE: ['41.0570', '52.9123', '71.7731', '76.5609', '78.0722', '79.0214', '81.1795', '82.4564', '82.4750', '80.9450', '78.6104', '76.0709']
      power AFTER:  ['10.2643', '13.2281', '17.9433', '19.1402', '19.5180', '19.7553', '20.2949', '20.6141', '20.6188', '20.2362', '19.6526', '19.0177']
    [AFFINITY]
      test_diameter:     8.6600
      baseline_diameter: 8.6425
      dia_ratio:         8.6425/8.6600 = 0.997979
      test_rpm:          1760.0
      baseline_rpm:      1775.0
      speed_ratio:       1775.0/1760.0 = 1.008523
      scaled_flow:  ['0.00', '392.63', '817.63', '964.35', '1012.03', '1051.83', '1169.26', '1508.21', '1510.22', '1632.96', '1762.14', '1847.59']
      scaled_head:  ['79.21', '70.94', '66.31', '63.18', '61.88', '60.90', '57.49', '43.33', '43.05', '36.87', '29.06', '23.24']
      scaled_power: ['10.4652', '13.4871', '18.2946', '19.5150', '19.9002', '20.1422', '20.6923', '21.0177', '21.0225', '20.6325', '20.0374', '19.3901']
    [FINAL] plotted_flow:  [0.00 → 1847.59]
    [FINAL] plotted_head:  [79.21 → 23.24]
    [FINAL] plotted_power: [10.4652 → 19.3901]
    [FINAL] plotted_eff:   [0.00 → 55.81]

  ── [LOAD+SCALE] 99272244030010A1P ──
    trim=8.7000, stages=5, rpm=1760.0, filing='Fig1. To 0.03125'
    columns: ['curve_no', 'flow', 'speed', 'power_in', 'power_bowl_motor', 'power_bowl_dyno', 'power_pump_motor', 'power_pump_dyno', 'tdh_bowl', 'tdh_pump', 'eff_bowl_motor', 'eff_bowl_dyno', 'eff_pump_motor', 'eff_pump_dyno', 'eff_overall', 'npsha']
    rows: 11
    flow: 11 pts
      values: ['0.00', '594.60', '788.47', '972.00', '1010.32', '1035.48', '1225.50', '1369.44', '1496.27', '1623.83', '1730.97']
    head ('tdh_bowl'): 11 pts
      values: ['384.01', '341.13', '331.21', '312.35', '307.21', '304.00', '274.13', '245.52', '216.27', '185.43', '153.06']
    power ('power_bowl_dyno'): all zero/negative — trying fallback
    power FALLBACK ('power_bowl_motor'): 11 pts
      values: ['47.7984', '78.3733', '89.2076', '97.0893', '98.4955', '99.1774', '103.4158', '104.2490', '103.9563', '101.9595', '99.3698']
    efficiency ('eff_bowl_motor'): 11 pts
      values: ['0.00', '65.24', '73.80', '78.83', '79.44', '80.01', '81.89', '81.30', '78.47', '74.45', '67.21']
    [STAGE NORM] 5-stage → dividing head & power by 5
      head BEFORE: ['384.01', '341.13', '331.21', '312.35', '307.21', '304.00', '274.13', '245.52', '216.27', '185.43', '153.06']
      head AFTER:  ['76.80', '68.23', '66.24', '62.47', '61.44', '60.80', '54.83', '49.10', '43.25', '37.09', '30.61']
      power BEFORE: ['47.7984', '78.3733', '89.2076', '97.0893', '98.4955', '99.1774', '103.4158', '104.2490', '103.9563', '101.9595', '99.3698']
      power AFTER:  ['9.5597', '15.6747', '17.8415', '19.4179', '19.6991', '19.8355', '20.6832', '20.8498', '20.7913', '20.3919', '19.8740']
    [AFFINITY]
      test_diameter:     8.7000
      baseline_diameter: 8.6425
      dia_ratio:         8.6425/8.7000 = 0.993391
      test_rpm:          1760.0
      baseline_rpm:      1775.0
      speed_ratio:       1775.0/1760.0 = 1.008523
      scaled_flow:  ['0.00', '595.71', '789.93', '973.80', '1012.20', '1037.40', '1227.77', '1371.98', '1499.05', '1626.84', '1734.18']
      scaled_head:  ['77.09', '68.48', '66.49', '62.70', '61.67', '61.03', '55.03', '49.29', '43.41', '37.22', '30.73']
      scaled_power: ['9.6130', '15.7622', '17.9411', '19.5262', '19.8091', '19.9462', '20.7986', '20.9662', '20.9073', '20.5057', '19.9849']
    [FINAL] plotted_flow:  [0.00 → 1734.18]
    [FINAL] plotted_head:  [77.09 → 30.73]
    [FINAL] plotted_power: [9.6130 → 19.9849]
    [FINAL] plotted_eff:   [0.00 → 67.21]

  ── [LOAD+SCALE] 99272253040010A1P ──
    trim=8.7000, stages=5, rpm=1760.0, filing='Fig1. To 0.03125'
    columns: ['curve_no', 'flow', 'speed', 'power_in', 'power_bowl_motor', 'power_bowl_dyno', 'power_pump_motor', 'power_pump_dyno', 'tdh_bowl', 'tdh_pump', 'eff_bowl_motor', 'eff_bowl_dyno', 'eff_pump_motor', 'eff_pump_dyno', 'eff_overall', 'npsha']
    rows: 11
    flow: 11 pts
      values: ['0.00', '612.87', '793.58', '971.03', '999.98', '1028.90', '1210.48', '1383.71', '1512.41', '1591.32', '1679.64']
    head ('tdh_bowl'): 11 pts
      values: ['383.21', '342.36', '332.81', '313.81', '309.99', '306.20', '278.56', '244.47', '214.67', '195.14', '172.69']
    power ('power_bowl_dyno'): all zero/negative — trying fallback
    power FALLBACK ('power_bowl_motor'): 11 pts
      values: ['49.3793', '80.8372', '90.9528', '98.4343', '99.2231', '100.2383', '104.8087', '105.9995', '106.0275', '104.7722', '102.9596']
    efficiency ('eff_bowl_motor'): 11 pts
      values: ['0.00', '65.43', '73.20', '78.04', '78.76', '79.23', '81.10', '80.45', '77.19', '74.71', '71.02']
    [STAGE NORM] 5-stage → dividing head & power by 5
      head BEFORE: ['383.21', '342.36', '332.81', '313.81', '309.99', '306.20', '278.56', '244.47', '214.67', '195.14', '172.69']
      head AFTER:  ['76.64', '68.47', '66.56', '62.76', '62.00', '61.24', '55.71', '48.89', '42.93', '39.03', '34.54']
      power BEFORE: ['49.3793', '80.8372', '90.9528', '98.4343', '99.2231', '100.2383', '104.8087', '105.9995', '106.0275', '104.7722', '102.9596']
      power AFTER:  ['9.8759', '16.1674', '18.1906', '19.6869', '19.8446', '20.0477', '20.9617', '21.1999', '21.2055', '20.9544', '20.5919']
    [AFFINITY]
      test_diameter:     8.7000
      baseline_diameter: 8.6425
      dia_ratio:         8.6425/8.7000 = 0.993391
      test_rpm:          1760.0
      baseline_rpm:      1775.0
      speed_ratio:       1775.0/1760.0 = 1.008523
      scaled_flow:  ['0.00', '614.01', '795.05', '972.83', '1001.84', '1030.81', '1212.72', '1386.28', '1515.22', '1594.28', '1682.76']
      scaled_head:  ['76.93', '68.73', '66.81', '62.99', '62.23', '61.47', '55.92', '49.08', '43.09', '39.17', '34.67']
      scaled_power: ['9.9310', '16.2577', '18.2921', '19.7967', '19.9554', '20.1596', '21.0788', '21.3182', '21.3239', '21.0714', '20.7069']
    [FINAL] plotted_flow:  [0.00 → 1682.76]
    [FINAL] plotted_head:  [76.93 → 34.67]
    [FINAL] plotted_power: [9.9310 → 20.7069]
    [FINAL] plotted_eff:   [0.00 → 71.02]

  ── Group: PX baseline=8.3250, 0 tests, affinity=False ──

  ── Group: PX baseline=8.0075, 0 tests, affinity=False ──

  ── Group: PX baseline=7.6900, 0 tests, affinity=False ──

======================================================================
  SUMMARY
======================================================================
  Total tests found:     76
  Tests with data:       76
  Groups:                5
  Detail: 58 cached, 18 from Excel
