Comparison debug log — 2026-09-05T20:42:58.145636
======================================================================

Selected impeller part numbers: ['2624331']
======================================================================
  COMPARISON RUN
======================================================================
  px_file:       C:\Users\107087\OneDrive - Grundfos\Desktop\12MBPSD.xlsx
  date_start:    2020-01-01
  date_end:      2026-01-01
  tolerance:     3%
  test_iteration:1
  head_col:      tdh_bowl
  power_col:     power_bowl_dyno

======================================================================
  PX CURVES
======================================================================
  Curve number: 12MBHC-2624331
  Rated speed:  1775.0
  Trim count:   5
    Trim dia=8.96  attrs=['bep_efficiency', 'bep_flow', 'diameter', 'head', 'head_flow', 'npsh', 'npsh_flow', 'power', 'power_flow', 'shutoff_power']
    Trim dia=8.6425  attrs=['bep_efficiency', 'bep_flow', 'diameter', 'head', 'head_flow', 'npsh', 'npsh_flow', 'power', 'power_flow', 'shutoff_power']
    Trim dia=8.325  attrs=['bep_efficiency', 'bep_flow', 'diameter', 'head', 'head_flow', 'npsh', 'npsh_flow', 'power', 'power_flow', 'shutoff_power']
    Trim dia=8.0075  attrs=['bep_efficiency', 'bep_flow', 'diameter', 'head', 'head_flow', 'npsh', 'npsh_flow', 'power', 'power_flow', 'shutoff_power']
    Trim dia=7.69  attrs=['bep_efficiency', 'bep_flow', 'diameter', 'head', 'head_flow', 'npsh', 'npsh_flow', 'power', 'power_flow', 'shutoff_power']

======================================================================
  CLASSIFICATION
======================================================================
  pump_type:       vertical
  index_name:      new_test_list
  trim_column:     impeller_trim
  bowl_diameter:   12
  detail_path:     12MB
  base_model_name: MB
  impeller_part:   2624331

======================================================================
  INDEX SEARCH
======================================================================
Mixed impellers filter applied using 'mixed_impellers': 332 rows -> 332 rows. Removed=0
Applied vertical impeller part filter: 332 rows -> 161 rows. Selected=['2624331']
  Index file path: X:\US\Ind\Prod\Verttest\NEWTESTLISTv.2.xlsx
  File exists: True
  Index 'new_test_list': 13570 rows loaded
  Columns: ['test_date', 'test_id', 'job_number', 'order_type', 'test_run', 'test_type', 'pass_fail', 'bowl_size', 'pump_model', 'fire_pump', 'num_stages', 'configuration', 'mixed_bowl', 'first_stg_size', 'first_stg_model', 'bowl_material', 'imp_part_num', 'imp_material', 'impeller_trim', 'mixed_impellers', 'first_stg_imp', 'first_stg_mat', 'first_stg_trim', 'rated_flow', 'rated_head', 'guaranteed_eff', 'test_grade', 'rpm', 'driver', 'driver_speed', 'customer', 'trim_source', 'trim_source_2', 'failure_cause', 'comments', 'valid_test', 'px_trim', 'px_pass_fail', 'px_eff', 'test_eff', 'test_head', 'test_bep_flow', 'test_bep_head', 'test_bep_eff', 'pattern_notes', 'Column1', '_source_index']
  Model search regex: ^\s*[A-Za-z]?MB[A-Za-z]?\s*$
  Unique pump_model values: 54
  Sample models: [' MA', 'GLLG', 'GLME', 'GLME/LC', 'GLME/MC', 'HD', 'HDX', 'HH']
  After model filter: 1980 rows (from 13570)
  After bowl size filter (bowl_size=12): 1980 rows (from 1980)
  Sample test_date values: ['2024-07-31', '2024-07-31', '2024-07-29', '2024-07-29', '2024-07-26']
  After date filter [2020-01-01 to 2026-01-01]: 452 rows (from 1980)
  After test iteration filter: 332 rows (from 452)
  After mixed impellers filter: 332 rows (from 332)
  After vertical impeller part filter: 161 rows (from 332)

  Trim column: 'impeller_trim'  found=True  is_vertical=True
  Raw trim samples:
    [0] type=str  value='(4) @ 8.64 x 8.64 Fig1. To 0.03125 AS CAST
  '
    [1] type=str  value='(3) @ 8.6 x 8.6 Fig1. To 0.03125 AS CAST
  '
    [2] type=str  value='(3) @ 8.96 x 8.96 Fig1. To 0.03125 AS CAST
  '
    [3] type=str  value='(4) @ 8.76 x 8.76 Fig1. To 0.03125 AS CAST
  '
    [4] type=str  value='(6) @ 8.88 x 8.88 Fig1. To 0.03125 AS CAST
  '

----------------------------------------------------------------------
  PER-ROW TRIM PARSING
----------------------------------------------------------------------

  test_id=99272093690010A1P
    raw trim: type=str  value='(4) @ 8.64 x 8.64 Fig1. To 0.03125 AS CAST
  '
      [extract_trim] is_vertical=True  has_@=True
      [extract_trim] → _parse_vertical_trim
      [parse_vt] input='(4) @ 8.64 x 8.64 Fig1. To 0.03125 AS CAST'
      [parse_vt] regex matched 1 group(s)
        (4) @ 8.64 x 8.64  avg=8.6400  contrib=4×8.6400=34.5600
      [parse_vt] RESULT: 34.5600 / 4 = 8.6400
      [parse_vt] upper=8.6400  lower=8.6400
      [parse_vt] filing_info='Fig1. To 0.03125'
    → trim_diameter=8.64, num_stages=4, filing='Fig1. To 0.03125'
    → upper=8.6400, lower=8.6400, conical=no
    ✓ trim=8.6400, stages=4, rpm=1760.0, model='MB', filing='Fig1. To 0.03125'

  test_id=99272088080010A1P
    raw trim: type=str  value='(3) @ 8.6 x 8.6 Fig1. To 0.03125 AS CAST
  '
      [extract_trim] is_vertical=True  has_@=True
      [extract_trim] → _parse_vertical_trim
      [parse_vt] input='(3) @ 8.6 x 8.6 Fig1. To 0.03125 AS CAST'
      [parse_vt] regex matched 1 group(s)
        (3) @ 8.6 x 8.6  avg=8.6000  contrib=3×8.6000=25.8000
      [parse_vt] RESULT: 25.8000 / 3 = 8.6000
      [parse_vt] upper=8.6000  lower=8.6000
      [parse_vt] filing_info='Fig1. To 0.03125'
    → trim_diameter=8.6, num_stages=3, filing='Fig1. To 0.03125'
    → upper=8.6000, lower=8.6000, conical=no
    ✓ trim=8.6000, stages=3, rpm=1760.0, model='MB', filing='Fig1. To 0.03125'

  test_id=99272086870010A1P
    raw trim: type=str  value='(3) @ 8.96 x 8.96 Fig1. To 0.03125 AS CAST
  '
      [extract_trim] is_vertical=True  has_@=True
      [extract_trim] → _parse_vertical_trim
      [parse_vt] input='(3) @ 8.96 x 8.96 Fig1. To 0.03125 AS CAST'
      [parse_vt] regex matched 1 group(s)
        (3) @ 8.96 x 8.96  avg=8.9600  contrib=3×8.9600=26.8800
      [parse_vt] RESULT: 26.8800 / 3 = 8.9600
      [parse_vt] upper=8.9600  lower=8.9600
      [parse_vt] filing_info='Fig1. To 0.03125'
    → trim_diameter=8.96, num_stages=3, filing='Fig1. To 0.03125'
    → upper=8.9600, lower=8.9600, conical=no
    ✓ trim=8.9600, stages=3, rpm=1760.0, model='MB', filing='Fig1. To 0.03125'

  test_id=99272076300010A1P
    raw trim: type=str  value='(4) @ 8.76 x 8.76 Fig1. To 0.03125 AS CAST
  '
      [extract_trim] is_vertical=True  has_@=True
      [extract_trim] → _parse_vertical_trim
      [parse_vt] input='(4) @ 8.76 x 8.76 Fig1. To 0.03125 AS CAST'
      [parse_vt] regex matched 1 group(s)
        (4) @ 8.76 x 8.76  avg=8.7600  contrib=4×8.7600=35.0400
      [parse_vt] RESULT: 35.0400 / 4 = 8.7600
      [parse_vt] upper=8.7600  lower=8.7600
      [parse_vt] filing_info='Fig1. To 0.03125'
    → trim_diameter=8.76, num_stages=4, filing='Fig1. To 0.03125'
    → upper=8.7600, lower=8.7600, conical=no
    ✓ trim=8.7600, stages=4, rpm=1760.0, model='MB', filing='Fig1. To 0.03125'

  test_id=99272053890010B1P
    raw trim: type=str  value='(6) @ 8.88 x 8.88 Fig1. To 0.03125 AS CAST
  '
      [extract_trim] is_vertical=True  has_@=True
      [extract_trim] → _parse_vertical_trim
      [parse_vt] input='(6) @ 8.88 x 8.88 Fig1. To 0.03125 AS CAST'
      [parse_vt] regex matched 1 group(s)
        (6) @ 8.88 x 8.88  avg=8.8800  contrib=6×8.8800=53.2800
      [parse_vt] RESULT: 53.2800 / 6 = 8.8800
      [parse_vt] upper=8.8800  lower=8.8800
      [parse_vt] filing_info='Fig1. To 0.03125'
    → trim_diameter=8.88, num_stages=6, filing='Fig1. To 0.03125'
    → upper=8.8800, lower=8.8800, conical=no
    ✓ trim=8.8800, stages=6, rpm=1760.0, model='MB', filing='Fig1. To 0.03125'

  test_id=99272053890010A1P
    raw trim: type=str  value='(6) @ 8.88 x 8.88 Fig1. To 0.03125 AS CAST
  '
      [extract_trim] is_vertical=True  has_@=True
      [extract_trim] → _parse_vertical_trim
      [parse_vt] input='(6) @ 8.88 x 8.88 Fig1. To 0.03125 AS CAST'
      [parse_vt] regex matched 1 group(s)
        (6) @ 8.88 x 8.88  avg=8.8800  contrib=6×8.8800=53.2800
      [parse_vt] RESULT: 53.2800 / 6 = 8.8800
      [parse_vt] upper=8.8800  lower=8.8800
      [parse_vt] filing_info='Fig1. To 0.03125'
    → trim_diameter=8.88, num_stages=6, filing='Fig1. To 0.03125'
    → upper=8.8800, lower=8.8800, conical=no
    ✓ trim=8.8800, stages=6, rpm=1760.0, model='MB', filing='Fig1. To 0.03125'

  test_id=99272053900010B1P
    raw trim: type=str  value='(6) @ 8.88 x 8.88 Fig1. To 0.03125 AS CAST
  '
      [extract_trim] is_vertical=True  has_@=True
      [extract_trim] → _parse_vertical_trim
      [parse_vt] input='(6) @ 8.88 x 8.88 Fig1. To 0.03125 AS CAST'
      [parse_vt] regex matched 1 group(s)
        (6) @ 8.88 x 8.88  avg=8.8800  contrib=6×8.8800=53.2800
      [parse_vt] RESULT: 53.2800 / 6 = 8.8800
      [parse_vt] upper=8.8800  lower=8.8800
      [parse_vt] filing_info='Fig1. To 0.03125'
    → trim_diameter=8.88, num_stages=6, filing='Fig1. To 0.03125'
    → upper=8.8800, lower=8.8800, conical=no
    ✓ trim=8.8800, stages=6, rpm=1760.0, model='MB', filing='Fig1. To 0.03125'

  test_id=99272053900010A1P
    raw trim: type=str  value='(6) @ 8.88 x 8.88 Fig1. To 0.03125 AS CAST
  '
      [extract_trim] is_vertical=True  has_@=True
      [extract_trim] → _parse_vertical_trim
      [parse_vt] input='(6) @ 8.88 x 8.88 Fig1. To 0.03125 AS CAST'
      [parse_vt] regex matched 1 group(s)
        (6) @ 8.88 x 8.88  avg=8.8800  contrib=6×8.8800=53.2800
      [parse_vt] RESULT: 53.2800 / 6 = 8.8800
      [parse_vt] upper=8.8800  lower=8.8800
      [parse_vt] filing_info='Fig1. To 0.03125'
    → trim_diameter=8.88, num_stages=6, filing='Fig1. To 0.03125'
    → upper=8.8800, lower=8.8800, conical=no
    ✓ trim=8.8800, stages=6, rpm=1760.0, model='MB', filing='Fig1. To 0.03125'

  test_id=99272056010010A1P
    raw trim: type=str  value='(5) @ 8.62 x 8.62 Fig1. To 0.03125 AS CAST
  '
      [extract_trim] is_vertical=True  has_@=True
      [extract_trim] → _parse_vertical_trim
      [parse_vt] input='(5) @ 8.62 x 8.62 Fig1. To 0.03125 AS CAST'
      [parse_vt] regex matched 1 group(s)
        (5) @ 8.62 x 8.62  avg=8.6200  contrib=5×8.6200=43.1000
      [parse_vt] RESULT: 43.1000 / 5 = 8.6200
      [parse_vt] upper=8.6200  lower=8.6200
      [parse_vt] filing_info='Fig1. To 0.03125'
    → trim_diameter=8.62, num_stages=5, filing='Fig1. To 0.03125'
    → upper=8.6200, lower=8.6200, conical=no
    ✓ trim=8.6200, stages=5, rpm=1760.0, model='MB', filing='Fig1. To 0.03125'

  test_id=99272052860010A1P
    raw trim: type=str  value='(5) @ 8.74 x 8.74 Fig1. To 0.03125 AS CAST
  '
      [extract_trim] is_vertical=True  has_@=True
      [extract_trim] → _parse_vertical_trim
      [parse_vt] input='(5) @ 8.74 x 8.74 Fig1. To 0.03125 AS CAST'
      [parse_vt] regex matched 1 group(s)
        (5) @ 8.74 x 8.74  avg=8.7400  contrib=5×8.7400=43.7000
      [parse_vt] RESULT: 43.7000 / 5 = 8.7400
      [parse_vt] upper=8.7400  lower=8.7400
      [parse_vt] filing_info='Fig1. To 0.03125'
    → trim_diameter=8.74, num_stages=5, filing='Fig1. To 0.03125'
    → upper=8.7400, lower=8.7400, conical=no
    ✓ trim=8.7400, stages=5, rpm=1760.0, model='MB', filing='Fig1. To 0.03125'

  test_id=99272046600010A1P
    raw trim: type=str  value='(3) @ 8.6 x 8.6 Fig1. To 0.03125 AS CAST
  '
      [extract_trim] is_vertical=True  has_@=True
      [extract_trim] → _parse_vertical_trim
      [parse_vt] input='(3) @ 8.6 x 8.6 Fig1. To 0.03125 AS CAST'
      [parse_vt] regex matched 1 group(s)
        (3) @ 8.6 x 8.6  avg=8.6000  contrib=3×8.6000=25.8000
      [parse_vt] RESULT: 25.8000 / 3 = 8.6000
      [parse_vt] upper=8.6000  lower=8.6000
      [parse_vt] filing_info='Fig1. To 0.03125'
    → trim_diameter=8.6, num_stages=3, filing='Fig1. To 0.03125'
    → upper=8.6000, lower=8.6000, conical=no
    ✓ trim=8.6000, stages=3, rpm=1760.0, model='MB', filing='Fig1. To 0.03125'

  test_id=99272033870010A1P
    raw trim: type=str  value='(4) @ 8.86 x 8.86 Fig1. To 0.03125 AS CAST
  '
      [extract_trim] is_vertical=True  has_@=True
      [extract_trim] → _parse_vertical_trim
      [parse_vt] input='(4) @ 8.86 x 8.86 Fig1. To 0.03125 AS CAST'
      [parse_vt] regex matched 1 group(s)
        (4) @ 8.86 x 8.86  avg=8.8600  contrib=4×8.8600=35.4400
      [parse_vt] RESULT: 35.4400 / 4 = 8.8600
      [parse_vt] upper=8.8600  lower=8.8600
      [parse_vt] filing_info='Fig1. To 0.03125'
    → trim_diameter=8.86, num_stages=4, filing='Fig1. To 0.03125'
    → upper=8.8600, lower=8.8600, conical=no
    ✓ trim=8.8600, stages=4, rpm=1760.0, model='MB', filing='Fig1. To 0.03125'

  test_id=99272033440010A1P
    raw trim: type=str  value='(5) @ 8.66 x 8.66 Fig1. To 0.03125 AS CAST
  '
      [extract_trim] is_vertical=True  has_@=True
      [extract_trim] → _parse_vertical_trim
      [parse_vt] input='(5) @ 8.66 x 8.66 Fig1. To 0.03125 AS CAST'
      [parse_vt] regex matched 1 group(s)
        (5) @ 8.66 x 8.66  avg=8.6600  contrib=5×8.6600=43.3000
      [parse_vt] RESULT: 43.3000 / 5 = 8.6600
      [parse_vt] upper=8.6600  lower=8.6600
      [parse_vt] filing_info='Fig1. To 0.03125'
    → trim_diameter=8.66, num_stages=5, filing='Fig1. To 0.03125'
    → upper=8.6600, lower=8.6600, conical=no
    ✓ trim=8.6600, stages=5, rpm=1760.0, model='MB', filing='Fig1. To 0.03125'

  test_id=99271930350010A1P
    raw trim: type=str  value='(6) @ 8.96 x 8.96 Fig.1 to 0.03 As Cast'
      [extract_trim] is_vertical=True  has_@=True
      [extract_trim] → _parse_vertical_trim
      [parse_vt] input='(6) @ 8.96 x 8.96 Fig.1 to 0.03 As Cast'
      [parse_vt] regex matched 1 group(s)
        (6) @ 8.96 x 8.96  avg=8.9600  contrib=6×8.9600=53.7600
      [parse_vt] RESULT: 53.7600 / 6 = 8.9600
      [parse_vt] upper=8.9600  lower=8.9600
      [parse_vt] filing_info='Fig.1 to 0.03'
    → trim_diameter=8.96, num_stages=6, filing='Fig.1 to 0.03'
    → upper=8.9600, lower=8.9600, conical=no
    ✓ trim=8.9600, stages=6, rpm=1775.0, model='MB', filing='Fig.1 to 0.03'

  test_id=99271917070010A1P
    raw trim: type=str  value='(3) @ 8.9 x 8.9 Fig.1 to 0.03 As Cast'
      [extract_trim] is_vertical=True  has_@=True
      [extract_trim] → _parse_vertical_trim
      [parse_vt] input='(3) @ 8.9 x 8.9 Fig.1 to 0.03 As Cast'
      [parse_vt] regex matched 1 group(s)
        (3) @ 8.9 x 8.9  avg=8.9000  contrib=3×8.9000=26.7000
      [parse_vt] RESULT: 26.7000 / 3 = 8.9000
      [parse_vt] upper=8.9000  lower=8.9000
      [parse_vt] filing_info='Fig.1 to 0.03'
    → trim_diameter=8.9, num_stages=3, filing='Fig.1 to 0.03'
    → upper=8.9000, lower=8.9000, conical=no
    ✓ trim=8.9000, stages=3, rpm=1785.0, model='MB', filing='Fig.1 to 0.03'

  test_id=99271979790010A1P
    raw trim: type=str  value='(4) @ 8.96 x 8.96 Fig. 1 to 0.03 75RA
(2) @ 8.63 x 8.63 Fig. 1 to 0.03 75RA'
      [extract_trim] POLISHED detected in '(4) @ 8.96 x 8.96 Fig. 1 to 0.03 75RA
(2) @ 8.63 x 8.63 Fig. 1 to 0.03 75RA'
      [extract_trim] is_vertical=True  has_@=True
      [extract_trim] → _parse_vertical_trim
      [parse_vt] input='(4) @ 8.96 x 8.96 Fig. 1 to 0.03 75RA
(2) @ 8.63 x 8.63 Fig. 1 to 0.03 75RA'
      [parse_vt] regex matched 2 group(s)
        (4) @ 8.96 x 8.96  avg=8.9600  contrib=4×8.9600=35.8400
        (2) @ 8.63 x 8.63  avg=8.6300  contrib=2×8.6300=17.2600
      [parse_vt] RESULT: 53.1000 / 6 = 8.8500
      [parse_vt] upper=8.8500  lower=8.8500
      [parse_vt] filing_info='Fig. 1 to 0.03'
    → trim_diameter=8.850000000000001, num_stages=6, filing='Fig. 1 to 0.03'
    → upper=8.8500, lower=8.8500, conical=no
    → POLISHED impeller detected
    MT badge detected from impeller_trim: (4) @ 8.96 x 8.96 Fig. 1 to 0.03 75RA
(2) @ 8.63 x 8.63 Fig. 1 to 0.03 75RA
    ✓ trim=8.8500, stages=6, rpm=1760.0, model='MB', filing='Fig. 1 to 0.03'

  test_id=99271976320010A1P
    raw trim: type=str  value='(5) @ 8.96 x 8.96  Fig. 1 to 0.03 as cast'
      [extract_trim] is_vertical=True  has_@=True
      [extract_trim] → _parse_vertical_trim
      [parse_vt] input='(5) @ 8.96 x 8.96  Fig. 1 to 0.03 as cast'
      [parse_vt] regex matched 1 group(s)
        (5) @ 8.96 x 8.96  avg=8.9600  contrib=5×8.9600=44.8000
      [parse_vt] RESULT: 44.8000 / 5 = 8.9600
      [parse_vt] upper=8.9600  lower=8.9600
      [parse_vt] filing_info='Fig. 1 to 0.03'
    → trim_diameter=8.96, num_stages=5, filing='Fig. 1 to 0.03'
    → upper=8.9600, lower=8.9600, conical=no
    ✓ trim=8.9600, stages=5, rpm=1760.0, model='MB', filing='Fig. 1 to 0.03'

  test_id=99271976480010A1P
    raw trim: type=str  value='(3) @ 8.96 x 8.96 Fig. 2 to 0.01 75RA'
      [extract_trim] POLISHED detected in '(3) @ 8.96 x 8.96 Fig. 2 to 0.01 75RA'
      [extract_trim] is_vertical=True  has_@=True
      [extract_trim] → _parse_vertical_trim
      [parse_vt] input='(3) @ 8.96 x 8.96 Fig. 2 to 0.01 75RA'
      [parse_vt] regex matched 1 group(s)
        (3) @ 8.96 x 8.96  avg=8.9600  contrib=3×8.9600=26.8800
      [parse_vt] RESULT: 26.8800 / 3 = 8.9600
      [parse_vt] upper=8.9600  lower=8.9600
      [parse_vt] filing_info='Fig. 2 to 0.01'
    → trim_diameter=8.96, num_stages=3, filing='Fig. 2 to 0.01'
    → upper=8.9600, lower=8.9600, conical=no
    → POLISHED impeller detected
    ✓ trim=8.9600, stages=3, rpm=1760.0, model='MB', filing='Fig. 2 to 0.01'

  test_id=99271958690010A1P
    raw trim: type=str  value='(4) @ 8.96 x 8.96 Fig.1 to 0.03 As Cast                                (1) @ 8.75 x 8.75 Fig.1 to 0.03 As Cast'
      [extract_trim] is_vertical=True  has_@=True
      [extract_trim] → _parse_vertical_trim
      [parse_vt] input='(4) @ 8.96 x 8.96 Fig.1 to 0.03 As Cast                                (1) @ 8.75 x 8.75 Fig.1 to 0.03 As Cast'
      [parse_vt] regex matched 2 group(s)
        (4) @ 8.96 x 8.96  avg=8.9600  contrib=4×8.9600=35.8400
        (1) @ 8.75 x 8.75  avg=8.7500  contrib=1×8.7500=8.7500
      [parse_vt] RESULT: 44.5900 / 5 = 8.9180
      [parse_vt] upper=8.9180  lower=8.9180
      [parse_vt] filing_info='Fig.1 to 0.03'
    → trim_diameter=8.918000000000001, num_stages=5, filing='Fig.1 to 0.03'
    → upper=8.9180, lower=8.9180, conical=no
    MT badge detected from impeller_trim: (4) @ 8.96 x 8.96 Fig.1 to 0.03 As Cast                                (1) @ 8.75 x 8.75 Fig.1 to 0.03 As Cast
    ✓ trim=8.9180, stages=5, rpm=1760.0, model='MB', filing='Fig.1 to 0.03'

  test_id=99271958330010A1P
    raw trim: type=str  value='(4) @ 8.96 x 8.96 Fig.1 to 0.03 75ra                                      (1) @ 7.60 x 7.60 Fig.1 to 0.03 75ra'
      [extract_trim] POLISHED detected in '(4) @ 8.96 x 8.96 Fig.1 to 0.03 75ra                                      (1) @ 7.60 x 7.60 Fig.1 to 0.03 75ra'
      [extract_trim] is_vertical=True  has_@=True
      [extract_trim] → _parse_vertical_trim
      [parse_vt] input='(4) @ 8.96 x 8.96 Fig.1 to 0.03 75ra                                      (1) @ 7.60 x 7.60 Fig.1 to 0.03 75ra'
      [parse_vt] regex matched 2 group(s)
        (4) @ 8.96 x 8.96  avg=8.9600  contrib=4×8.9600=35.8400
        (1) @ 7.6 x 7.6  avg=7.6000  contrib=1×7.6000=7.6000
      [parse_vt] RESULT: 43.4400 / 5 = 8.6880
      [parse_vt] upper=8.6880  lower=8.6880
      [parse_vt] filing_info='Fig.1 to 0.03'
    → trim_diameter=8.688, num_stages=5, filing='Fig.1 to 0.03'
    → upper=8.6880, lower=8.6880, conical=no
    → POLISHED impeller detected
    MT badge detected from impeller_trim: (4) @ 8.96 x 8.96 Fig.1 to 0.03 75ra                                      (1) @ 7.60 x 7.60 Fig.1 to 0.03 75ra
    ✓ trim=8.6880, stages=5, rpm=1760.0, model='MB', filing='Fig.1 to 0.03'

  test_id=99271964520010A1P
    raw trim: type=str  value='(3) @ 8.96 x 8.96 Fig.1 to 0.03 As Cast                                      (2) @ 8.19 x 8.19 Fig.1 to 0.03 As Cast'
      [extract_trim] is_vertical=True  has_@=True
      [extract_trim] → _parse_vertical_trim
      [parse_vt] input='(3) @ 8.96 x 8.96 Fig.1 to 0.03 As Cast                                      (2) @ 8.19 x 8.19 Fig.1 to 0.03 As Cast'
      [parse_vt] regex matched 2 group(s)
        (3) @ 8.96 x 8.96  avg=8.9600  contrib=3×8.9600=26.8800
        (2) @ 8.19 x 8.19  avg=8.1900  contrib=2×8.1900=16.3800
      [parse_vt] RESULT: 43.2600 / 5 = 8.6520
      [parse_vt] upper=8.6520  lower=8.6520
      [parse_vt] filing_info='Fig.1 to 0.03'
    → trim_diameter=8.652000000000001, num_stages=5, filing='Fig.1 to 0.03'
    → upper=8.6520, lower=8.6520, conical=no
    MT badge detected from impeller_trim: (3) @ 8.96 x 8.96 Fig.1 to 0.03 As Cast                                      (2) @ 8.19 x 8.19 Fig.1 to 0.03 As Cast
    ✓ trim=8.6520, stages=5, rpm=1760.0, model='MB', filing='Fig.1 to 0.03'

  test_id=99271959350010A1P
    raw trim: type=str  value='(4) @ 8.57 x 8.57 Fig.1 to 0.03 As Cast'
      [extract_trim] is_vertical=True  has_@=True
      [extract_trim] → _parse_vertical_trim
      [parse_vt] input='(4) @ 8.57 x 8.57 Fig.1 to 0.03 As Cast'
      [parse_vt] regex matched 1 group(s)
        (4) @ 8.57 x 8.57  avg=8.5700  contrib=4×8.5700=34.2800
      [parse_vt] RESULT: 34.2800 / 4 = 8.5700
      [parse_vt] upper=8.5700  lower=8.5700
      [parse_vt] filing_info='Fig.1 to 0.03'
    → trim_diameter=8.57, num_stages=4, filing='Fig.1 to 0.03'
    → upper=8.5700, lower=8.5700, conical=no
    ✓ trim=8.5700, stages=4, rpm=1760.0, model='MB', filing='Fig.1 to 0.03'

  test_id=99271856860010A1P
    raw trim: type=str  value='(4) @ 8.96 x 8.96 Fig.1 to 0.03 As Cast'
      [extract_trim] is_vertical=True  has_@=True
      [extract_trim] → _parse_vertical_trim
      [parse_vt] input='(4) @ 8.96 x 8.96 Fig.1 to 0.03 As Cast'
      [parse_vt] regex matched 1 group(s)
        (4) @ 8.96 x 8.96  avg=8.9600  contrib=4×8.9600=35.8400
      [parse_vt] RESULT: 35.8400 / 4 = 8.9600
      [parse_vt] upper=8.9600  lower=8.9600
      [parse_vt] filing_info='Fig.1 to 0.03'
    → trim_diameter=8.96, num_stages=4, filing='Fig.1 to 0.03'
    → upper=8.9600, lower=8.9600, conical=no
    ✓ trim=8.9600, stages=4, rpm=1760.0, model='MB', filing='Fig.1 to 0.03'

  test_id=99271935000010A1P
    raw trim: type=str  value='(7) @ 8.67 x 8.67 Fig.1 to 0.03 As Cast'
      [extract_trim] is_vertical=True  has_@=True
      [extract_trim] → _parse_vertical_trim
      [parse_vt] input='(7) @ 8.67 x 8.67 Fig.1 to 0.03 As Cast'
      [parse_vt] regex matched 1 group(s)
        (7) @ 8.67 x 8.67  avg=8.6700  contrib=7×8.6700=60.6900
      [parse_vt] RESULT: 60.6900 / 7 = 8.6700
      [parse_vt] upper=8.6700  lower=8.6700
      [parse_vt] filing_info='Fig.1 to 0.03'
    → trim_diameter=8.67, num_stages=7, filing='Fig.1 to 0.03'
    → upper=8.6700, lower=8.6700, conical=no
    ✓ trim=8.6700, stages=7, rpm=1760.0, model='MB', filing='Fig.1 to 0.03'

  test_id=99271935550010A1P
    raw trim: type=str  value='(7) @ 8.70 x 8.70 Fig.1 to 0.03 As Cast'
      [extract_trim] is_vertical=True  has_@=True
      [extract_trim] → _parse_vertical_trim
      [parse_vt] input='(7) @ 8.70 x 8.70 Fig.1 to 0.03 As Cast'
      [parse_vt] regex matched 1 group(s)
        (7) @ 8.7 x 8.7  avg=8.7000  contrib=7×8.7000=60.9000
      [parse_vt] RESULT: 60.9000 / 7 = 8.7000
      [parse_vt] upper=8.7000  lower=8.7000
      [parse_vt] filing_info='Fig.1 to 0.03'
    → trim_diameter=8.7, num_stages=7, filing='Fig.1 to 0.03'
    → upper=8.7000, lower=8.7000, conical=no
    ✓ trim=8.7000, stages=7, rpm=1760.0, model='MB', filing='Fig.1 to 0.03'

  test_id=99271915920010A1P
    raw trim: type=str  value='(4) @ 8.96 x 8.96 Fig.1 to 0.03 As Cast                                (2) @ 8.19 x 8.19 Fig.1 to 0.03 As Cast'
      [extract_trim] is_vertical=True  has_@=True
      [extract_trim] → _parse_vertical_trim
      [parse_vt] input='(4) @ 8.96 x 8.96 Fig.1 to 0.03 As Cast                                (2) @ 8.19 x 8.19 Fig.1 to 0.03 As Cast'
      [parse_vt] regex matched 2 group(s)
        (4) @ 8.96 x 8.96  avg=8.9600  contrib=4×8.9600=35.8400
        (2) @ 8.19 x 8.19  avg=8.1900  contrib=2×8.1900=16.3800
      [parse_vt] RESULT: 52.2200 / 6 = 8.7033
      [parse_vt] upper=8.7033  lower=8.7033
      [parse_vt] filing_info='Fig.1 to 0.03'
    → trim_diameter=8.703333333333333, num_stages=6, filing='Fig.1 to 0.03'
    → upper=8.7033, lower=8.7033, conical=no
    MT badge detected from impeller_trim: (4) @ 8.96 x 8.96 Fig.1 to 0.03 As Cast                                (2) @ 8.19 x 8.19 Fig.1 to 0.03 As Cast
    ✓ trim=8.7033, stages=6, rpm=1760.0, model='MB', filing='Fig.1 to 0.03'

  test_id=99271914720010A1P
    raw trim: type=str  value='(3) @ 8.96 x 8.96 Fig.1 to 0.03 As Cast                                      (1) @ 8.15 x 8.15 Fig.1 to 0.03 As Cast'
      [extract_trim] is_vertical=True  has_@=True
      [extract_trim] → _parse_vertical_trim
      [parse_vt] input='(3) @ 8.96 x 8.96 Fig.1 to 0.03 As Cast                                      (1) @ 8.15 x 8.15 Fig.1 to 0.03 As Cast'
      [parse_vt] regex matched 2 group(s)
        (3) @ 8.96 x 8.96  avg=8.9600  contrib=3×8.9600=26.8800
        (1) @ 8.15 x 8.15  avg=8.1500  contrib=1×8.1500=8.1500
      [parse_vt] RESULT: 35.0300 / 4 = 8.7575
      [parse_vt] upper=8.7575  lower=8.7575
      [parse_vt] filing_info='Fig.1 to 0.03'
    → trim_diameter=8.7575, num_stages=4, filing='Fig.1 to 0.03'
    → upper=8.7575, lower=8.7575, conical=no
    MT badge detected from impeller_trim: (3) @ 8.96 x 8.96 Fig.1 to 0.03 As Cast                                      (1) @ 8.15 x 8.15 Fig.1 to 0.03 As Cast
    ✓ trim=8.7575, stages=4, rpm=1760.0, model='MB', filing='Fig.1 to 0.03'

  test_id=99271902460010A1P
    raw trim: type=str  value='(4) @ 8.53 x 8.53 Fig.1 to 0.03 As Cast'
      [extract_trim] is_vertical=True  has_@=True
      [extract_trim] → _parse_vertical_trim
      [parse_vt] input='(4) @ 8.53 x 8.53 Fig.1 to 0.03 As Cast'
      [parse_vt] regex matched 1 group(s)
        (4) @ 8.53 x 8.53  avg=8.5300  contrib=4×8.5300=34.1200
      [parse_vt] RESULT: 34.1200 / 4 = 8.5300
      [parse_vt] upper=8.5300  lower=8.5300
      [parse_vt] filing_info='Fig.1 to 0.03'
    → trim_diameter=8.53, num_stages=4, filing='Fig.1 to 0.03'
    → upper=8.5300, lower=8.5300, conical=no
    ✓ trim=8.5300, stages=4, rpm=1760.0, model='MB', filing='Fig.1 to 0.03'

  test_id=99271909300010B1P
    raw trim: type=str  value='(5) @ 8.96 x 8.96 Fig.1 to 0.03 As Cast                                               (4) @ 8.36 x 8.36 Fig.1 to 0.03 As Cast'
      [extract_trim] is_vertical=True  has_@=True
      [extract_trim] → _parse_vertical_trim
      [parse_vt] input='(5) @ 8.96 x 8.96 Fig.1 to 0.03 As Cast                                               (4) @ 8.36 x 8.36 Fig.1 to 0.03 As Cast'
      [parse_vt] regex matched 2 group(s)
        (5) @ 8.96 x 8.96  avg=8.9600  contrib=5×8.9600=44.8000
        (4) @ 8.36 x 8.36  avg=8.3600  contrib=4×8.3600=33.4400
      [parse_vt] RESULT: 78.2400 / 9 = 8.6933
      [parse_vt] upper=8.6933  lower=8.6933
      [parse_vt] filing_info='Fig.1 to 0.03'
    → trim_diameter=8.693333333333335, num_stages=9, filing='Fig.1 to 0.03'
    → upper=8.6933, lower=8.6933, conical=no
    MT badge detected from impeller_trim: (5) @ 8.96 x 8.96 Fig.1 to 0.03 As Cast                                               (4) @ 8.36 x 8.36 Fig.1 to 0.03 As Cast
    ✓ trim=8.6933, stages=9, rpm=1760.0, model='MB', filing='Fig.1 to 0.03'

  test_id=99271902750010A1P
    raw trim: type=str  value='(4) @ 8.96 x 8.96 Fig.1 to 0.03 75ra                                       (1) @ 7.6 x 7.6 Fig.1 to 0.03 75ra'
      [extract_trim] POLISHED detected in '(4) @ 8.96 x 8.96 Fig.1 to 0.03 75ra                                       (1) @ 7.6 x 7.6 Fig.1 to 0.03 75ra'
      [extract_trim] is_vertical=True  has_@=True
      [extract_trim] → _parse_vertical_trim
      [parse_vt] input='(4) @ 8.96 x 8.96 Fig.1 to 0.03 75ra                                       (1) @ 7.6 x 7.6 Fig.1 to 0.03 75ra'
      [parse_vt] regex matched 2 group(s)
        (4) @ 8.96 x 8.96  avg=8.9600  contrib=4×8.9600=35.8400
        (1) @ 7.6 x 7.6  avg=7.6000  contrib=1×7.6000=7.6000
      [parse_vt] RESULT: 43.4400 / 5 = 8.6880
      [parse_vt] upper=8.6880  lower=8.6880
      [parse_vt] filing_info='Fig.1 to 0.03'
    → trim_diameter=8.688, num_stages=5, filing='Fig.1 to 0.03'
    → upper=8.6880, lower=8.6880, conical=no
    → POLISHED impeller detected
    MT badge detected from impeller_trim: (4) @ 8.96 x 8.96 Fig.1 to 0.03 75ra                                       (1) @ 7.6 x 7.6 Fig.1 to 0.03 75ra
    ✓ trim=8.6880, stages=5, rpm=1760.0, model='MB', filing='Fig.1 to 0.03'

  test_id=99271909300010A1P
    raw trim: type=str  value='(5) @ 8.96 x 8.96 Fig.1 to 0.03 As Cast                                               (4) @ 8.36 x 8.36 Fig.1 to 0.03 As Cast'
      [extract_trim] is_vertical=True  has_@=True
      [extract_trim] → _parse_vertical_trim
      [parse_vt] input='(5) @ 8.96 x 8.96 Fig.1 to 0.03 As Cast                                               (4) @ 8.36 x 8.36 Fig.1 to 0.03 As Cast'
      [parse_vt] regex matched 2 group(s)
        (5) @ 8.96 x 8.96  avg=8.9600  contrib=5×8.9600=44.8000
        (4) @ 8.36 x 8.36  avg=8.3600  contrib=4×8.3600=33.4400
      [parse_vt] RESULT: 78.2400 / 9 = 8.6933
      [parse_vt] upper=8.6933  lower=8.6933
      [parse_vt] filing_info='Fig.1 to 0.03'
    → trim_diameter=8.693333333333335, num_stages=9, filing='Fig.1 to 0.03'
    → upper=8.6933, lower=8.6933, conical=no
    MT badge detected from impeller_trim: (5) @ 8.96 x 8.96 Fig.1 to 0.03 As Cast                                               (4) @ 8.36 x 8.36 Fig.1 to 0.03 As Cast
    ✓ trim=8.6933, stages=9, rpm=1760.0, model='MB', filing='Fig.1 to 0.03'

  test_id=99271894230010A1P
    raw trim: type=str  value='(6) @ 8.51 x 8.51 Fig.1 to 0.03 As Cast'
      [extract_trim] is_vertical=True  has_@=True
      [extract_trim] → _parse_vertical_trim
      [parse_vt] input='(6) @ 8.51 x 8.51 Fig.1 to 0.03 As Cast'
      [parse_vt] regex matched 1 group(s)
        (6) @ 8.51 x 8.51  avg=8.5100  contrib=6×8.5100=51.0600
      [parse_vt] RESULT: 51.0600 / 6 = 8.5100
      [parse_vt] upper=8.5100  lower=8.5100
      [parse_vt] filing_info='Fig.1 to 0.03'
    → trim_diameter=8.51, num_stages=6, filing='Fig.1 to 0.03'
    → upper=8.5100, lower=8.5100, conical=no
    ✓ trim=8.5100, stages=6, rpm=1760.0, model='MB', filing='Fig.1 to 0.03'

  test_id=99271877070010A1P
    raw trim: type=str  value='(4) @ 8.63 x 8.63 Fig.1 to 0.03 As Cast'
      [extract_trim] is_vertical=True  has_@=True
      [extract_trim] → _parse_vertical_trim
      [parse_vt] input='(4) @ 8.63 x 8.63 Fig.1 to 0.03 As Cast'
      [parse_vt] regex matched 1 group(s)
        (4) @ 8.63 x 8.63  avg=8.6300  contrib=4×8.6300=34.5200
      [parse_vt] RESULT: 34.5200 / 4 = 8.6300
      [parse_vt] upper=8.6300  lower=8.6300
      [parse_vt] filing_info='Fig.1 to 0.03'
    → trim_diameter=8.63, num_stages=4, filing='Fig.1 to 0.03'
    → upper=8.6300, lower=8.6300, conical=no
    ✓ trim=8.6300, stages=4, rpm=1760.0, model='MB', filing='Fig.1 to 0.03'

  test_id=99271877010010B1P
    raw trim: type=str  value='(6) @ 8.96 x 8.96 Fig.1 to 0.03 As Cast                                           (2) @ 8.23 x 8.23 Deburr Only As Cast'
      [extract_trim] is_vertical=True  has_@=True
      [extract_trim] → _parse_vertical_trim
      [parse_vt] input='(6) @ 8.96 x 8.96 Fig.1 to 0.03 As Cast                                           (2) @ 8.23 x 8.23 Deburr Only As Cast'
      [parse_vt] regex matched 2 group(s)
        (6) @ 8.96 x 8.96  avg=8.9600  contrib=6×8.9600=53.7600
        (2) @ 8.23 x 8.23  avg=8.2300  contrib=2×8.2300=16.4600
      [parse_vt] RESULT: 70.2200 / 8 = 8.7775
      [parse_vt] upper=8.7775  lower=8.7775
      [parse_vt] filing_info='Fig.1 to 0.03'
    → trim_diameter=8.7775, num_stages=8, filing='Fig.1 to 0.03'
    → upper=8.7775, lower=8.7775, conical=no
    MT badge detected from impeller_trim: (6) @ 8.96 x 8.96 Fig.1 to 0.03 As Cast                                           (2) @ 8.23 x 8.23 Deburr Only As Cast
    ✓ trim=8.7775, stages=8, rpm=1760.0, model='MB', filing='Fig.1 to 0.03'

  test_id=99271844890010A1P
    raw trim: type=str  value='(2) @ 8.7 x 8.7 Fig.1 to 0.03 75Ra'
      [extract_trim] POLISHED detected in '(2) @ 8.7 x 8.7 Fig.1 to 0.03 75Ra'
      [extract_trim] is_vertical=True  has_@=True
      [extract_trim] → _parse_vertical_trim
      [parse_vt] input='(2) @ 8.7 x 8.7 Fig.1 to 0.03 75Ra'
      [parse_vt] regex matched 1 group(s)
        (2) @ 8.7 x 8.7  avg=8.7000  contrib=2×8.7000=17.4000
      [parse_vt] RESULT: 17.4000 / 2 = 8.7000
      [parse_vt] upper=8.7000  lower=8.7000
      [parse_vt] filing_info='Fig.1 to 0.03'
    → trim_diameter=8.7, num_stages=2, filing='Fig.1 to 0.03'
    → upper=8.7000, lower=8.7000, conical=no
    → POLISHED impeller detected
    ✓ trim=8.7000, stages=2, rpm=1760.0, model='MB', filing='Fig.1 to 0.03'

  test_id=99271894220010A1P
    raw trim: type=str  value='(5) @ 8.49 x 8.49 Fig.1 to 0.03 As Cast'
      [extract_trim] is_vertical=True  has_@=True
      [extract_trim] → _parse_vertical_trim
      [parse_vt] input='(5) @ 8.49 x 8.49 Fig.1 to 0.03 As Cast'
      [parse_vt] regex matched 1 group(s)
        (5) @ 8.49 x 8.49  avg=8.4900  contrib=5×8.4900=42.4500
      [parse_vt] RESULT: 42.4500 / 5 = 8.4900
      [parse_vt] upper=8.4900  lower=8.4900
      [parse_vt] filing_info='Fig.1 to 0.03'
    → trim_diameter=8.49, num_stages=5, filing='Fig.1 to 0.03'
    → upper=8.4900, lower=8.4900, conical=no
    ✓ trim=8.4900, stages=5, rpm=1760.0, model='MB', filing='Fig.1 to 0.03'

  test_id=99271877010010A1P
    raw trim: type=str  value='(6) @ 8.96 x 8.96 Fig.1 to 0.03 As Cast                                           (2) @ 7.85 x 7.85 Fig.1 to 0.03 As Cast'
      [extract_trim] is_vertical=True  has_@=True
      [extract_trim] → _parse_vertical_trim
      [parse_vt] input='(6) @ 8.96 x 8.96 Fig.1 to 0.03 As Cast                                           (2) @ 7.85 x 7.85 Fig.1 to 0.03 As Cast'
      [parse_vt] regex matched 2 group(s)
        (6) @ 8.96 x 8.96  avg=8.9600  contrib=6×8.9600=53.7600
        (2) @ 7.85 x 7.85  avg=7.8500  contrib=2×7.8500=15.7000
      [parse_vt] RESULT: 69.4600 / 8 = 8.6825
      [parse_vt] upper=8.6825  lower=8.6825
      [parse_vt] filing_info='Fig.1 to 0.03'
    → trim_diameter=8.682500000000001, num_stages=8, filing='Fig.1 to 0.03'
    → upper=8.6825, lower=8.6825, conical=no
    MT badge detected from impeller_trim: (6) @ 8.96 x 8.96 Fig.1 to 0.03 As Cast                                           (2) @ 7.85 x 7.85 Fig.1 to 0.03 As Cast
    ✓ trim=8.6825, stages=8, rpm=1760.0, model='MB', filing='Fig.1 to 0.03'

  test_id=99271894700010A1P
    raw trim: type=str  value='(3) @ 8.69 x 8.69 Fig.1 to 0.03 75RA'
      [extract_trim] POLISHED detected in '(3) @ 8.69 x 8.69 Fig.1 to 0.03 75RA'
      [extract_trim] is_vertical=True  has_@=True
      [extract_trim] → _parse_vertical_trim
      [parse_vt] input='(3) @ 8.69 x 8.69 Fig.1 to 0.03 75RA'
      [parse_vt] regex matched 1 group(s)
        (3) @ 8.69 x 8.69  avg=8.6900  contrib=3×8.6900=26.0700
      [parse_vt] RESULT: 26.0700 / 3 = 8.6900
      [parse_vt] upper=8.6900  lower=8.6900
      [parse_vt] filing_info='Fig.1 to 0.03'
    → trim_diameter=8.69, num_stages=3, filing='Fig.1 to 0.03'
    → upper=8.6900, lower=8.6900, conical=no
    → POLISHED impeller detected
    ✓ trim=8.6900, stages=3, rpm=1760.0, model='MB', filing='Fig.1 to 0.03'

  test_id=99271848820012A1P
    raw trim: type=str  value='(4) @ 8.63 x 8.63 Fig.1 to 0.03 50RA'
      [extract_trim] POLISHED detected in '(4) @ 8.63 x 8.63 Fig.1 to 0.03 50RA'
      [extract_trim] is_vertical=True  has_@=True
      [extract_trim] → _parse_vertical_trim
      [parse_vt] input='(4) @ 8.63 x 8.63 Fig.1 to 0.03 50RA'
      [parse_vt] regex matched 1 group(s)
        (4) @ 8.63 x 8.63  avg=8.6300  contrib=4×8.6300=34.5200
      [parse_vt] RESULT: 34.5200 / 4 = 8.6300
      [parse_vt] upper=8.6300  lower=8.6300
      [parse_vt] filing_info='Fig.1 to 0.03'
    → trim_diameter=8.63, num_stages=4, filing='Fig.1 to 0.03'
    → upper=8.6300, lower=8.6300, conical=no
    → POLISHED impeller detected
    ✓ trim=8.6300, stages=4, rpm=1760.0, model='MB', filing='Fig.1 to 0.03'

  test_id=99271868300011A1P
    raw trim: type=str  value='(6) @ 8.59 x 8.59 Fig.1 to 0.03 As Cast'
      [extract_trim] is_vertical=True  has_@=True
      [extract_trim] → _parse_vertical_trim
      [parse_vt] input='(6) @ 8.59 x 8.59 Fig.1 to 0.03 As Cast'
      [parse_vt] regex matched 1 group(s)
        (6) @ 8.59 x 8.59  avg=8.5900  contrib=6×8.5900=51.5400
      [parse_vt] RESULT: 51.5400 / 6 = 8.5900
      [parse_vt] upper=8.5900  lower=8.5900
      [parse_vt] filing_info='Fig.1 to 0.03'
    → trim_diameter=8.59, num_stages=6, filing='Fig.1 to 0.03'
    → upper=8.5900, lower=8.5900, conical=no
    ✓ trim=8.5900, stages=6, rpm=1760.0, model='MB', filing='Fig.1 to 0.03'

  test_id=99271877120010A1P
    raw trim: type=str  value='(4) @ 8.63 x 8.63 Fig.1 to 0.03 50RA'
      [extract_trim] POLISHED detected in '(4) @ 8.63 x 8.63 Fig.1 to 0.03 50RA'
      [extract_trim] is_vertical=True  has_@=True
      [extract_trim] → _parse_vertical_trim
      [parse_vt] input='(4) @ 8.63 x 8.63 Fig.1 to 0.03 50RA'
      [parse_vt] regex matched 1 group(s)
        (4) @ 8.63 x 8.63  avg=8.6300  contrib=4×8.6300=34.5200
      [parse_vt] RESULT: 34.5200 / 4 = 8.6300
      [parse_vt] upper=8.6300  lower=8.6300
      [parse_vt] filing_info='Fig.1 to 0.03'
    → trim_diameter=8.63, num_stages=4, filing='Fig.1 to 0.03'
    → upper=8.6300, lower=8.6300, conical=no
    → POLISHED impeller detected
    ✓ trim=8.6300, stages=4, rpm=1760.0, model='MB', filing='Fig.1 to 0.03'

  test_id=99271877870010A1P
    raw trim: type=str  value='(3) @ 8.4 x 8.4 Fig.2 to 0.01 50RA'
      [extract_trim] POLISHED detected in '(3) @ 8.4 x 8.4 Fig.2 to 0.01 50RA'
      [extract_trim] is_vertical=True  has_@=True
      [extract_trim] → _parse_vertical_trim
      [parse_vt] input='(3) @ 8.4 x 8.4 Fig.2 to 0.01 50RA'
      [parse_vt] regex matched 1 group(s)
        (3) @ 8.4 x 8.4  avg=8.4000  contrib=3×8.4000=25.2000
      [parse_vt] RESULT: 25.2000 / 3 = 8.4000
      [parse_vt] upper=8.4000  lower=8.4000
      [parse_vt] filing_info='Fig.2 to 0.01'
    → trim_diameter=8.4, num_stages=3, filing='Fig.2 to 0.01'
    → upper=8.4000, lower=8.4000, conical=no
    → POLISHED impeller detected
    ✓ trim=8.4000, stages=3, rpm=1760.0, model='MB', filing='Fig.2 to 0.01'

  test_id=99271850470010A1P
    raw trim: type=str  value='(3) @ 8.52 x 8.52 Fig.1 to 0.03 75RA'
      [extract_trim] POLISHED detected in '(3) @ 8.52 x 8.52 Fig.1 to 0.03 75RA'
      [extract_trim] is_vertical=True  has_@=True
      [extract_trim] → _parse_vertical_trim
      [parse_vt] input='(3) @ 8.52 x 8.52 Fig.1 to 0.03 75RA'
      [parse_vt] regex matched 1 group(s)
        (3) @ 8.52 x 8.52  avg=8.5200  contrib=3×8.5200=25.5600
      [parse_vt] RESULT: 25.5600 / 3 = 8.5200
      [parse_vt] upper=8.5200  lower=8.5200
      [parse_vt] filing_info='Fig.1 to 0.03'
    → trim_diameter=8.52, num_stages=3, filing='Fig.1 to 0.03'
    → upper=8.5200, lower=8.5200, conical=no
    → POLISHED impeller detected
    ✓ trim=8.5200, stages=3, rpm=1750.0, model='MB', filing='Fig.1 to 0.03'

  test_id=99271857420012A1P
    raw trim: type=str  value='(4) @ 8.57 x 8.57 Fig.1 to 0.03 As Cast'
      [extract_trim] is_vertical=True  has_@=True
      [extract_trim] → _parse_vertical_trim
      [parse_vt] input='(4) @ 8.57 x 8.57 Fig.1 to 0.03 As Cast'
      [parse_vt] regex matched 1 group(s)
        (4) @ 8.57 x 8.57  avg=8.5700  contrib=4×8.5700=34.2800
      [parse_vt] RESULT: 34.2800 / 4 = 8.5700
      [parse_vt] upper=8.5700  lower=8.5700
      [parse_vt] filing_info='Fig.1 to 0.03'
    → trim_diameter=8.57, num_stages=4, filing='Fig.1 to 0.03'
    → upper=8.5700, lower=8.5700, conical=no
    ✓ trim=8.5700, stages=4, rpm=1760.0, model='MB', filing='Fig.1 to 0.03'

  test_id=99271834830012A1P
    raw trim: type=str  value='(6) @ 8.96 x 8.96 Fig.1 to 0.03 As Cast                                        (2) @ 8.64 x 8.64 Fig.1 to 0.03 As Cast'
      [extract_trim] is_vertical=True  has_@=True
      [extract_trim] → _parse_vertical_trim
      [parse_vt] input='(6) @ 8.96 x 8.96 Fig.1 to 0.03 As Cast                                        (2) @ 8.64 x 8.64 Fig.1 to 0.03 As Cast'
      [parse_vt] regex matched 2 group(s)
        (6) @ 8.96 x 8.96  avg=8.9600  contrib=6×8.9600=53.7600
        (2) @ 8.64 x 8.64  avg=8.6400  contrib=2×8.6400=17.2800
      [parse_vt] RESULT: 71.0400 / 8 = 8.8800
      [parse_vt] upper=8.8800  lower=8.8800
      [parse_vt] filing_info='Fig.1 to 0.03'
    → trim_diameter=8.88, num_stages=8, filing='Fig.1 to 0.03'
    → upper=8.8800, lower=8.8800, conical=no
    MT badge detected from impeller_trim: (6) @ 8.96 x 8.96 Fig.1 to 0.03 As Cast                                        (2) @ 8.64 x 8.64 Fig.1 to 0.03 As Cast
    ✓ trim=8.8800, stages=8, rpm=1760.0, model='MB', filing='Fig.1 to 0.03'

  test_id=99271844850012A1P
    raw trim: type=str  value='(4) @ 8.96 x 8.96 Fig.1 to 0.03 As Cast                                    (1) @ 8.75 x 8.75 Fig.1 to 0.03 As Cast'
      [extract_trim] is_vertical=True  has_@=True
      [extract_trim] → _parse_vertical_trim
      [parse_vt] input='(4) @ 8.96 x 8.96 Fig.1 to 0.03 As Cast                                    (1) @ 8.75 x 8.75 Fig.1 to 0.03 As Cast'
      [parse_vt] regex matched 2 group(s)
        (4) @ 8.96 x 8.96  avg=8.9600  contrib=4×8.9600=35.8400
        (1) @ 8.75 x 8.75  avg=8.7500  contrib=1×8.7500=8.7500
      [parse_vt] RESULT: 44.5900 / 5 = 8.9180
      [parse_vt] upper=8.9180  lower=8.9180
      [parse_vt] filing_info='Fig.1 to 0.03'
    → trim_diameter=8.918000000000001, num_stages=5, filing='Fig.1 to 0.03'
    → upper=8.9180, lower=8.9180, conical=no
    MT badge detected from impeller_trim: (4) @ 8.96 x 8.96 Fig.1 to 0.03 As Cast                                    (1) @ 8.75 x 8.75 Fig.1 to 0.03 As Cast
    ✓ trim=8.9180, stages=5, rpm=1760.0, model='MB', filing='Fig.1 to 0.03'

  test_id=99271816210182A1P
    raw trim: type=str  value='(5) @ 8.96 x 8.96 Fig.1 to 0.03 As Cast'
      [extract_trim] is_vertical=True  has_@=True
      [extract_trim] → _parse_vertical_trim
      [parse_vt] input='(5) @ 8.96 x 8.96 Fig.1 to 0.03 As Cast'
      [parse_vt] regex matched 1 group(s)
        (5) @ 8.96 x 8.96  avg=8.9600  contrib=5×8.9600=44.8000
      [parse_vt] RESULT: 44.8000 / 5 = 8.9600
      [parse_vt] upper=8.9600  lower=8.9600
      [parse_vt] filing_info='Fig.1 to 0.03'
    → trim_diameter=8.96, num_stages=5, filing='Fig.1 to 0.03'
    → upper=8.9600, lower=8.9600, conical=no
    ✓ trim=8.9600, stages=5, rpm=1760.0, model='MB', filing='Fig.1 to 0.03'

  test_id=99271825120012A1P
    raw trim: type=str  value='(3) @ 8.96 x 8.96 Fig.1 to 0.03 75RA                                                    (1) @ 8.15 x 8.15 Fig.1 to 0.03 75RA'
      [extract_trim] POLISHED detected in '(3) @ 8.96 x 8.96 Fig.1 to 0.03 75RA                                                    (1) @ 8.15 x 8.15 Fig.1 to 0.03 75RA'
      [extract_trim] is_vertical=True  has_@=True
      [extract_trim] → _parse_vertical_trim
      [parse_vt] input='(3) @ 8.96 x 8.96 Fig.1 to 0.03 75RA                                                    (1) @ 8.15 x 8.15 Fig.1 to 0.03 75RA'
      [parse_vt] regex matched 2 group(s)
        (3) @ 8.96 x 8.96  avg=8.9600  contrib=3×8.9600=26.8800
        (1) @ 8.15 x 8.15  avg=8.1500  contrib=1×8.1500=8.1500
      [parse_vt] RESULT: 35.0300 / 4 = 8.7575
      [parse_vt] upper=8.7575  lower=8.7575
      [parse_vt] filing_info='Fig.1 to 0.03'
    → trim_diameter=8.7575, num_stages=4, filing='Fig.1 to 0.03'
    → upper=8.7575, lower=8.7575, conical=no
    → POLISHED impeller detected
    MT badge detected from impeller_trim: (3) @ 8.96 x 8.96 Fig.1 to 0.03 75RA                                                    (1) @ 8.15 x 8.15 Fig.1 to 0.03 75RA
    ✓ trim=8.7575, stages=4, rpm=1760.0, model='MB', filing='Fig.1 to 0.03'

  test_id=99271827490012A1P
    raw trim: type=str  value='(4) @ 8.96 x 8.96 Fig.1 to 0.03 75RA                                          (3) @ 8.06 x 8.06 Fig.1 to 0.03 75RA'
      [extract_trim] POLISHED detected in '(4) @ 8.96 x 8.96 Fig.1 to 0.03 75RA                                          (3) @ 8.06 x 8.06 Fig.1 to 0.03 75RA'
      [extract_trim] is_vertical=True  has_@=True
      [extract_trim] → _parse_vertical_trim
      [parse_vt] input='(4) @ 8.96 x 8.96 Fig.1 to 0.03 75RA                                          (3) @ 8.06 x 8.06 Fig.1 to 0.03 75RA'
      [parse_vt] regex matched 2 group(s)
        (4) @ 8.96 x 8.96  avg=8.9600  contrib=4×8.9600=35.8400
        (3) @ 8.06 x 8.06  avg=8.0600  contrib=3×8.0600=24.1800
      [parse_vt] RESULT: 60.0200 / 7 = 8.5743
      [parse_vt] upper=8.5743  lower=8.5743
      [parse_vt] filing_info='Fig.1 to 0.03'
    → trim_diameter=8.574285714285715, num_stages=7, filing='Fig.1 to 0.03'
    → upper=8.5743, lower=8.5743, conical=no
    → POLISHED impeller detected
    MT badge detected from impeller_trim: (4) @ 8.96 x 8.96 Fig.1 to 0.03 75RA                                          (3) @ 8.06 x 8.06 Fig.1 to 0.03 75RA
    ✓ trim=8.5743, stages=7, rpm=1760.0, model='MB', filing='Fig.1 to 0.03'

  test_id=99271807330011A1P
    raw trim: type=str  value='(4) @ 8.96 x 8.96 Fig.1 to 0.03 As Cast                             (2) @ 8.03 x 8.03 Fig.1 to 0.03 75RA'
      [extract_trim] POLISHED detected in '(4) @ 8.96 x 8.96 Fig.1 to 0.03 As Cast                             (2) @ 8.03 x 8.03 Fig.1 to 0.03 75RA'
      [extract_trim] is_vertical=True  has_@=True
      [extract_trim] → _parse_vertical_trim
      [parse_vt] input='(4) @ 8.96 x 8.96 Fig.1 to 0.03 As Cast                             (2) @ 8.03 x 8.03 Fig.1 to 0.03 75RA'
      [parse_vt] regex matched 2 group(s)
        (4) @ 8.96 x 8.96  avg=8.9600  contrib=4×8.9600=35.8400
        (2) @ 8.03 x 8.03  avg=8.0300  contrib=2×8.0300=16.0600
      [parse_vt] RESULT: 51.9000 / 6 = 8.6500
      [parse_vt] upper=8.6500  lower=8.6500
      [parse_vt] filing_info='Fig.1 to 0.03'
    → trim_diameter=8.65, num_stages=6, filing='Fig.1 to 0.03'
    → upper=8.6500, lower=8.6500, conical=no
    → POLISHED impeller detected
    MT badge detected from impeller_trim: (4) @ 8.96 x 8.96 Fig.1 to 0.03 As Cast                             (2) @ 8.03 x 8.03 Fig.1 to 0.03 75RA
    ✓ trim=8.6500, stages=6, rpm=1760.0, model='MB', filing='Fig.1 to 0.03'

  test_id=99271816210012A1P
    raw trim: type=str  value='(6) @ 8.51 x 8.51 Fig.1 to 0.03 As Cast'
      [extract_trim] is_vertical=True  has_@=True
      [extract_trim] → _parse_vertical_trim
      [parse_vt] input='(6) @ 8.51 x 8.51 Fig.1 to 0.03 As Cast'
      [parse_vt] regex matched 1 group(s)
        (6) @ 8.51 x 8.51  avg=8.5100  contrib=6×8.5100=51.0600
      [parse_vt] RESULT: 51.0600 / 6 = 8.5100
      [parse_vt] upper=8.5100  lower=8.5100
      [parse_vt] filing_info='Fig.1 to 0.03'
    → trim_diameter=8.51, num_stages=6, filing='Fig.1 to 0.03'
    → upper=8.5100, lower=8.5100, conical=no
    ✓ trim=8.5100, stages=6, rpm=1760.0, model='MB', filing='Fig.1 to 0.03'

  test_id=99271793060012B1P
    raw trim: type=str  value='(8) @ 8.96 x 8.96 Fig.1 to 0.03 As Cast                                                    (1) @ 8.56 x 8.56 Fig.1 to 0.03 As Cast'
      [extract_trim] is_vertical=True  has_@=True
      [extract_trim] → _parse_vertical_trim
      [parse_vt] input='(8) @ 8.96 x 8.96 Fig.1 to 0.03 As Cast                                                    (1) @ 8.56 x 8.56 Fig.1 to 0.03 As Cast'
      [parse_vt] regex matched 2 group(s)
        (8) @ 8.96 x 8.96  avg=8.9600  contrib=8×8.9600=71.6800
        (1) @ 8.56 x 8.56  avg=8.5600  contrib=1×8.5600=8.5600
      [parse_vt] RESULT: 80.2400 / 9 = 8.9156
      [parse_vt] upper=8.9156  lower=8.9156
      [parse_vt] filing_info='Fig.1 to 0.03'
    → trim_diameter=8.915555555555557, num_stages=9, filing='Fig.1 to 0.03'
    → upper=8.9156, lower=8.9156, conical=no
    MT badge detected from impeller_trim: (8) @ 8.96 x 8.96 Fig.1 to 0.03 As Cast                                                    (1) @ 8.56 x 8.56 Fig.1 to 0.03 As Cast
    ✓ trim=8.9156, stages=9, rpm=1760.0, model='MB', filing='Fig.1 to 0.03'

  test_id=99271793060012A1P
    raw trim: type=str  value='(8) @ 8.96 x 8.96 Fig.1 to 0.03 As Cast                                                    (1) @ 8.56 x 8.56 Fig.1 to 0.03 As Cast'
      [extract_trim] is_vertical=True  has_@=True
      [extract_trim] → _parse_vertical_trim
      [parse_vt] input='(8) @ 8.96 x 8.96 Fig.1 to 0.03 As Cast                                                    (1) @ 8.56 x 8.56 Fig.1 to 0.03 As Cast'
      [parse_vt] regex matched 2 group(s)
        (8) @ 8.96 x 8.96  avg=8.9600  contrib=8×8.9600=71.6800
        (1) @ 8.56 x 8.56  avg=8.5600  contrib=1×8.5600=8.5600
      [parse_vt] RESULT: 80.2400 / 9 = 8.9156
      [parse_vt] upper=8.9156  lower=8.9156
      [parse_vt] filing_info='Fig.1 to 0.03'
    → trim_diameter=8.915555555555557, num_stages=9, filing='Fig.1 to 0.03'
    → upper=8.9156, lower=8.9156, conical=no
    MT badge detected from impeller_trim: (8) @ 8.96 x 8.96 Fig.1 to 0.03 As Cast                                                    (1) @ 8.56 x 8.56 Fig.1 to 0.03 As Cast
    ✓ trim=8.9156, stages=9, rpm=1760.0, model='MB', filing='Fig.1 to 0.03'

  test_id=99271797280012A1P
    raw trim: type=str  value='(7) @ 8.62 x 8.62 Fig.1 to 0.03 As Cast'
      [extract_trim] is_vertical=True  has_@=True
      [extract_trim] → _parse_vertical_trim
      [parse_vt] input='(7) @ 8.62 x 8.62 Fig.1 to 0.03 As Cast'
      [parse_vt] regex matched 1 group(s)
        (7) @ 8.62 x 8.62  avg=8.6200  contrib=7×8.6200=60.3400
      [parse_vt] RESULT: 60.3400 / 7 = 8.6200
      [parse_vt] upper=8.6200  lower=8.6200
      [parse_vt] filing_info='Fig.1 to 0.03'
    → trim_diameter=8.62, num_stages=7, filing='Fig.1 to 0.03'
    → upper=8.6200, lower=8.6200, conical=no
    ✓ trim=8.6200, stages=7, rpm=1760.0, model='MB', filing='Fig.1 to 0.03'

  test_id=99271795100012A1P
    raw trim: type=str  value='(6) @ 8.51 x 8.51 Fig. 1 to 0.03 As Cast'
      [extract_trim] is_vertical=True  has_@=True
      [extract_trim] → _parse_vertical_trim
      [parse_vt] input='(6) @ 8.51 x 8.51 Fig. 1 to 0.03 As Cast'
      [parse_vt] regex matched 1 group(s)
        (6) @ 8.51 x 8.51  avg=8.5100  contrib=6×8.5100=51.0600
      [parse_vt] RESULT: 51.0600 / 6 = 8.5100
      [parse_vt] upper=8.5100  lower=8.5100
      [parse_vt] filing_info='Fig. 1 to 0.03'
    → trim_diameter=8.51, num_stages=6, filing='Fig. 1 to 0.03'
    → upper=8.5100, lower=8.5100, conical=no
    ✓ trim=8.5100, stages=6, rpm=1760.0, model='MB', filing='Fig. 1 to 0.03'

  test_id=99271800210012A1P
    raw trim: type=str  value='(4) @ 8.57 x 8.57 Fig.1 to 0.03 As Cast'
      [extract_trim] is_vertical=True  has_@=True
      [extract_trim] → _parse_vertical_trim
      [parse_vt] input='(4) @ 8.57 x 8.57 Fig.1 to 0.03 As Cast'
      [parse_vt] regex matched 1 group(s)
        (4) @ 8.57 x 8.57  avg=8.5700  contrib=4×8.5700=34.2800
      [parse_vt] RESULT: 34.2800 / 4 = 8.5700
      [parse_vt] upper=8.5700  lower=8.5700
      [parse_vt] filing_info='Fig.1 to 0.03'
    → trim_diameter=8.57, num_stages=4, filing='Fig.1 to 0.03'
    → upper=8.5700, lower=8.5700, conical=no
    ✓ trim=8.5700, stages=4, rpm=1760.0, model='MB', filing='Fig.1 to 0.03'

  test_id=99271772280001A1P
    raw trim: type=str  value='(11) @ 8.96 x 8.96 Fig. 1 to 0.03 As Cast  '
      [extract_trim] is_vertical=True  has_@=True
      [extract_trim] → _parse_vertical_trim
      [parse_vt] input='(11) @ 8.96 x 8.96 Fig. 1 to 0.03 As Cast'
      [parse_vt] regex matched 1 group(s)
        (11) @ 8.96 x 8.96  avg=8.9600  contrib=11×8.9600=98.5600
      [parse_vt] RESULT: 98.5600 / 11 = 8.9600
      [parse_vt] upper=8.9600  lower=8.9600
      [parse_vt] filing_info='Fig. 1 to 0.03'
    → trim_diameter=8.96, num_stages=11, filing='Fig. 1 to 0.03'
    → upper=8.9600, lower=8.9600, conical=no
    ✓ trim=8.9600, stages=11, rpm=1760.0, model='MB', filing='Fig. 1 to 0.03'

  test_id=99271793790012A1P
    raw trim: type=str  value='(2) @ 8.96 x 8.96 Fig.1 to 0.03 As Cast                                        (1) @ 8.75 x 8.75 Fig.1 to 0.03 As Cast'
      [extract_trim] is_vertical=True  has_@=True
      [extract_trim] → _parse_vertical_trim
      [parse_vt] input='(2) @ 8.96 x 8.96 Fig.1 to 0.03 As Cast                                        (1) @ 8.75 x 8.75 Fig.1 to 0.03 As Cast'
      [parse_vt] regex matched 2 group(s)
        (2) @ 8.96 x 8.96  avg=8.9600  contrib=2×8.9600=17.9200
        (1) @ 8.75 x 8.75  avg=8.7500  contrib=1×8.7500=8.7500
      [parse_vt] RESULT: 26.6700 / 3 = 8.8900
      [parse_vt] upper=8.8900  lower=8.8900
      [parse_vt] filing_info='Fig.1 to 0.03'
    → trim_diameter=8.89, num_stages=3, filing='Fig.1 to 0.03'
    → upper=8.8900, lower=8.8900, conical=no
    MT badge detected from impeller_trim: (2) @ 8.96 x 8.96 Fig.1 to 0.03 As Cast                                        (1) @ 8.75 x 8.75 Fig.1 to 0.03 As Cast
    ✓ trim=8.8900, stages=3, rpm=1760.0, model='MB', filing='Fig.1 to 0.03'

  test_id=99271793850012A1P
    raw trim: type=str  value='(4) @ 8.96 x 8.96 Fig.1 to 0.03 75RA                                          (2) @ 8.63 x 8.63 Fig.1 to 0.03 75RA'
      [extract_trim] POLISHED detected in '(4) @ 8.96 x 8.96 Fig.1 to 0.03 75RA                                          (2) @ 8.63 x 8.63 Fig.1 to 0.03 75RA'
      [extract_trim] is_vertical=True  has_@=True
      [extract_trim] → _parse_vertical_trim
      [parse_vt] input='(4) @ 8.96 x 8.96 Fig.1 to 0.03 75RA                                          (2) @ 8.63 x 8.63 Fig.1 to 0.03 75RA'
      [parse_vt] regex matched 2 group(s)
        (4) @ 8.96 x 8.96  avg=8.9600  contrib=4×8.9600=35.8400
        (2) @ 8.63 x 8.63  avg=8.6300  contrib=2×8.6300=17.2600
      [parse_vt] RESULT: 53.1000 / 6 = 8.8500
      [parse_vt] upper=8.8500  lower=8.8500
      [parse_vt] filing_info='Fig.1 to 0.03'
    → trim_diameter=8.850000000000001, num_stages=6, filing='Fig.1 to 0.03'
    → upper=8.8500, lower=8.8500, conical=no
    → POLISHED impeller detected
    MT badge detected from impeller_trim: (4) @ 8.96 x 8.96 Fig.1 to 0.03 75RA                                          (2) @ 8.63 x 8.63 Fig.1 to 0.03 75RA
    ✓ trim=8.8500, stages=6, rpm=1760.0, model='MB', filing='Fig.1 to 0.03'

  test_id=99271793340012A1P
    raw trim: type=str  value='(2) @ 8.96 x 8.96 Fig.1 to 0.03 As Cast                                        (1) @ 8.75 x 8.75 Fig.1 to 0.03 As Cast'
      [extract_trim] is_vertical=True  has_@=True
      [extract_trim] → _parse_vertical_trim
      [parse_vt] input='(2) @ 8.96 x 8.96 Fig.1 to 0.03 As Cast                                        (1) @ 8.75 x 8.75 Fig.1 to 0.03 As Cast'
      [parse_vt] regex matched 2 group(s)
        (2) @ 8.96 x 8.96  avg=8.9600  contrib=2×8.9600=17.9200
        (1) @ 8.75 x 8.75  avg=8.7500  contrib=1×8.7500=8.7500
      [parse_vt] RESULT: 26.6700 / 3 = 8.8900
      [parse_vt] upper=8.8900  lower=8.8900
      [parse_vt] filing_info='Fig.1 to 0.03'
    → trim_diameter=8.89, num_stages=3, filing='Fig.1 to 0.03'
    → upper=8.8900, lower=8.8900, conical=no
    MT badge detected from impeller_trim: (2) @ 8.96 x 8.96 Fig.1 to 0.03 As Cast                                        (1) @ 8.75 x 8.75 Fig.1 to 0.03 As Cast
    ✓ trim=8.8900, stages=3, rpm=1760.0, model='MB', filing='Fig.1 to 0.03'

  test_id=99271761650010A1P
    raw trim: type=str  value='(3) @ 8.38 x 8.38 Fig. 1 to 0.03 As Cast'
      [extract_trim] is_vertical=True  has_@=True
      [extract_trim] → _parse_vertical_trim
      [parse_vt] input='(3) @ 8.38 x 8.38 Fig. 1 to 0.03 As Cast'
      [parse_vt] regex matched 1 group(s)
        (3) @ 8.38 x 8.38  avg=8.3800  contrib=3×8.3800=25.1400
      [parse_vt] RESULT: 25.1400 / 3 = 8.3800
      [parse_vt] upper=8.3800  lower=8.3800
      [parse_vt] filing_info='Fig. 1 to 0.03'
    → trim_diameter=8.38, num_stages=3, filing='Fig. 1 to 0.03'
    → upper=8.3800, lower=8.3800, conical=no
    ✓ trim=8.3800, stages=3, rpm=1760.0, model='MB', filing='Fig. 1 to 0.03'

  test_id=5011300960010C1P
    raw trim: type=str  value='(1) @ 8.96 x 8.96 Fig.1 to 0.03 75RA                                  (2) @ 8.38 x 8.38 Fig.1 to 0.03 75RA'
      [extract_trim] POLISHED detected in '(1) @ 8.96 x 8.96 Fig.1 to 0.03 75RA                                  (2) @ 8.38 x 8.38 Fig.1 to 0.03 75RA'
      [extract_trim] is_vertical=True  has_@=True
      [extract_trim] → _parse_vertical_trim
      [parse_vt] input='(1) @ 8.96 x 8.96 Fig.1 to 0.03 75RA                                  (2) @ 8.38 x 8.38 Fig.1 to 0.03 75RA'
      [parse_vt] regex matched 2 group(s)
        (1) @ 8.96 x 8.96  avg=8.9600  contrib=1×8.9600=8.9600
        (2) @ 8.38 x 8.38  avg=8.3800  contrib=2×8.3800=16.7600
      [parse_vt] RESULT: 25.7200 / 3 = 8.5733
      [parse_vt] upper=8.5733  lower=8.5733
      [parse_vt] filing_info='Fig.1 to 0.03'
    → trim_diameter=8.573333333333334, num_stages=3, filing='Fig.1 to 0.03'
    → upper=8.5733, lower=8.5733, conical=no
    → POLISHED impeller detected
    MT badge detected from impeller_trim: (1) @ 8.96 x 8.96 Fig.1 to 0.03 75RA                                  (2) @ 8.38 x 8.38 Fig.1 to 0.03 75RA
    ✓ trim=8.5733, stages=3, rpm=1780.0, model='MB', filing='Fig.1 to 0.03'

  test_id=5011300960010B1P
    raw trim: type=str  value='(1) @ 8.96 x 8.96 Fig.1 to 0.03 75RA                                  (2) @ 8.38 x 8.38 Fig.1 to 0.03 75RA'
      [extract_trim] POLISHED detected in '(1) @ 8.96 x 8.96 Fig.1 to 0.03 75RA                                  (2) @ 8.38 x 8.38 Fig.1 to 0.03 75RA'
      [extract_trim] is_vertical=True  has_@=True
      [extract_trim] → _parse_vertical_trim
      [parse_vt] input='(1) @ 8.96 x 8.96 Fig.1 to 0.03 75RA                                  (2) @ 8.38 x 8.38 Fig.1 to 0.03 75RA'
      [parse_vt] regex matched 2 group(s)
        (1) @ 8.96 x 8.96  avg=8.9600  contrib=1×8.9600=8.9600
        (2) @ 8.38 x 8.38  avg=8.3800  contrib=2×8.3800=16.7600
      [parse_vt] RESULT: 25.7200 / 3 = 8.5733
      [parse_vt] upper=8.5733  lower=8.5733
      [parse_vt] filing_info='Fig.1 to 0.03'
    → trim_diameter=8.573333333333334, num_stages=3, filing='Fig.1 to 0.03'
    → upper=8.5733, lower=8.5733, conical=no
    → POLISHED impeller detected
    MT badge detected from impeller_trim: (1) @ 8.96 x 8.96 Fig.1 to 0.03 75RA                                  (2) @ 8.38 x 8.38 Fig.1 to 0.03 75RA
    ✓ trim=8.5733, stages=3, rpm=1780.0, model='MB', filing='Fig.1 to 0.03'

  test_id=99271761640010A1P
    raw trim: type=str  value='(2) @ 8.8 x 8.8 Fig.1 to 0.03 As Cast'
      [extract_trim] is_vertical=True  has_@=True
      [extract_trim] → _parse_vertical_trim
      [parse_vt] input='(2) @ 8.8 x 8.8 Fig.1 to 0.03 As Cast'
      [parse_vt] regex matched 1 group(s)
        (2) @ 8.8 x 8.8  avg=8.8000  contrib=2×8.8000=17.6000
      [parse_vt] RESULT: 17.6000 / 2 = 8.8000
      [parse_vt] upper=8.8000  lower=8.8000
      [parse_vt] filing_info='Fig.1 to 0.03'
    → trim_diameter=8.8, num_stages=2, filing='Fig.1 to 0.03'
    → upper=8.8000, lower=8.8000, conical=no
    ✓ trim=8.8000, stages=2, rpm=1760.0, model='MB', filing='Fig.1 to 0.03'

  test_id=99271761630010A1P
    raw trim: type=str  value='(2) @ 8.8 x 8.8 Fig.1 to 0.03 As Cast'
      [extract_trim] is_vertical=True  has_@=True
      [extract_trim] → _parse_vertical_trim
      [parse_vt] input='(2) @ 8.8 x 8.8 Fig.1 to 0.03 As Cast'
      [parse_vt] regex matched 1 group(s)
        (2) @ 8.8 x 8.8  avg=8.8000  contrib=2×8.8000=17.6000
      [parse_vt] RESULT: 17.6000 / 2 = 8.8000
      [parse_vt] upper=8.8000  lower=8.8000
      [parse_vt] filing_info='Fig.1 to 0.03'
    → trim_diameter=8.8, num_stages=2, filing='Fig.1 to 0.03'
    → upper=8.8000, lower=8.8000, conical=no
    ✓ trim=8.8000, stages=2, rpm=1760.0, model='MB', filing='Fig.1 to 0.03'

  test_id=5011300960010A1P
    raw trim: type=str  value='(1) @ 8.96 x 8.96 Fig.1 to 0.03 75RA                                  (2) @ 8.38 x 8.38 Fig.1 to 0.03 75RA'
      [extract_trim] POLISHED detected in '(1) @ 8.96 x 8.96 Fig.1 to 0.03 75RA                                  (2) @ 8.38 x 8.38 Fig.1 to 0.03 75RA'
      [extract_trim] is_vertical=True  has_@=True
      [extract_trim] → _parse_vertical_trim
      [parse_vt] input='(1) @ 8.96 x 8.96 Fig.1 to 0.03 75RA                                  (2) @ 8.38 x 8.38 Fig.1 to 0.03 75RA'
      [parse_vt] regex matched 2 group(s)
        (1) @ 8.96 x 8.96  avg=8.9600  contrib=1×8.9600=8.9600
        (2) @ 8.38 x 8.38  avg=8.3800  contrib=2×8.3800=16.7600
      [parse_vt] RESULT: 25.7200 / 3 = 8.5733
      [parse_vt] upper=8.5733  lower=8.5733
      [parse_vt] filing_info='Fig.1 to 0.03'
    → trim_diameter=8.573333333333334, num_stages=3, filing='Fig.1 to 0.03'
    → upper=8.5733, lower=8.5733, conical=no
    → POLISHED impeller detected
    MT badge detected from impeller_trim: (1) @ 8.96 x 8.96 Fig.1 to 0.03 75RA                                  (2) @ 8.38 x 8.38 Fig.1 to 0.03 75RA
    ✓ trim=8.5733, stages=3, rpm=1780.0, model='MB', filing='Fig.1 to 0.03'

  test_id=99271770180012A1P
    raw trim: type=str  value='(4) @ 8.96 x 8.96 Fig.1 to 0.03 As Cast'
      [extract_trim] is_vertical=True  has_@=True
      [extract_trim] → _parse_vertical_trim
      [parse_vt] input='(4) @ 8.96 x 8.96 Fig.1 to 0.03 As Cast'
      [parse_vt] regex matched 1 group(s)
        (4) @ 8.96 x 8.96  avg=8.9600  contrib=4×8.9600=35.8400
      [parse_vt] RESULT: 35.8400 / 4 = 8.9600
      [parse_vt] upper=8.9600  lower=8.9600
      [parse_vt] filing_info='Fig.1 to 0.03'
    → trim_diameter=8.96, num_stages=4, filing='Fig.1 to 0.03'
    → upper=8.9600, lower=8.9600, conical=no
    ✓ trim=8.9600, stages=4, rpm=1760.0, model='MB', filing='Fig.1 to 0.03'

  test_id=99271771700012A1P
    raw trim: type=str  value='(3) @ 8.96 x 8.96 Fig.1 to 0.03 75RA                                         (2) @ 8.19 x 8.19 Fig.1 to 0.03 75RA'
      [extract_trim] POLISHED detected in '(3) @ 8.96 x 8.96 Fig.1 to 0.03 75RA                                         (2) @ 8.19 x 8.19 Fig.1 to 0.03 75RA'
      [extract_trim] is_vertical=True  has_@=True
      [extract_trim] → _parse_vertical_trim
      [parse_vt] input='(3) @ 8.96 x 8.96 Fig.1 to 0.03 75RA                                         (2) @ 8.19 x 8.19 Fig.1 to 0.03 75RA'
      [parse_vt] regex matched 2 group(s)
        (3) @ 8.96 x 8.96  avg=8.9600  contrib=3×8.9600=26.8800
        (2) @ 8.19 x 8.19  avg=8.1900  contrib=2×8.1900=16.3800
      [parse_vt] RESULT: 43.2600 / 5 = 8.6520
      [parse_vt] upper=8.6520  lower=8.6520
      [parse_vt] filing_info='Fig.1 to 0.03'
    → trim_diameter=8.652000000000001, num_stages=5, filing='Fig.1 to 0.03'
    → upper=8.6520, lower=8.6520, conical=no
    → POLISHED impeller detected
    MT badge detected from impeller_trim: (3) @ 8.96 x 8.96 Fig.1 to 0.03 75RA                                         (2) @ 8.19 x 8.19 Fig.1 to 0.03 75RA
    ✓ trim=8.6520, stages=5, rpm=1760.0, model='MB', filing='Fig.1 to 0.03'

  test_id=99271763970012A1P
    raw trim: type=str  value='(6) @ 8.51 x 8.51 Fig. 1 to 0.03 As Cast'
      [extract_trim] is_vertical=True  has_@=True
      [extract_trim] → _parse_vertical_trim
      [parse_vt] input='(6) @ 8.51 x 8.51 Fig. 1 to 0.03 As Cast'
      [parse_vt] regex matched 1 group(s)
        (6) @ 8.51 x 8.51  avg=8.5100  contrib=6×8.5100=51.0600
      [parse_vt] RESULT: 51.0600 / 6 = 8.5100
      [parse_vt] upper=8.5100  lower=8.5100
      [parse_vt] filing_info='Fig. 1 to 0.03'
    → trim_diameter=8.51, num_stages=6, filing='Fig. 1 to 0.03'
    → upper=8.5100, lower=8.5100, conical=no
    ✓ trim=8.5100, stages=6, rpm=1760.0, model='MB', filing='Fig. 1 to 0.03'

  test_id=99271752390021A1P
    raw trim: type=str  value='(5) @ 8.59 x 8.59 Fig.1 to 0.03 As Cast'
      [extract_trim] is_vertical=True  has_@=True
      [extract_trim] → _parse_vertical_trim
      [parse_vt] input='(5) @ 8.59 x 8.59 Fig.1 to 0.03 As Cast'
      [parse_vt] regex matched 1 group(s)
        (5) @ 8.59 x 8.59  avg=8.5900  contrib=5×8.5900=42.9500
      [parse_vt] RESULT: 42.9500 / 5 = 8.5900
      [parse_vt] upper=8.5900  lower=8.5900
      [parse_vt] filing_info='Fig.1 to 0.03'
    → trim_diameter=8.59, num_stages=5, filing='Fig.1 to 0.03'
    → upper=8.5900, lower=8.5900, conical=no
    ✓ trim=8.5900, stages=5, rpm=1760.0, model='MB', filing='Fig.1 to 0.03'

  test_id=99271757090012A1P
    raw trim: type=str  value='(4) @ 8.96 x 8.96 Fig.1 to 0.03 As Cast                                   (1) @ 8.75 x 8.75 Fig.1 to 0.03 As Cast'
      [extract_trim] is_vertical=True  has_@=True
      [extract_trim] → _parse_vertical_trim
      [parse_vt] input='(4) @ 8.96 x 8.96 Fig.1 to 0.03 As Cast                                   (1) @ 8.75 x 8.75 Fig.1 to 0.03 As Cast'
      [parse_vt] regex matched 2 group(s)
        (4) @ 8.96 x 8.96  avg=8.9600  contrib=4×8.9600=35.8400
        (1) @ 8.75 x 8.75  avg=8.7500  contrib=1×8.7500=8.7500
      [parse_vt] RESULT: 44.5900 / 5 = 8.9180
      [parse_vt] upper=8.9180  lower=8.9180
      [parse_vt] filing_info='Fig.1 to 0.03'
    → trim_diameter=8.918000000000001, num_stages=5, filing='Fig.1 to 0.03'
    → upper=8.9180, lower=8.9180, conical=no
    MT badge detected from impeller_trim: (4) @ 8.96 x 8.96 Fig.1 to 0.03 As Cast                                   (1) @ 8.75 x 8.75 Fig.1 to 0.03 As Cast
    ✓ trim=8.9180, stages=5, rpm=1760.0, model='MB', filing='Fig.1 to 0.03'

  test_id=99271746200021B1P
    raw trim: type=str  value='(5) @ 8.96 x 8.96 Fig.1 to 0.03 50RA                                           (3) @ 7.98 x 7.98 Fig.1 to 0.03 50RA'
      [extract_trim] POLISHED detected in '(5) @ 8.96 x 8.96 Fig.1 to 0.03 50RA                                           (3) @ 7.98 x 7.98 Fig.1 to 0.03 50RA'
      [extract_trim] is_vertical=True  has_@=True
      [extract_trim] → _parse_vertical_trim
      [parse_vt] input='(5) @ 8.96 x 8.96 Fig.1 to 0.03 50RA                                           (3) @ 7.98 x 7.98 Fig.1 to 0.03 50RA'
      [parse_vt] regex matched 2 group(s)
        (5) @ 8.96 x 8.96  avg=8.9600  contrib=5×8.9600=44.8000
        (3) @ 7.98 x 7.98  avg=7.9800  contrib=3×7.9800=23.9400
      [parse_vt] RESULT: 68.7400 / 8 = 8.5925
      [parse_vt] upper=8.5925  lower=8.5925
      [parse_vt] filing_info='Fig.1 to 0.03'
    → trim_diameter=8.592500000000001, num_stages=8, filing='Fig.1 to 0.03'
    → upper=8.5925, lower=8.5925, conical=no
    → POLISHED impeller detected
    MT badge detected from impeller_trim: (5) @ 8.96 x 8.96 Fig.1 to 0.03 50RA                                           (3) @ 7.98 x 7.98 Fig.1 to 0.03 50RA
    ✓ trim=8.5925, stages=8, rpm=1760.0, model='MB', filing='Fig.1 to 0.03'

  test_id=99271746200021A1P
    raw trim: type=str  value='(5) @ 8.96 x 8.96 Fig.1 to 0.03 50RA                                           (3) @ 7.98 x 7.98 Fig.1 to 0.03 50RA'
      [extract_trim] POLISHED detected in '(5) @ 8.96 x 8.96 Fig.1 to 0.03 50RA                                           (3) @ 7.98 x 7.98 Fig.1 to 0.03 50RA'
      [extract_trim] is_vertical=True  has_@=True
      [extract_trim] → _parse_vertical_trim
      [parse_vt] input='(5) @ 8.96 x 8.96 Fig.1 to 0.03 50RA                                           (3) @ 7.98 x 7.98 Fig.1 to 0.03 50RA'
      [parse_vt] regex matched 2 group(s)
        (5) @ 8.96 x 8.96  avg=8.9600  contrib=5×8.9600=44.8000
        (3) @ 7.98 x 7.98  avg=7.9800  contrib=3×7.9800=23.9400
      [parse_vt] RESULT: 68.7400 / 8 = 8.5925
      [parse_vt] upper=8.5925  lower=8.5925
      [parse_vt] filing_info='Fig.1 to 0.03'
    → trim_diameter=8.592500000000001, num_stages=8, filing='Fig.1 to 0.03'
    → upper=8.5925, lower=8.5925, conical=no
    → POLISHED impeller detected
    MT badge detected from impeller_trim: (5) @ 8.96 x 8.96 Fig.1 to 0.03 50RA                                           (3) @ 7.98 x 7.98 Fig.1 to 0.03 50RA
    ✓ trim=8.5925, stages=8, rpm=1760.0, model='MB', filing='Fig.1 to 0.03'

  test_id=99271746880010A1P
    raw trim: type=str  value='(4) @ 8.96 x 8.96 Fig.1 to 0.03 As Cast                                          (1) @ 8.63 x 8.63 Fig.1 to 0.03 As Cast'
      [extract_trim] is_vertical=True  has_@=True
      [extract_trim] → _parse_vertical_trim
      [parse_vt] input='(4) @ 8.96 x 8.96 Fig.1 to 0.03 As Cast                                          (1) @ 8.63 x 8.63 Fig.1 to 0.03 As Cast'
      [parse_vt] regex matched 2 group(s)
        (4) @ 8.96 x 8.96  avg=8.9600  contrib=4×8.9600=35.8400
        (1) @ 8.63 x 8.63  avg=8.6300  contrib=1×8.6300=8.6300
      [parse_vt] RESULT: 44.4700 / 5 = 8.8940
      [parse_vt] upper=8.8940  lower=8.8940
      [parse_vt] filing_info='Fig.1 to 0.03'
    → trim_diameter=8.894000000000002, num_stages=5, filing='Fig.1 to 0.03'
    → upper=8.8940, lower=8.8940, conical=no
    MT badge detected from impeller_trim: (4) @ 8.96 x 8.96 Fig.1 to 0.03 As Cast                                          (1) @ 8.63 x 8.63 Fig.1 to 0.03 As Cast
    ✓ trim=8.8940, stages=5, rpm=1760.0, model='MB', filing='Fig.1 to 0.03'

  test_id=99271744270021A1P
    raw trim: type=str  value='(3) @ 8.69 x 8.69 Fig.1 to 0.03 75RA'
      [extract_trim] POLISHED detected in '(3) @ 8.69 x 8.69 Fig.1 to 0.03 75RA'
      [extract_trim] is_vertical=True  has_@=True
      [extract_trim] → _parse_vertical_trim
      [parse_vt] input='(3) @ 8.69 x 8.69 Fig.1 to 0.03 75RA'
      [parse_vt] regex matched 1 group(s)
        (3) @ 8.69 x 8.69  avg=8.6900  contrib=3×8.6900=26.0700
      [parse_vt] RESULT: 26.0700 / 3 = 8.6900
      [parse_vt] upper=8.6900  lower=8.6900
      [parse_vt] filing_info='Fig.1 to 0.03'
    → trim_diameter=8.69, num_stages=3, filing='Fig.1 to 0.03'
    → upper=8.6900, lower=8.6900, conical=no
    → POLISHED impeller detected
    ✓ trim=8.6900, stages=3, rpm=1760.0, model='MB', filing='Fig.1 to 0.03'

  test_id=99271743320021A1P
    raw trim: type=str  value='(5) @ 8.59 x 8.59 Fig.1 to 0.03 As Cast'
      [extract_trim] is_vertical=True  has_@=True
      [extract_trim] → _parse_vertical_trim
      [parse_vt] input='(5) @ 8.59 x 8.59 Fig.1 to 0.03 As Cast'
      [parse_vt] regex matched 1 group(s)
        (5) @ 8.59 x 8.59  avg=8.5900  contrib=5×8.5900=42.9500
      [parse_vt] RESULT: 42.9500 / 5 = 8.5900
      [parse_vt] upper=8.5900  lower=8.5900
      [parse_vt] filing_info='Fig.1 to 0.03'
    → trim_diameter=8.59, num_stages=5, filing='Fig.1 to 0.03'
    → upper=8.5900, lower=8.5900, conical=no
    ✓ trim=8.5900, stages=5, rpm=1760.0, model='MB', filing='Fig.1 to 0.03'

  test_id=99271738120021A1P
    raw trim: type=str  value='(10) 8.76 x 8.76  Fig. 1 to 1/16  as cast'
      [extract_trim] is_vertical=True  has_@=False
      [extract_trim] *** is_vertical but no '@' — falling through to generic
      [extract_trim] x-format: (8.76+8.76)/2 = 8.76
    → trim_diameter=8.76, num_stages=1, filing=''
    → upper=8.7600, lower=8.7600, conical=no
    stages fallback: 1 → 10 (from 'num_stages' column)
    ✓ trim=8.7600, stages=10, rpm=1460.0, model='MB', filing=''

  test_id=99271733580021B1P
    raw trim: type=str  value='(6) @ 8.96 x 8.96 Fig.1 to 0.03 As Cast                                         (2) @ 8.03 x 8.03 Fig.1 to 0.03 As Cast'
      [extract_trim] is_vertical=True  has_@=True
      [extract_trim] → _parse_vertical_trim
      [parse_vt] input='(6) @ 8.96 x 8.96 Fig.1 to 0.03 As Cast                                         (2) @ 8.03 x 8.03 Fig.1 to 0.03 As Cast'
      [parse_vt] regex matched 2 group(s)
        (6) @ 8.96 x 8.96  avg=8.9600  contrib=6×8.9600=53.7600
        (2) @ 8.03 x 8.03  avg=8.0300  contrib=2×8.0300=16.0600
      [parse_vt] RESULT: 69.8200 / 8 = 8.7275
      [parse_vt] upper=8.7275  lower=8.7275
      [parse_vt] filing_info='Fig.1 to 0.03'
    → trim_diameter=8.727500000000001, num_stages=8, filing='Fig.1 to 0.03'
    → upper=8.7275, lower=8.7275, conical=no
    MT badge detected from impeller_trim: (6) @ 8.96 x 8.96 Fig.1 to 0.03 As Cast                                         (2) @ 8.03 x 8.03 Fig.1 to 0.03 As Cast
    ✓ trim=8.7275, stages=8, rpm=1760.0, model='MB', filing='Fig.1 to 0.03'

  test_id=99271733580021A1P
    raw trim: type=str  value='(6) @ 8.96 x 8.96 Fig.1 to 0.03 As Cast                                         (2) @ 8.03 x 8.03 Fig.1 to 0.03 As Cast'
      [extract_trim] is_vertical=True  has_@=True
      [extract_trim] → _parse_vertical_trim
      [parse_vt] input='(6) @ 8.96 x 8.96 Fig.1 to 0.03 As Cast                                         (2) @ 8.03 x 8.03 Fig.1 to 0.03 As Cast'
      [parse_vt] regex matched 2 group(s)
        (6) @ 8.96 x 8.96  avg=8.9600  contrib=6×8.9600=53.7600
        (2) @ 8.03 x 8.03  avg=8.0300  contrib=2×8.0300=16.0600
      [parse_vt] RESULT: 69.8200 / 8 = 8.7275
      [parse_vt] upper=8.7275  lower=8.7275
      [parse_vt] filing_info='Fig.1 to 0.03'
    → trim_diameter=8.727500000000001, num_stages=8, filing='Fig.1 to 0.03'
    → upper=8.7275, lower=8.7275, conical=no
    MT badge detected from impeller_trim: (6) @ 8.96 x 8.96 Fig.1 to 0.03 As Cast                                         (2) @ 8.03 x 8.03 Fig.1 to 0.03 As Cast
    ✓ trim=8.7275, stages=8, rpm=1760.0, model='MB', filing='Fig.1 to 0.03'

  test_id=99271732310021A1P
    raw trim: type=str  value='(3) @ 8.96 x 8.96 Fig.1 to 0.03 As Cast                                      (1) @ 8.73 x 8.73 Fig.1 to 0.03 As Cast'
      [extract_trim] is_vertical=True  has_@=True
      [extract_trim] → _parse_vertical_trim
      [parse_vt] input='(3) @ 8.96 x 8.96 Fig.1 to 0.03 As Cast                                      (1) @ 8.73 x 8.73 Fig.1 to 0.03 As Cast'
      [parse_vt] regex matched 2 group(s)
        (3) @ 8.96 x 8.96  avg=8.9600  contrib=3×8.9600=26.8800
        (1) @ 8.73 x 8.73  avg=8.7300  contrib=1×8.7300=8.7300
      [parse_vt] RESULT: 35.6100 / 4 = 8.9025
      [parse_vt] upper=8.9025  lower=8.9025
      [parse_vt] filing_info='Fig.1 to 0.03'
    → trim_diameter=8.9025, num_stages=4, filing='Fig.1 to 0.03'
    → upper=8.9025, lower=8.9025, conical=no
    MT badge detected from impeller_trim: (3) @ 8.96 x 8.96 Fig.1 to 0.03 As Cast                                      (1) @ 8.73 x 8.73 Fig.1 to 0.03 As Cast
    ✓ trim=8.9025, stages=4, rpm=1760.0, model='MB', filing='Fig.1 to 0.03'

  test_id=99271723550021A1P
    raw trim: type=str  value='(6) @ 8.96 x 8.96 Fig.1 to 0.03 As Cast                                         (2) @ 8.48 x 8.48 Fig.1 to 0.03 As Cast'
      [extract_trim] is_vertical=True  has_@=True
      [extract_trim] → _parse_vertical_trim
      [parse_vt] input='(6) @ 8.96 x 8.96 Fig.1 to 0.03 As Cast                                         (2) @ 8.48 x 8.48 Fig.1 to 0.03 As Cast'
      [parse_vt] regex matched 2 group(s)
        (6) @ 8.96 x 8.96  avg=8.9600  contrib=6×8.9600=53.7600
        (2) @ 8.48 x 8.48  avg=8.4800  contrib=2×8.4800=16.9600
      [parse_vt] RESULT: 70.7200 / 8 = 8.8400
      [parse_vt] upper=8.8400  lower=8.8400
      [parse_vt] filing_info='Fig.1 to 0.03'
    → trim_diameter=8.84, num_stages=8, filing='Fig.1 to 0.03'
    → upper=8.8400, lower=8.8400, conical=no
    MT badge detected from impeller_trim: (6) @ 8.96 x 8.96 Fig.1 to 0.03 As Cast                                         (2) @ 8.48 x 8.48 Fig.1 to 0.03 As Cast
    ✓ trim=8.8400, stages=8, rpm=1760.0, model='MB', filing='Fig.1 to 0.03'

  test_id=9927170767A3P
    raw trim: type=str  value='(1) @ 8.96 x 8.96 Fig.1 to 0.03 75RA                                                                                                                (3) @ 8.57 x 8.57 Fig.2 to 0.01 75RA'
      [extract_trim] POLISHED detected in '(1) @ 8.96 x 8.96 Fig.1 to 0.03 75RA                                                                                                                (3) @ 8.57 x 8.57 Fig.2 to 0.01 75RA'
      [extract_trim] is_vertical=True  has_@=True
      [extract_trim] → _parse_vertical_trim
      [parse_vt] input='(1) @ 8.96 x 8.96 Fig.1 to 0.03 75RA                                                                                                                (3) @ 8.57 x 8.57 Fig.2 to 0.01 75RA'
      [parse_vt] regex matched 2 group(s)
        (1) @ 8.96 x 8.96  avg=8.9600  contrib=1×8.9600=8.9600
        (3) @ 8.57 x 8.57  avg=8.5700  contrib=3×8.5700=25.7100
      [parse_vt] RESULT: 34.6700 / 4 = 8.6675
      [parse_vt] upper=8.6675  lower=8.6675
      [parse_vt] filing_info='Fig.1 to 0.03'
    → trim_diameter=8.6675, num_stages=4, filing='Fig.1 to 0.03'
    → upper=8.6675, lower=8.6675, conical=no
    → POLISHED impeller detected
    MT badge detected from impeller_trim: (1) @ 8.96 x 8.96 Fig.1 to 0.03 75RA                                                                                                                (3) @ 8.57 x 8.57 Fig.2 to 0.01 75RA
    ✓ trim=8.6675, stages=4, rpm=1760.0, model='MB', filing='Fig.1 to 0.03'

  test_id=9927170767A2P
    raw trim: type=str  value='(4) @ 8.57 x 8.57 Fig.2 to 0.01 75RA'
      [extract_trim] POLISHED detected in '(4) @ 8.57 x 8.57 Fig.2 to 0.01 75RA'
      [extract_trim] is_vertical=True  has_@=True
      [extract_trim] → _parse_vertical_trim
      [parse_vt] input='(4) @ 8.57 x 8.57 Fig.2 to 0.01 75RA'
      [parse_vt] regex matched 1 group(s)
        (4) @ 8.57 x 8.57  avg=8.5700  contrib=4×8.5700=34.2800
      [parse_vt] RESULT: 34.2800 / 4 = 8.5700
      [parse_vt] upper=8.5700  lower=8.5700
      [parse_vt] filing_info='Fig.2 to 0.01'
    → trim_diameter=8.57, num_stages=4, filing='Fig.2 to 0.01'
    → upper=8.5700, lower=8.5700, conical=no
    → POLISHED impeller detected
    ✓ trim=8.5700, stages=4, rpm=1760.0, model='MB', filing='Fig.2 to 0.01'

  test_id=9927170831A1P
    raw trim: type=str  value='(4) @ 8.96 x 8.96 Fig.1 to 0.03 As Cast                              (2) @ 8.19 x 8.19 Fig.1 to 0.03 As Cast'
      [extract_trim] is_vertical=True  has_@=True
      [extract_trim] → _parse_vertical_trim
      [parse_vt] input='(4) @ 8.96 x 8.96 Fig.1 to 0.03 As Cast                              (2) @ 8.19 x 8.19 Fig.1 to 0.03 As Cast'
      [parse_vt] regex matched 2 group(s)
        (4) @ 8.96 x 8.96  avg=8.9600  contrib=4×8.9600=35.8400
        (2) @ 8.19 x 8.19  avg=8.1900  contrib=2×8.1900=16.3800
      [parse_vt] RESULT: 52.2200 / 6 = 8.7033
      [parse_vt] upper=8.7033  lower=8.7033
      [parse_vt] filing_info='Fig.1 to 0.03'
    → trim_diameter=8.703333333333333, num_stages=6, filing='Fig.1 to 0.03'
    → upper=8.7033, lower=8.7033, conical=no
    MT badge detected from impeller_trim: (4) @ 8.96 x 8.96 Fig.1 to 0.03 As Cast                              (2) @ 8.19 x 8.19 Fig.1 to 0.03 As Cast
    ✓ trim=8.7033, stages=6, rpm=1760.0, model='MB', filing='Fig.1 to 0.03'

  test_id=9927170767A1P
    raw trim: type=str  value='(4) @ 8.57 x 8.57 Fig. 1 to 0.03 75RA'
      [extract_trim] POLISHED detected in '(4) @ 8.57 x 8.57 Fig. 1 to 0.03 75RA'
      [extract_trim] is_vertical=True  has_@=True
      [extract_trim] → _parse_vertical_trim
      [parse_vt] input='(4) @ 8.57 x 8.57 Fig. 1 to 0.03 75RA'
      [parse_vt] regex matched 1 group(s)
        (4) @ 8.57 x 8.57  avg=8.5700  contrib=4×8.5700=34.2800
      [parse_vt] RESULT: 34.2800 / 4 = 8.5700
      [parse_vt] upper=8.5700  lower=8.5700
      [parse_vt] filing_info='Fig. 1 to 0.03'
    → trim_diameter=8.57, num_stages=4, filing='Fig. 1 to 0.03'
    → upper=8.5700, lower=8.5700, conical=no
    → POLISHED impeller detected
    ✓ trim=8.5700, stages=4, rpm=1760.0, model='MB', filing='Fig. 1 to 0.03'

  test_id=99271683290010A1P
    raw trim: type=str  value='(3) @ 8.96 x 8.96 Fig.1 to 0.03 As Cast                             (1) @ 8.15 x 8.15 Fig.1 to 0.03 As Cast'
      [extract_trim] is_vertical=True  has_@=True
      [extract_trim] → _parse_vertical_trim
      [parse_vt] input='(3) @ 8.96 x 8.96 Fig.1 to 0.03 As Cast                             (1) @ 8.15 x 8.15 Fig.1 to 0.03 As Cast'
      [parse_vt] regex matched 2 group(s)
        (3) @ 8.96 x 8.96  avg=8.9600  contrib=3×8.9600=26.8800
        (1) @ 8.15 x 8.15  avg=8.1500  contrib=1×8.1500=8.1500
      [parse_vt] RESULT: 35.0300 / 4 = 8.7575
      [parse_vt] upper=8.7575  lower=8.7575
      [parse_vt] filing_info='Fig.1 to 0.03'
    → trim_diameter=8.7575, num_stages=4, filing='Fig.1 to 0.03'
    → upper=8.7575, lower=8.7575, conical=no
    MT badge detected from impeller_trim: (3) @ 8.96 x 8.96 Fig.1 to 0.03 As Cast                             (1) @ 8.15 x 8.15 Fig.1 to 0.03 As Cast
    ✓ trim=8.7575, stages=4, rpm=1760.0, model='MB', filing='Fig.1 to 0.03'

  test_id=9927167543A1P
    raw trim: type=str  value='(8) @ 8.63 x 8.63 Fig.1 to 0.03 50RA'
      [extract_trim] POLISHED detected in '(8) @ 8.63 x 8.63 Fig.1 to 0.03 50RA'
      [extract_trim] is_vertical=True  has_@=True
      [extract_trim] → _parse_vertical_trim
      [parse_vt] input='(8) @ 8.63 x 8.63 Fig.1 to 0.03 50RA'
      [parse_vt] regex matched 1 group(s)
        (8) @ 8.63 x 8.63  avg=8.6300  contrib=8×8.6300=69.0400
      [parse_vt] RESULT: 69.0400 / 8 = 8.6300
      [parse_vt] upper=8.6300  lower=8.6300
      [parse_vt] filing_info='Fig.1 to 0.03'
    → trim_diameter=8.63, num_stages=8, filing='Fig.1 to 0.03'
    → upper=8.6300, lower=8.6300, conical=no
    → POLISHED impeller detected
    ✓ trim=8.6300, stages=8, rpm=1760.0, model='MB', filing='Fig.1 to 0.03'

  test_id=99271665530010A1P
    raw trim: type=str  value='(8) @ 8.96 x 8.96 Fig.1 to 0.03 As Cast'
      [extract_trim] is_vertical=True  has_@=True
      [extract_trim] → _parse_vertical_trim
      [parse_vt] input='(8) @ 8.96 x 8.96 Fig.1 to 0.03 As Cast'
      [parse_vt] regex matched 1 group(s)
        (8) @ 8.96 x 8.96  avg=8.9600  contrib=8×8.9600=71.6800
      [parse_vt] RESULT: 71.6800 / 8 = 8.9600
      [parse_vt] upper=8.9600  lower=8.9600
      [parse_vt] filing_info='Fig.1 to 0.03'
    → trim_diameter=8.96, num_stages=8, filing='Fig.1 to 0.03'
    → upper=8.9600, lower=8.9600, conical=no
    ✓ trim=8.9600, stages=8, rpm=1760.0, model='MB', filing='Fig.1 to 0.03'

  test_id=99271577210010B1P
    raw trim: type=str  value='(2) @ 8.87 x 8.87 Fig.1 to 0.03 50RA                                   (1) @ 8.40 x 8.40 Fig.1 to 0.03 50RA'
      [extract_trim] POLISHED detected in '(2) @ 8.87 x 8.87 Fig.1 to 0.03 50RA                                   (1) @ 8.40 x 8.40 Fig.1 to 0.03 50RA'
      [extract_trim] is_vertical=True  has_@=True
      [extract_trim] → _parse_vertical_trim
      [parse_vt] input='(2) @ 8.87 x 8.87 Fig.1 to 0.03 50RA                                   (1) @ 8.40 x 8.40 Fig.1 to 0.03 50RA'
      [parse_vt] regex matched 2 group(s)
        (2) @ 8.87 x 8.87  avg=8.8700  contrib=2×8.8700=17.7400
        (1) @ 8.4 x 8.4  avg=8.4000  contrib=1×8.4000=8.4000
      [parse_vt] RESULT: 26.1400 / 3 = 8.7133
      [parse_vt] upper=8.7133  lower=8.7133
      [parse_vt] filing_info='Fig.1 to 0.03'
    → trim_diameter=8.713333333333333, num_stages=3, filing='Fig.1 to 0.03'
    → upper=8.7133, lower=8.7133, conical=no
    → POLISHED impeller detected
    MT badge detected from impeller_trim: (2) @ 8.87 x 8.87 Fig.1 to 0.03 50RA                                   (1) @ 8.40 x 8.40 Fig.1 to 0.03 50RA
    ✓ trim=8.7133, stages=3, rpm=1785.0, model='MB', filing='Fig.1 to 0.03'

  test_id=9927167261A1P
    raw trim: type=str  value='(4) @ 8.96 x 8.96 Fig.1 to 0.03 As Cast                                       (3) @ 8.06 x 8.06 Fig.1 to 0.03 As Cast'
      [extract_trim] is_vertical=True  has_@=True
      [extract_trim] → _parse_vertical_trim
      [parse_vt] input='(4) @ 8.96 x 8.96 Fig.1 to 0.03 As Cast                                       (3) @ 8.06 x 8.06 Fig.1 to 0.03 As Cast'
      [parse_vt] regex matched 2 group(s)
        (4) @ 8.96 x 8.96  avg=8.9600  contrib=4×8.9600=35.8400
        (3) @ 8.06 x 8.06  avg=8.0600  contrib=3×8.0600=24.1800
      [parse_vt] RESULT: 60.0200 / 7 = 8.5743
      [parse_vt] upper=8.5743  lower=8.5743
      [parse_vt] filing_info='Fig.1 to 0.03'
    → trim_diameter=8.574285714285715, num_stages=7, filing='Fig.1 to 0.03'
    → upper=8.5743, lower=8.5743, conical=no
    MT badge detected from impeller_trim: (4) @ 8.96 x 8.96 Fig.1 to 0.03 As Cast                                       (3) @ 8.06 x 8.06 Fig.1 to 0.03 As Cast
    ✓ trim=8.5743, stages=7, rpm=1760.0, model='MB', filing='Fig.1 to 0.03'

  test_id=99271577210010A1P
    raw trim: type=str  value='(3) @ 8.87 x 8.87 Fig.1 to 0.03 50RA'
      [extract_trim] POLISHED detected in '(3) @ 8.87 x 8.87 Fig.1 to 0.03 50RA'
      [extract_trim] is_vertical=True  has_@=True
      [extract_trim] → _parse_vertical_trim
      [parse_vt] input='(3) @ 8.87 x 8.87 Fig.1 to 0.03 50RA'
      [parse_vt] regex matched 1 group(s)
        (3) @ 8.87 x 8.87  avg=8.8700  contrib=3×8.8700=26.6100
      [parse_vt] RESULT: 26.6100 / 3 = 8.8700
      [parse_vt] upper=8.8700  lower=8.8700
      [parse_vt] filing_info='Fig.1 to 0.03'
    → trim_diameter=8.87, num_stages=3, filing='Fig.1 to 0.03'
    → upper=8.8700, lower=8.8700, conical=no
    → POLISHED impeller detected
    ✓ trim=8.8700, stages=3, rpm=1785.0, model='MB', filing='Fig.1 to 0.03'

  test_id=9927165770B1P
    raw trim: type=str  value='(3) @ 8.96 x 8.96 Fig.1 to 0.03 As Cast                                               (3) @ 8.62 x 8.62 Fig.1 to 0.03 As Cast'
      [extract_trim] is_vertical=True  has_@=True
      [extract_trim] → _parse_vertical_trim
      [parse_vt] input='(3) @ 8.96 x 8.96 Fig.1 to 0.03 As Cast                                               (3) @ 8.62 x 8.62 Fig.1 to 0.03 As Cast'
      [parse_vt] regex matched 2 group(s)
        (3) @ 8.96 x 8.96  avg=8.9600  contrib=3×8.9600=26.8800
        (3) @ 8.62 x 8.62  avg=8.6200  contrib=3×8.6200=25.8600
      [parse_vt] RESULT: 52.7400 / 6 = 8.7900
      [parse_vt] upper=8.7900  lower=8.7900
      [parse_vt] filing_info='Fig.1 to 0.03'
    → trim_diameter=8.790000000000001, num_stages=6, filing='Fig.1 to 0.03'
    → upper=8.7900, lower=8.7900, conical=no
    MT badge detected from impeller_trim: (3) @ 8.96 x 8.96 Fig.1 to 0.03 As Cast                                               (3) @ 8.62 x 8.62 Fig.1 to 0.03 As Cast
    ✓ trim=8.7900, stages=6, rpm=1760.0, model='MB', filing='Fig.1 to 0.03'

  test_id=9927165770A1P
    raw trim: type=str  value='(3) @ 8.96 x 8.96 Fig.1 to 0.03 As Cast                                               (3) @ 8.62 x 8.62 Fig.1 to 0.03 As Cast'
      [extract_trim] is_vertical=True  has_@=True
      [extract_trim] → _parse_vertical_trim
      [parse_vt] input='(3) @ 8.96 x 8.96 Fig.1 to 0.03 As Cast                                               (3) @ 8.62 x 8.62 Fig.1 to 0.03 As Cast'
      [parse_vt] regex matched 2 group(s)
        (3) @ 8.96 x 8.96  avg=8.9600  contrib=3×8.9600=26.8800
        (3) @ 8.62 x 8.62  avg=8.6200  contrib=3×8.6200=25.8600
      [parse_vt] RESULT: 52.7400 / 6 = 8.7900
      [parse_vt] upper=8.7900  lower=8.7900
      [parse_vt] filing_info='Fig.1 to 0.03'
    → trim_diameter=8.790000000000001, num_stages=6, filing='Fig.1 to 0.03'
    → upper=8.7900, lower=8.7900, conical=no
    MT badge detected from impeller_trim: (3) @ 8.96 x 8.96 Fig.1 to 0.03 As Cast                                               (3) @ 8.62 x 8.62 Fig.1 to 0.03 As Cast
    ✓ trim=8.7900, stages=6, rpm=1760.0, model='MB', filing='Fig.1 to 0.03'

  test_id=9927165597A1P
    raw trim: type=str  value='(4) @ 8.96 x 8.96 Fig.1 to 0.03 As Cast                                                                (1) @ 8.63 x 8.63 Fig.1 to 0.03 As Cast'
      [extract_trim] is_vertical=True  has_@=True
      [extract_trim] → _parse_vertical_trim
      [parse_vt] input='(4) @ 8.96 x 8.96 Fig.1 to 0.03 As Cast                                                                (1) @ 8.63 x 8.63 Fig.1 to 0.03 As Cast'
      [parse_vt] regex matched 2 group(s)
        (4) @ 8.96 x 8.96  avg=8.9600  contrib=4×8.9600=35.8400
        (1) @ 8.63 x 8.63  avg=8.6300  contrib=1×8.6300=8.6300
      [parse_vt] RESULT: 44.4700 / 5 = 8.8940
      [parse_vt] upper=8.8940  lower=8.8940
      [parse_vt] filing_info='Fig.1 to 0.03'
    → trim_diameter=8.894000000000002, num_stages=5, filing='Fig.1 to 0.03'
    → upper=8.8940, lower=8.8940, conical=no
    MT badge detected from impeller_trim: (4) @ 8.96 x 8.96 Fig.1 to 0.03 As Cast                                                                (1) @ 8.63 x 8.63 Fig.1 to 0.03 As Cast
    ✓ trim=8.8940, stages=5, rpm=1760.0, model='MB', filing='Fig.1 to 0.03'

  test_id=9927164963A1P
    raw trim: type=str  value='(4) @ 8.96 x 8.96 Fig.1 to 0.03 As Cast                        (1) @ 7.6 x 7.6 Fig.1 to 0.03 As Cast'
      [extract_trim] is_vertical=True  has_@=True
      [extract_trim] → _parse_vertical_trim
      [parse_vt] input='(4) @ 8.96 x 8.96 Fig.1 to 0.03 As Cast                        (1) @ 7.6 x 7.6 Fig.1 to 0.03 As Cast'
      [parse_vt] regex matched 2 group(s)
        (4) @ 8.96 x 8.96  avg=8.9600  contrib=4×8.9600=35.8400
        (1) @ 7.6 x 7.6  avg=7.6000  contrib=1×7.6000=7.6000
      [parse_vt] RESULT: 43.4400 / 5 = 8.6880
      [parse_vt] upper=8.6880  lower=8.6880
      [parse_vt] filing_info='Fig.1 to 0.03'
    → trim_diameter=8.688, num_stages=5, filing='Fig.1 to 0.03'
    → upper=8.6880, lower=8.6880, conical=no
    MT badge detected from impeller_trim: (4) @ 8.96 x 8.96 Fig.1 to 0.03 As Cast                        (1) @ 7.6 x 7.6 Fig.1 to 0.03 As Cast
    ✓ trim=8.6880, stages=5, rpm=1760.0, model='MB', filing='Fig.1 to 0.03'

  test_id=9927164693A1P
    raw trim: type=str  value='(6) @ 8.96 x 8.96 Fig.1 to 0.03 As Cast                                         (2) @ 8.38 x 8.38 Fig.1 to 0.03 As Cast'
      [extract_trim] is_vertical=True  has_@=True
      [extract_trim] → _parse_vertical_trim
      [parse_vt] input='(6) @ 8.96 x 8.96 Fig.1 to 0.03 As Cast                                         (2) @ 8.38 x 8.38 Fig.1 to 0.03 As Cast'
      [parse_vt] regex matched 2 group(s)
        (6) @ 8.96 x 8.96  avg=8.9600  contrib=6×8.9600=53.7600
        (2) @ 8.38 x 8.38  avg=8.3800  contrib=2×8.3800=16.7600
      [parse_vt] RESULT: 70.5200 / 8 = 8.8150
      [parse_vt] upper=8.8150  lower=8.8150
      [parse_vt] filing_info='Fig.1 to 0.03'
    → trim_diameter=8.815000000000001, num_stages=8, filing='Fig.1 to 0.03'
    → upper=8.8150, lower=8.8150, conical=no
    MT badge detected from impeller_trim: (6) @ 8.96 x 8.96 Fig.1 to 0.03 As Cast                                         (2) @ 8.38 x 8.38 Fig.1 to 0.03 As Cast
    ✓ trim=8.8150, stages=8, rpm=1760.0, model='MB', filing='Fig.1 to 0.03'

  test_id=99271564380010C1P
    raw trim: type=str  value='(3) @ 8.88 x 8.88 Fig.1 to 0.03 75RA                                    (2) @ 8.01 x 8.01 Fig.1 to 0.19 75RA'
      [extract_trim] POLISHED detected in '(3) @ 8.88 x 8.88 Fig.1 to 0.03 75RA                                    (2) @ 8.01 x 8.01 Fig.1 to 0.19 75RA'
      [extract_trim] is_vertical=True  has_@=True
      [extract_trim] → _parse_vertical_trim
      [parse_vt] input='(3) @ 8.88 x 8.88 Fig.1 to 0.03 75RA                                    (2) @ 8.01 x 8.01 Fig.1 to 0.19 75RA'
      [parse_vt] regex matched 2 group(s)
        (3) @ 8.88 x 8.88  avg=8.8800  contrib=3×8.8800=26.6400
        (2) @ 8.01 x 8.01  avg=8.0100  contrib=2×8.0100=16.0200
      [parse_vt] RESULT: 42.6600 / 5 = 8.5320
      [parse_vt] upper=8.5320  lower=8.5320
      [parse_vt] filing_info='Fig.1 to 0.03'
    → trim_diameter=8.532, num_stages=5, filing='Fig.1 to 0.03'
    → upper=8.5320, lower=8.5320, conical=no
    → POLISHED impeller detected
    MT badge detected from impeller_trim: (3) @ 8.88 x 8.88 Fig.1 to 0.03 75RA                                    (2) @ 8.01 x 8.01 Fig.1 to 0.19 75RA
    ✓ trim=8.5320, stages=5, rpm=1785.0, model='MB', filing='Fig.1 to 0.03'

  test_id=99271564380010B1P
    raw trim: type=str  value='(3) @ 8.88 x 8.88 Fig.1 to 0.03 75RA                                    (2) @ 8.01 x 8.01 Fig.1 to 0.19 75RA'
      [extract_trim] POLISHED detected in '(3) @ 8.88 x 8.88 Fig.1 to 0.03 75RA                                    (2) @ 8.01 x 8.01 Fig.1 to 0.19 75RA'
      [extract_trim] is_vertical=True  has_@=True
      [extract_trim] → _parse_vertical_trim
      [parse_vt] input='(3) @ 8.88 x 8.88 Fig.1 to 0.03 75RA                                    (2) @ 8.01 x 8.01 Fig.1 to 0.19 75RA'
      [parse_vt] regex matched 2 group(s)
        (3) @ 8.88 x 8.88  avg=8.8800  contrib=3×8.8800=26.6400
        (2) @ 8.01 x 8.01  avg=8.0100  contrib=2×8.0100=16.0200
      [parse_vt] RESULT: 42.6600 / 5 = 8.5320
      [parse_vt] upper=8.5320  lower=8.5320
      [parse_vt] filing_info='Fig.1 to 0.03'
    → trim_diameter=8.532, num_stages=5, filing='Fig.1 to 0.03'
    → upper=8.5320, lower=8.5320, conical=no
    → POLISHED impeller detected
    MT badge detected from impeller_trim: (3) @ 8.88 x 8.88 Fig.1 to 0.03 75RA                                    (2) @ 8.01 x 8.01 Fig.1 to 0.19 75RA
    ✓ trim=8.5320, stages=5, rpm=1785.0, model='MB', filing='Fig.1 to 0.03'

  test_id=9927163929A1P
    raw trim: type=str  value='(4) @ 8.96 x 8.96 Fig.1 to 0.03 As Cast                                  (1) @ 8.13 x 8.13 Fig.1 to 0.03 As Cast'
      [extract_trim] is_vertical=True  has_@=True
      [extract_trim] → _parse_vertical_trim
      [parse_vt] input='(4) @ 8.96 x 8.96 Fig.1 to 0.03 As Cast                                  (1) @ 8.13 x 8.13 Fig.1 to 0.03 As Cast'
      [parse_vt] regex matched 2 group(s)
        (4) @ 8.96 x 8.96  avg=8.9600  contrib=4×8.9600=35.8400
        (1) @ 8.13 x 8.13  avg=8.1300  contrib=1×8.1300=8.1300
      [parse_vt] RESULT: 43.9700 / 5 = 8.7940
      [parse_vt] upper=8.7940  lower=8.7940
      [parse_vt] filing_info='Fig.1 to 0.03'
    → trim_diameter=8.794, num_stages=5, filing='Fig.1 to 0.03'
    → upper=8.7940, lower=8.7940, conical=no
    MT badge detected from impeller_trim: (4) @ 8.96 x 8.96 Fig.1 to 0.03 As Cast                                  (1) @ 8.13 x 8.13 Fig.1 to 0.03 As Cast
    ✓ trim=8.7940, stages=5, rpm=1760.0, model='MB', filing='Fig.1 to 0.03'

  test_id=99271564380010A1P
    raw trim: type=str  value='(3) @ 8.88 x 8.88 Fig.1 to 0.03 75RA                                    (2) @ 8.01 x 8.01 Fig.1 to 0.19 75RA'
      [extract_trim] POLISHED detected in '(3) @ 8.88 x 8.88 Fig.1 to 0.03 75RA                                    (2) @ 8.01 x 8.01 Fig.1 to 0.19 75RA'
      [extract_trim] is_vertical=True  has_@=True
      [extract_trim] → _parse_vertical_trim
      [parse_vt] input='(3) @ 8.88 x 8.88 Fig.1 to 0.03 75RA                                    (2) @ 8.01 x 8.01 Fig.1 to 0.19 75RA'
      [parse_vt] regex matched 2 group(s)
        (3) @ 8.88 x 8.88  avg=8.8800  contrib=3×8.8800=26.6400
        (2) @ 8.01 x 8.01  avg=8.0100  contrib=2×8.0100=16.0200
      [parse_vt] RESULT: 42.6600 / 5 = 8.5320
      [parse_vt] upper=8.5320  lower=8.5320
      [parse_vt] filing_info='Fig.1 to 0.03'
    → trim_diameter=8.532, num_stages=5, filing='Fig.1 to 0.03'
    → upper=8.5320, lower=8.5320, conical=no
    → POLISHED impeller detected
    MT badge detected from impeller_trim: (3) @ 8.88 x 8.88 Fig.1 to 0.03 75RA                                    (2) @ 8.01 x 8.01 Fig.1 to 0.19 75RA
    ✓ trim=8.5320, stages=5, rpm=1785.0, model='MB', filing='Fig.1 to 0.03'

  test_id=9927163108A1P
    raw trim: type=str  value='(3) @ 8.96 x 8.96 Fig.1 to 0.03 As Cast                                  (2) @ 8.19 x 8.19 Fig.1 to 0.03 As Cast'
      [extract_trim] is_vertical=True  has_@=True
      [extract_trim] → _parse_vertical_trim
      [parse_vt] input='(3) @ 8.96 x 8.96 Fig.1 to 0.03 As Cast                                  (2) @ 8.19 x 8.19 Fig.1 to 0.03 As Cast'
      [parse_vt] regex matched 2 group(s)
        (3) @ 8.96 x 8.96  avg=8.9600  contrib=3×8.9600=26.8800
        (2) @ 8.19 x 8.19  avg=8.1900  contrib=2×8.1900=16.3800
      [parse_vt] RESULT: 43.2600 / 5 = 8.6520
      [parse_vt] upper=8.6520  lower=8.6520
      [parse_vt] filing_info='Fig.1 to 0.03'
    → trim_diameter=8.652000000000001, num_stages=5, filing='Fig.1 to 0.03'
    → upper=8.6520, lower=8.6520, conical=no
    MT badge detected from impeller_trim: (3) @ 8.96 x 8.96 Fig.1 to 0.03 As Cast                                  (2) @ 8.19 x 8.19 Fig.1 to 0.03 As Cast
    ✓ trim=8.6520, stages=5, rpm=1760.0, model='MB', filing='Fig.1 to 0.03'

  test_id=9927162437A1P
    raw trim: type=str  value='(1) @ 8.96 x 8.96 Fig.1 to 0.03 75RA                        (1) @ 8.2 x 8.2 Fig.1 to 0.19 75RA'
      [extract_trim] POLISHED detected in '(1) @ 8.96 x 8.96 Fig.1 to 0.03 75RA                        (1) @ 8.2 x 8.2 Fig.1 to 0.19 75RA'
      [extract_trim] is_vertical=True  has_@=True
      [extract_trim] → _parse_vertical_trim
      [parse_vt] input='(1) @ 8.96 x 8.96 Fig.1 to 0.03 75RA                        (1) @ 8.2 x 8.2 Fig.1 to 0.19 75RA'
      [parse_vt] regex matched 2 group(s)
        (1) @ 8.96 x 8.96  avg=8.9600  contrib=1×8.9600=8.9600
        (1) @ 8.2 x 8.2  avg=8.2000  contrib=1×8.2000=8.2000
      [parse_vt] RESULT: 17.1600 / 2 = 8.5800
      [parse_vt] upper=8.5800  lower=8.5800
      [parse_vt] filing_info='Fig.1 to 0.03'
    → trim_diameter=8.58, num_stages=2, filing='Fig.1 to 0.03'
    → upper=8.5800, lower=8.5800, conical=no
    → POLISHED impeller detected
    MT badge detected from impeller_trim: (1) @ 8.96 x 8.96 Fig.1 to 0.03 75RA                        (1) @ 8.2 x 8.2 Fig.1 to 0.19 75RA
    ✓ trim=8.5800, stages=2, rpm=1770.0, model='MB', filing='Fig.1 to 0.03'

  test_id=9927160831A1P
    raw trim: type=str  value='(4) @ 8.96 x 8.96 Fig.1 to 0.03 As Cast                                  (3) @ 8.06 x 8.06 Fig.1 to 0.03 As Cast'
      [extract_trim] is_vertical=True  has_@=True
      [extract_trim] → _parse_vertical_trim
      [parse_vt] input='(4) @ 8.96 x 8.96 Fig.1 to 0.03 As Cast                                  (3) @ 8.06 x 8.06 Fig.1 to 0.03 As Cast'
      [parse_vt] regex matched 2 group(s)
        (4) @ 8.96 x 8.96  avg=8.9600  contrib=4×8.9600=35.8400
        (3) @ 8.06 x 8.06  avg=8.0600  contrib=3×8.0600=24.1800
      [parse_vt] RESULT: 60.0200 / 7 = 8.5743
      [parse_vt] upper=8.5743  lower=8.5743
      [parse_vt] filing_info='Fig.1 to 0.03'
    → trim_diameter=8.574285714285715, num_stages=7, filing='Fig.1 to 0.03'
    → upper=8.5743, lower=8.5743, conical=no
    MT badge detected from impeller_trim: (4) @ 8.96 x 8.96 Fig.1 to 0.03 As Cast                                  (3) @ 8.06 x 8.06 Fig.1 to 0.03 As Cast
    ✓ trim=8.5743, stages=7, rpm=1760.0, model='MB', filing='Fig.1 to 0.03'

  test_id=9927162768A1P
    raw trim: type=str  value='(4) @ 8.36 x 8.36 Fig.1 to 0.03 As Cast                           (5) @ 8.96 x 8.96 Fig.1 to 0.03 As Cast'
      [extract_trim] is_vertical=True  has_@=True
      [extract_trim] → _parse_vertical_trim
      [parse_vt] input='(4) @ 8.36 x 8.36 Fig.1 to 0.03 As Cast                           (5) @ 8.96 x 8.96 Fig.1 to 0.03 As Cast'
      [parse_vt] regex matched 2 group(s)
        (4) @ 8.36 x 8.36  avg=8.3600  contrib=4×8.3600=33.4400
        (5) @ 8.96 x 8.96  avg=8.9600  contrib=5×8.9600=44.8000
      [parse_vt] RESULT: 78.2400 / 9 = 8.6933
      [parse_vt] upper=8.6933  lower=8.6933
      [parse_vt] filing_info='Fig.1 to 0.03'
    → trim_diameter=8.693333333333335, num_stages=9, filing='Fig.1 to 0.03'
    → upper=8.6933, lower=8.6933, conical=no
    MT badge detected from impeller_trim: (4) @ 8.36 x 8.36 Fig.1 to 0.03 As Cast                           (5) @ 8.96 x 8.96 Fig.1 to 0.03 As Cast
    ✓ trim=8.6933, stages=9, rpm=1760.0, model='MB', filing='Fig.1 to 0.03'

  test_id=9927162334A1P
    raw trim: type=str  value='(5) @ 8.51 x 8.51 Fig.1 to 0.03 As Cast'
      [extract_trim] is_vertical=True  has_@=True
      [extract_trim] → _parse_vertical_trim
      [parse_vt] input='(5) @ 8.51 x 8.51 Fig.1 to 0.03 As Cast'
      [parse_vt] regex matched 1 group(s)
        (5) @ 8.51 x 8.51  avg=8.5100  contrib=5×8.5100=42.5500
      [parse_vt] RESULT: 42.5500 / 5 = 8.5100
      [parse_vt] upper=8.5100  lower=8.5100
      [parse_vt] filing_info='Fig.1 to 0.03'
    → trim_diameter=8.51, num_stages=5, filing='Fig.1 to 0.03'
    → upper=8.5100, lower=8.5100, conical=no
    ✓ trim=8.5100, stages=5, rpm=1760.0, model='MB', filing='Fig.1 to 0.03'

  test_id=9927160070A1P
    raw trim: type=str  value='(8) @ 8.96 x 8.96 Fig.1 to 0.03 As Cast                              (1) @ 8.56 x 8.56 Fig.1 to 0.03 As Cast'
      [extract_trim] is_vertical=True  has_@=True
      [extract_trim] → _parse_vertical_trim
      [parse_vt] input='(8) @ 8.96 x 8.96 Fig.1 to 0.03 As Cast                              (1) @ 8.56 x 8.56 Fig.1 to 0.03 As Cast'
      [parse_vt] regex matched 2 group(s)
        (8) @ 8.96 x 8.96  avg=8.9600  contrib=8×8.9600=71.6800
        (1) @ 8.56 x 8.56  avg=8.5600  contrib=1×8.5600=8.5600
      [parse_vt] RESULT: 80.2400 / 9 = 8.9156
      [parse_vt] upper=8.9156  lower=8.9156
      [parse_vt] filing_info='Fig.1 to 0.03'
    → trim_diameter=8.915555555555557, num_stages=9, filing='Fig.1 to 0.03'
    → upper=8.9156, lower=8.9156, conical=no
    MT badge detected from impeller_trim: (8) @ 8.96 x 8.96 Fig.1 to 0.03 As Cast                              (1) @ 8.56 x 8.56 Fig.1 to 0.03 As Cast
    ✓ trim=8.9156, stages=9, rpm=1760.0, model='MB', filing='Fig.1 to 0.03'

  test_id=9927160071B1P
    raw trim: type=str  value='(5) @ 8.96 x 8.96 Fig.1 to 0.03 50RA                                              (3) @ 7.98 x 7.98 Fig.1 to 0.03 50RA'
      [extract_trim] POLISHED detected in '(5) @ 8.96 x 8.96 Fig.1 to 0.03 50RA                                              (3) @ 7.98 x 7.98 Fig.1 to 0.03 50RA'
      [extract_trim] is_vertical=True  has_@=True
      [extract_trim] → _parse_vertical_trim
      [parse_vt] input='(5) @ 8.96 x 8.96 Fig.1 to 0.03 50RA                                              (3) @ 7.98 x 7.98 Fig.1 to 0.03 50RA'
      [parse_vt] regex matched 2 group(s)
        (5) @ 8.96 x 8.96  avg=8.9600  contrib=5×8.9600=44.8000
        (3) @ 7.98 x 7.98  avg=7.9800  contrib=3×7.9800=23.9400
      [parse_vt] RESULT: 68.7400 / 8 = 8.5925
      [parse_vt] upper=8.5925  lower=8.5925
      [parse_vt] filing_info='Fig.1 to 0.03'
    → trim_diameter=8.592500000000001, num_stages=8, filing='Fig.1 to 0.03'
    → upper=8.5925, lower=8.5925, conical=no
    → POLISHED impeller detected
    MT badge detected from impeller_trim: (5) @ 8.96 x 8.96 Fig.1 to 0.03 50RA                                              (3) @ 7.98 x 7.98 Fig.1 to 0.03 50RA
    ✓ trim=8.5925, stages=8, rpm=1760.0, model='MB', filing='Fig.1 to 0.03'

  test_id=9927160071A1P
    raw trim: type=str  value='(5) @ 8.96 x 8.96 Fig.1 to 0.03 50RA                                              (3) @ 7.98 x 7.98 Fig.1 to 0.03 50RA'
      [extract_trim] POLISHED detected in '(5) @ 8.96 x 8.96 Fig.1 to 0.03 50RA                                              (3) @ 7.98 x 7.98 Fig.1 to 0.03 50RA'
      [extract_trim] is_vertical=True  has_@=True
      [extract_trim] → _parse_vertical_trim
      [parse_vt] input='(5) @ 8.96 x 8.96 Fig.1 to 0.03 50RA                                              (3) @ 7.98 x 7.98 Fig.1 to 0.03 50RA'
      [parse_vt] regex matched 2 group(s)
        (5) @ 8.96 x 8.96  avg=8.9600  contrib=5×8.9600=44.8000
        (3) @ 7.98 x 7.98  avg=7.9800  contrib=3×7.9800=23.9400
      [parse_vt] RESULT: 68.7400 / 8 = 8.5925
      [parse_vt] upper=8.5925  lower=8.5925
      [parse_vt] filing_info='Fig.1 to 0.03'
    → trim_diameter=8.592500000000001, num_stages=8, filing='Fig.1 to 0.03'
    → upper=8.5925, lower=8.5925, conical=no
    → POLISHED impeller detected
    MT badge detected from impeller_trim: (5) @ 8.96 x 8.96 Fig.1 to 0.03 50RA                                              (3) @ 7.98 x 7.98 Fig.1 to 0.03 50RA
    ✓ trim=8.5925, stages=8, rpm=1760.0, model='MB', filing='Fig.1 to 0.03'

  test_id=9927160182A1P
    raw trim: type=str  value='(4) @ 8.57 x 8.57 Fig. 1 to 0.03 75RA'
      [extract_trim] POLISHED detected in '(4) @ 8.57 x 8.57 Fig. 1 to 0.03 75RA'
      [extract_trim] is_vertical=True  has_@=True
      [extract_trim] → _parse_vertical_trim
      [parse_vt] input='(4) @ 8.57 x 8.57 Fig. 1 to 0.03 75RA'
      [parse_vt] regex matched 1 group(s)
        (4) @ 8.57 x 8.57  avg=8.5700  contrib=4×8.5700=34.2800
      [parse_vt] RESULT: 34.2800 / 4 = 8.5700
      [parse_vt] upper=8.5700  lower=8.5700
      [parse_vt] filing_info='Fig. 1 to 0.03'
    → trim_diameter=8.57, num_stages=4, filing='Fig. 1 to 0.03'
    → upper=8.5700, lower=8.5700, conical=no
    → POLISHED impeller detected
    ✓ trim=8.5700, stages=4, rpm=1760.0, model='MB', filing='Fig. 1 to 0.03'

  test_id=9927159061B1P
    raw trim: type=str  value='(7) @ 8.5 x 8.5 Fig.1 to 0.03 As Cast'
      [extract_trim] is_vertical=True  has_@=True
      [extract_trim] → _parse_vertical_trim
      [parse_vt] input='(7) @ 8.5 x 8.5 Fig.1 to 0.03 As Cast'
      [parse_vt] regex matched 1 group(s)
        (7) @ 8.5 x 8.5  avg=8.5000  contrib=7×8.5000=59.5000
      [parse_vt] RESULT: 59.5000 / 7 = 8.5000
      [parse_vt] upper=8.5000  lower=8.5000
      [parse_vt] filing_info='Fig.1 to 0.03'
    → trim_diameter=8.5, num_stages=7, filing='Fig.1 to 0.03'
    → upper=8.5000, lower=8.5000, conical=no
    ✓ trim=8.5000, stages=7, rpm=1760.0, model='MB', filing='Fig.1 to 0.03'

  test_id=9927159061A1P
    raw trim: type=str  value='(7) @ 8.5 x 8.5 Fig.1 to 0.03 As Cast'
      [extract_trim] is_vertical=True  has_@=True
      [extract_trim] → _parse_vertical_trim
      [parse_vt] input='(7) @ 8.5 x 8.5 Fig.1 to 0.03 As Cast'
      [parse_vt] regex matched 1 group(s)
        (7) @ 8.5 x 8.5  avg=8.5000  contrib=7×8.5000=59.5000
      [parse_vt] RESULT: 59.5000 / 7 = 8.5000
      [parse_vt] upper=8.5000  lower=8.5000
      [parse_vt] filing_info='Fig.1 to 0.03'
    → trim_diameter=8.5, num_stages=7, filing='Fig.1 to 0.03'
    → upper=8.5000, lower=8.5000, conical=no
    ✓ trim=8.5000, stages=7, rpm=1760.0, model='MB', filing='Fig.1 to 0.03'

  test_id=9927160038A1P
    raw trim: type=str  value='(3) @ 8.96 x 8.96 Fig.1 to 0.03 As Cast                                                    (2) @ 8.19 x 8.19 Fig.1 to 0.03 As Cast'
      [extract_trim] is_vertical=True  has_@=True
      [extract_trim] → _parse_vertical_trim
      [parse_vt] input='(3) @ 8.96 x 8.96 Fig.1 to 0.03 As Cast                                                    (2) @ 8.19 x 8.19 Fig.1 to 0.03 As Cast'
      [parse_vt] regex matched 2 group(s)
        (3) @ 8.96 x 8.96  avg=8.9600  contrib=3×8.9600=26.8800
        (2) @ 8.19 x 8.19  avg=8.1900  contrib=2×8.1900=16.3800
      [parse_vt] RESULT: 43.2600 / 5 = 8.6520
      [parse_vt] upper=8.6520  lower=8.6520
      [parse_vt] filing_info='Fig.1 to 0.03'
    → trim_diameter=8.652000000000001, num_stages=5, filing='Fig.1 to 0.03'
    → upper=8.6520, lower=8.6520, conical=no
    MT badge detected from impeller_trim: (3) @ 8.96 x 8.96 Fig.1 to 0.03 As Cast                                                    (2) @ 8.19 x 8.19 Fig.1 to 0.03 As Cast
    ✓ trim=8.6520, stages=5, rpm=1760.0, model='MB', filing='Fig.1 to 0.03'

  test_id=9927158942A1P
    raw trim: type=str  value='(5) @ 8.96 x 8.96 Fig.1 to 0.03 As Cast                              (2) @ 8.19 x 8.19 Fig.1 to 0.03 As Cast'
      [extract_trim] is_vertical=True  has_@=True
      [extract_trim] → _parse_vertical_trim
      [parse_vt] input='(5) @ 8.96 x 8.96 Fig.1 to 0.03 As Cast                              (2) @ 8.19 x 8.19 Fig.1 to 0.03 As Cast'
      [parse_vt] regex matched 2 group(s)
        (5) @ 8.96 x 8.96  avg=8.9600  contrib=5×8.9600=44.8000
        (2) @ 8.19 x 8.19  avg=8.1900  contrib=2×8.1900=16.3800
      [parse_vt] RESULT: 61.1800 / 7 = 8.7400
      [parse_vt] upper=8.7400  lower=8.7400
      [parse_vt] filing_info='Fig.1 to 0.03'
    → trim_diameter=8.74, num_stages=7, filing='Fig.1 to 0.03'
    → upper=8.7400, lower=8.7400, conical=no
    MT badge detected from impeller_trim: (5) @ 8.96 x 8.96 Fig.1 to 0.03 As Cast                              (2) @ 8.19 x 8.19 Fig.1 to 0.03 As Cast
    ✓ trim=8.7400, stages=7, rpm=1760.0, model='MB', filing='Fig.1 to 0.03'

  test_id=9927158612A1P
    raw trim: type=str  value='(5) @ 8.96 x 8.96 Fig.1 to 0.03 50RA                                              (5) @ 8.06 x 8.06 Fig.1 to 0.03 50RA'
      [extract_trim] POLISHED detected in '(5) @ 8.96 x 8.96 Fig.1 to 0.03 50RA                                              (5) @ 8.06 x 8.06 Fig.1 to 0.03 50RA'
      [extract_trim] is_vertical=True  has_@=True
      [extract_trim] → _parse_vertical_trim
      [parse_vt] input='(5) @ 8.96 x 8.96 Fig.1 to 0.03 50RA                                              (5) @ 8.06 x 8.06 Fig.1 to 0.03 50RA'
      [parse_vt] regex matched 2 group(s)
        (5) @ 8.96 x 8.96  avg=8.9600  contrib=5×8.9600=44.8000
        (5) @ 8.06 x 8.06  avg=8.0600  contrib=5×8.0600=40.3000
      [parse_vt] RESULT: 85.1000 / 10 = 8.5100
      [parse_vt] upper=8.5100  lower=8.5100
      [parse_vt] filing_info='Fig.1 to 0.03'
    → trim_diameter=8.510000000000002, num_stages=10, filing='Fig.1 to 0.03'
    → upper=8.5100, lower=8.5100, conical=no
    → POLISHED impeller detected
    MT badge detected from impeller_trim: (5) @ 8.96 x 8.96 Fig.1 to 0.03 50RA                                              (5) @ 8.06 x 8.06 Fig.1 to 0.03 50RA
    ✓ trim=8.5100, stages=10, rpm=1760.0, model='MB', filing='Fig.1 to 0.03'

  test_id=9927152599A1P
    raw trim: type=str  value='(4) @ 8.96 x 8.96 Fig.1 to 0.03 75RA                       (1) @ 7.75 x 7.75 Fig.1 to 0.03 75RA'
      [extract_trim] POLISHED detected in '(4) @ 8.96 x 8.96 Fig.1 to 0.03 75RA                       (1) @ 7.75 x 7.75 Fig.1 to 0.03 75RA'
      [extract_trim] is_vertical=True  has_@=True
      [extract_trim] → _parse_vertical_trim
      [parse_vt] input='(4) @ 8.96 x 8.96 Fig.1 to 0.03 75RA                       (1) @ 7.75 x 7.75 Fig.1 to 0.03 75RA'
      [parse_vt] regex matched 2 group(s)
        (4) @ 8.96 x 8.96  avg=8.9600  contrib=4×8.9600=35.8400
        (1) @ 7.75 x 7.75  avg=7.7500  contrib=1×7.7500=7.7500
      [parse_vt] RESULT: 43.5900 / 5 = 8.7180
      [parse_vt] upper=8.7180  lower=8.7180
      [parse_vt] filing_info='Fig.1 to 0.03'
    → trim_diameter=8.718, num_stages=5, filing='Fig.1 to 0.03'
    → upper=8.7180, lower=8.7180, conical=no
    → POLISHED impeller detected
    MT badge detected from impeller_trim: (4) @ 8.96 x 8.96 Fig.1 to 0.03 75RA                       (1) @ 7.75 x 7.75 Fig.1 to 0.03 75RA
    ✓ trim=8.7180, stages=5, rpm=1760.0, model='MB', filing='Fig.1 to 0.03'

  test_id=9927158789A1P
    raw trim: type=str  value='(3) @ 8.96 x 8.96 Fig.1 to 0.03 75RA                                   (2) @ 8.19 x 8.19 Fig.1 to 0.03 75RA                                  '
      [extract_trim] POLISHED detected in '(3) @ 8.96 x 8.96 Fig.1 to 0.03 75RA                                   (2) @ 8.19 x 8.19 Fig.1 to 0.03 75RA'
      [extract_trim] is_vertical=True  has_@=True
      [extract_trim] → _parse_vertical_trim
      [parse_vt] input='(3) @ 8.96 x 8.96 Fig.1 to 0.03 75RA                                   (2) @ 8.19 x 8.19 Fig.1 to 0.03 75RA'
      [parse_vt] regex matched 2 group(s)
        (3) @ 8.96 x 8.96  avg=8.9600  contrib=3×8.9600=26.8800
        (2) @ 8.19 x 8.19  avg=8.1900  contrib=2×8.1900=16.3800
      [parse_vt] RESULT: 43.2600 / 5 = 8.6520
      [parse_vt] upper=8.6520  lower=8.6520
      [parse_vt] filing_info='Fig.1 to 0.03'
    → trim_diameter=8.652000000000001, num_stages=5, filing='Fig.1 to 0.03'
    → upper=8.6520, lower=8.6520, conical=no
    → POLISHED impeller detected
    MT badge detected from impeller_trim: (3) @ 8.96 x 8.96 Fig.1 to 0.03 75RA                                   (2) @ 8.19 x 8.19 Fig.1 to 0.03 75RA                                  
    ✓ trim=8.6520, stages=5, rpm=1760.0, model='MB', filing='Fig.1 to 0.03'

  test_id=99272092820010A1P
    raw trim: type=str  value='(4) @ 8.96 x 8.96 Fig1. To 0.03125 As Cast
  '
      [extract_trim] is_vertical=True  has_@=True
      [extract_trim] → _parse_vertical_trim
      [parse_vt] input='(4) @ 8.96 x 8.96 Fig1. To 0.03125 As Cast'
      [parse_vt] regex matched 1 group(s)
        (4) @ 8.96 x 8.96  avg=8.9600  contrib=4×8.9600=35.8400
      [parse_vt] RESULT: 35.8400 / 4 = 8.9600
      [parse_vt] upper=8.9600  lower=8.9600
      [parse_vt] filing_info='Fig1. To 0.03125'
    → trim_diameter=8.96, num_stages=4, filing='Fig1. To 0.03125'
    → upper=8.9600, lower=8.9600, conical=no
    ✓ trim=8.9600, stages=4, rpm=1760.0, model='MB', filing='Fig1. To 0.03125'

  test_id=99272086840011A1P
    raw trim: type=str  value='(4) @ 8.66 x 8.66 Fig1. To 0.03125 AS CAST
  '
      [extract_trim] is_vertical=True  has_@=True
      [extract_trim] → _parse_vertical_trim
      [parse_vt] input='(4) @ 8.66 x 8.66 Fig1. To 0.03125 AS CAST'
      [parse_vt] regex matched 1 group(s)
        (4) @ 8.66 x 8.66  avg=8.6600  contrib=4×8.6600=34.6400
      [parse_vt] RESULT: 34.6400 / 4 = 8.6600
      [parse_vt] upper=8.6600  lower=8.6600
      [parse_vt] filing_info='Fig1. To 0.03125'
    → trim_diameter=8.66, num_stages=4, filing='Fig1. To 0.03125'
    → upper=8.6600, lower=8.6600, conical=no
    ✓ trim=8.6600, stages=4, rpm=1760.0, model='MB', filing='Fig1. To 0.03125'

  test_id=99272045200010A1P
    raw trim: type=str  value='(5) @ 8.64 x 8.64 Fig1. To 0.03125 Deburr
  '
      [extract_trim] is_vertical=True  has_@=True
      [extract_trim] → _parse_vertical_trim
      [parse_vt] input='(5) @ 8.64 x 8.64 Fig1. To 0.03125 Deburr'
      [parse_vt] regex matched 1 group(s)
        (5) @ 8.64 x 8.64  avg=8.6400  contrib=5×8.6400=43.2000
      [parse_vt] RESULT: 43.2000 / 5 = 8.6400
      [parse_vt] upper=8.6400  lower=8.6400
      [parse_vt] filing_info='Fig1. To 0.03125'
    → trim_diameter=8.64, num_stages=5, filing='Fig1. To 0.03125'
    → upper=8.6400, lower=8.6400, conical=no
    ✓ trim=8.6400, stages=5, rpm=1760.0, model='MB', filing='Fig1. To 0.03125'

  test_id=99272091280010A1P
    raw trim: type=str  value='(5) @ 8.74 x 8.74 Fig1. To 0.03125 As Cast
  '
      [extract_trim] is_vertical=True  has_@=True
      [extract_trim] → _parse_vertical_trim
      [parse_vt] input='(5) @ 8.74 x 8.74 Fig1. To 0.03125 As Cast'
      [parse_vt] regex matched 1 group(s)
        (5) @ 8.74 x 8.74  avg=8.7400  contrib=5×8.7400=43.7000
      [parse_vt] RESULT: 43.7000 / 5 = 8.7400
      [parse_vt] upper=8.7400  lower=8.7400
      [parse_vt] filing_info='Fig1. To 0.03125'
    → trim_diameter=8.74, num_stages=5, filing='Fig1. To 0.03125'
    → upper=8.7400, lower=8.7400, conical=no
    ✓ trim=8.7400, stages=5, rpm=1760.0, model='MB', filing='Fig1. To 0.03125'

  test_id=99272094190010A1P
    raw trim: type=str  value='(4) @ 8.66 x 8.66 Fig1. To 0.03125 75Ra
  '
      [extract_trim] POLISHED detected in '(4) @ 8.66 x 8.66 Fig1. To 0.03125 75Ra'
      [extract_trim] is_vertical=True  has_@=True
      [extract_trim] → _parse_vertical_trim
      [parse_vt] input='(4) @ 8.66 x 8.66 Fig1. To 0.03125 75Ra'
      [parse_vt] regex matched 1 group(s)
        (4) @ 8.66 x 8.66  avg=8.6600  contrib=4×8.6600=34.6400
      [parse_vt] RESULT: 34.6400 / 4 = 8.6600
      [parse_vt] upper=8.6600  lower=8.6600
      [parse_vt] filing_info='Fig1. To 0.03125'
    → trim_diameter=8.66, num_stages=4, filing='Fig1. To 0.03125'
    → upper=8.6600, lower=8.6600, conical=no
    → POLISHED impeller detected
    ✓ trim=8.6600, stages=4, rpm=1760.0, model='MB', filing='Fig1. To 0.03125'

  test_id=99272089320010A1P
    raw trim: type=str  value='(4) @ 8.8 x 8.8 Fig1. To 0.03125 AS CAST
  '
      [extract_trim] is_vertical=True  has_@=True
      [extract_trim] → _parse_vertical_trim
      [parse_vt] input='(4) @ 8.8 x 8.8 Fig1. To 0.03125 AS CAST'
      [parse_vt] regex matched 1 group(s)
        (4) @ 8.8 x 8.8  avg=8.8000  contrib=4×8.8000=35.2000
      [parse_vt] RESULT: 35.2000 / 4 = 8.8000
      [parse_vt] upper=8.8000  lower=8.8000
      [parse_vt] filing_info='Fig1. To 0.03125'
    → trim_diameter=8.8, num_stages=4, filing='Fig1. To 0.03125'
    → upper=8.8000, lower=8.8000, conical=no
    ✓ trim=8.8000, stages=4, rpm=1760.0, model='MB', filing='Fig1. To 0.03125'

  test_id=99272113430010A1P
    raw trim: type=str  value='(9) @ 8.76 x 8.76 Fig1. To 0.03125 75Ra
  '
      [extract_trim] POLISHED detected in '(9) @ 8.76 x 8.76 Fig1. To 0.03125 75Ra'
      [extract_trim] is_vertical=True  has_@=True
      [extract_trim] → _parse_vertical_trim
      [parse_vt] input='(9) @ 8.76 x 8.76 Fig1. To 0.03125 75Ra'
      [parse_vt] regex matched 1 group(s)
        (9) @ 8.76 x 8.76  avg=8.7600  contrib=9×8.7600=78.8400
      [parse_vt] RESULT: 78.8400 / 9 = 8.7600
      [parse_vt] upper=8.7600  lower=8.7600
      [parse_vt] filing_info='Fig1. To 0.03125'
    → trim_diameter=8.76, num_stages=9, filing='Fig1. To 0.03125'
    → upper=8.7600, lower=8.7600, conical=no
    → POLISHED impeller detected
    ✓ trim=8.7600, stages=9, rpm=1760.0, model='MB', filing='Fig1. To 0.03125'

  test_id=99272116990010A1P
    raw trim: type=str  value='(8) @ 8.86 x 8.86 Fig1. To 0.03125 AS CAST
  '
      [extract_trim] is_vertical=True  has_@=True
      [extract_trim] → _parse_vertical_trim
      [parse_vt] input='(8) @ 8.86 x 8.86 Fig1. To 0.03125 AS CAST'
      [parse_vt] regex matched 1 group(s)
        (8) @ 8.86 x 8.86  avg=8.8600  contrib=8×8.8600=70.8800
      [parse_vt] RESULT: 70.8800 / 8 = 8.8600
      [parse_vt] upper=8.8600  lower=8.8600
      [parse_vt] filing_info='Fig1. To 0.03125'
    → trim_diameter=8.86, num_stages=8, filing='Fig1. To 0.03125'
    → upper=8.8600, lower=8.8600, conical=no
    ✓ trim=8.8600, stages=8, rpm=1760.0, model='MB', filing='Fig1. To 0.03125'

  test_id=99272131020010A1P
    raw trim: type=str  value='(4) @ 8.82 x 8.82 Fig1. To 0.03125 AS CAST
  '
      [extract_trim] is_vertical=True  has_@=True
      [extract_trim] → _parse_vertical_trim
      [parse_vt] input='(4) @ 8.82 x 8.82 Fig1. To 0.03125 AS CAST'
      [parse_vt] regex matched 1 group(s)
        (4) @ 8.82 x 8.82  avg=8.8200  contrib=4×8.8200=35.2800
      [parse_vt] RESULT: 35.2800 / 4 = 8.8200
      [parse_vt] upper=8.8200  lower=8.8200
      [parse_vt] filing_info='Fig1. To 0.03125'
    → trim_diameter=8.82, num_stages=4, filing='Fig1. To 0.03125'
    → upper=8.8200, lower=8.8200, conical=no
    ✓ trim=8.8200, stages=4, rpm=1760.0, model='MB', filing='Fig1. To 0.03125'

  test_id=99272118030010A1P
    raw trim: type=str  value='(5) @ 8.66 x 8.66 Fig1. To 0.03125 AS CAST
  '
      [extract_trim] is_vertical=True  has_@=True
      [extract_trim] → _parse_vertical_trim
      [parse_vt] input='(5) @ 8.66 x 8.66 Fig1. To 0.03125 AS CAST'
      [parse_vt] regex matched 1 group(s)
        (5) @ 8.66 x 8.66  avg=8.6600  contrib=5×8.6600=43.3000
      [parse_vt] RESULT: 43.3000 / 5 = 8.6600
      [parse_vt] upper=8.6600  lower=8.6600
      [parse_vt] filing_info='Fig1. To 0.03125'
    → trim_diameter=8.66, num_stages=5, filing='Fig1. To 0.03125'
    → upper=8.6600, lower=8.6600, conical=no
    ✓ trim=8.6600, stages=5, rpm=1760.0, model='MB', filing='Fig1. To 0.03125'

  test_id=99272113430010B1P
    raw trim: type=str  value='(9) @ 8.76 x 8.76 Fig1. To 0.03125 75Ra
  '
      [extract_trim] POLISHED detected in '(9) @ 8.76 x 8.76 Fig1. To 0.03125 75Ra'
      [extract_trim] is_vertical=True  has_@=True
      [extract_trim] → _parse_vertical_trim
      [parse_vt] input='(9) @ 8.76 x 8.76 Fig1. To 0.03125 75Ra'
      [parse_vt] regex matched 1 group(s)
        (9) @ 8.76 x 8.76  avg=8.7600  contrib=9×8.7600=78.8400
      [parse_vt] RESULT: 78.8400 / 9 = 8.7600
      [parse_vt] upper=8.7600  lower=8.7600
      [parse_vt] filing_info='Fig1. To 0.03125'
    → trim_diameter=8.76, num_stages=9, filing='Fig1. To 0.03125'
    → upper=8.7600, lower=8.7600, conical=no
    → POLISHED impeller detected
    ✓ trim=8.7600, stages=9, rpm=1760.0, model='MB', filing='Fig1. To 0.03125'

  test_id=99272125290010A1P
    raw trim: type=str  value='(4) @ 8.66 x 8.66 Fig1. To 0.03125 AS CAST
  '
      [extract_trim] is_vertical=True  has_@=True
      [extract_trim] → _parse_vertical_trim
      [parse_vt] input='(4) @ 8.66 x 8.66 Fig1. To 0.03125 AS CAST'
      [parse_vt] regex matched 1 group(s)
        (4) @ 8.66 x 8.66  avg=8.6600  contrib=4×8.6600=34.6400
      [parse_vt] RESULT: 34.6400 / 4 = 8.6600
      [parse_vt] upper=8.6600  lower=8.6600
      [parse_vt] filing_info='Fig1. To 0.03125'
    → trim_diameter=8.66, num_stages=4, filing='Fig1. To 0.03125'
    → upper=8.6600, lower=8.6600, conical=no
    ✓ trim=8.6600, stages=4, rpm=1760.0, model='MB', filing='Fig1. To 0.03125'

  test_id=99272133080010A1P
    raw trim: type=str  value='(4) @ 8.62 x 8.62 Fig1. To 0.03125 AS CAST
  '
      [extract_trim] is_vertical=True  has_@=True
      [extract_trim] → _parse_vertical_trim
      [parse_vt] input='(4) @ 8.62 x 8.62 Fig1. To 0.03125 AS CAST'
      [parse_vt] regex matched 1 group(s)
        (4) @ 8.62 x 8.62  avg=8.6200  contrib=4×8.6200=34.4800
      [parse_vt] RESULT: 34.4800 / 4 = 8.6200
      [parse_vt] upper=8.6200  lower=8.6200
      [parse_vt] filing_info='Fig1. To 0.03125'
    → trim_diameter=8.62, num_stages=4, filing='Fig1. To 0.03125'
    → upper=8.6200, lower=8.6200, conical=no
    ✓ trim=8.6200, stages=4, rpm=1760.0, model='MB', filing='Fig1. To 0.03125'

  test_id=99272126520010A1P
    raw trim: type=str  value='(4) @ 8.66 x 8.66 Fig1. To 0.03125 AS CAST
  '
      [extract_trim] is_vertical=True  has_@=True
      [extract_trim] → _parse_vertical_trim
      [parse_vt] input='(4) @ 8.66 x 8.66 Fig1. To 0.03125 AS CAST'
      [parse_vt] regex matched 1 group(s)
        (4) @ 8.66 x 8.66  avg=8.6600  contrib=4×8.6600=34.6400
      [parse_vt] RESULT: 34.6400 / 4 = 8.6600
      [parse_vt] upper=8.6600  lower=8.6600
      [parse_vt] filing_info='Fig1. To 0.03125'
    → trim_diameter=8.66, num_stages=4, filing='Fig1. To 0.03125'
    → upper=8.6600, lower=8.6600, conical=no
    ✓ trim=8.6600, stages=4, rpm=1760.0, model='MB', filing='Fig1. To 0.03125'

  test_id=99272149470010A1P
    raw trim: type=str  value='(6) @ 8.58 x 8.58 Fig1. To 0.03125 AS CAST
  '
      [extract_trim] is_vertical=True  has_@=True
      [extract_trim] → _parse_vertical_trim
      [parse_vt] input='(6) @ 8.58 x 8.58 Fig1. To 0.03125 AS CAST'
      [parse_vt] regex matched 1 group(s)
        (6) @ 8.58 x 8.58  avg=8.5800  contrib=6×8.5800=51.4800
      [parse_vt] RESULT: 51.4800 / 6 = 8.5800
      [parse_vt] upper=8.5800  lower=8.5800
      [parse_vt] filing_info='Fig1. To 0.03125'
    → trim_diameter=8.58, num_stages=6, filing='Fig1. To 0.03125'
    → upper=8.5800, lower=8.5800, conical=no
    ✓ trim=8.5800, stages=6, rpm=1760.0, model='MB', filing='Fig1. To 0.03125'

  test_id=99272145210010A1P
    raw trim: type=str  value='(3) @ 8.96 x 8.96 Fig1. To 0.03125 AS CAST
  '
      [extract_trim] is_vertical=True  has_@=True
      [extract_trim] → _parse_vertical_trim
      [parse_vt] input='(3) @ 8.96 x 8.96 Fig1. To 0.03125 AS CAST'
      [parse_vt] regex matched 1 group(s)
        (3) @ 8.96 x 8.96  avg=8.9600  contrib=3×8.9600=26.8800
      [parse_vt] RESULT: 26.8800 / 3 = 8.9600
      [parse_vt] upper=8.9600  lower=8.9600
      [parse_vt] filing_info='Fig1. To 0.03125'
    → trim_diameter=8.96, num_stages=3, filing='Fig1. To 0.03125'
    → upper=8.9600, lower=8.9600, conical=no
    ✓ trim=8.9600, stages=3, rpm=1760.0, model='MB', filing='Fig1. To 0.03125'

  test_id=99272160560010A1P
    raw trim: type=str  value='(1) @ 8.69 x 8.69 Fig1. To 0.03125 As Cast
  '
      [extract_trim] is_vertical=True  has_@=True
      [extract_trim] → _parse_vertical_trim
      [parse_vt] input='(1) @ 8.69 x 8.69 Fig1. To 0.03125 As Cast'
      [parse_vt] regex matched 1 group(s)
        (1) @ 8.69 x 8.69  avg=8.6900  contrib=1×8.6900=8.6900
      [parse_vt] RESULT: 8.6900 / 1 = 8.6900
      [parse_vt] upper=8.6900  lower=8.6900
      [parse_vt] filing_info='Fig1. To 0.03125'
    → trim_diameter=8.69, num_stages=1, filing='Fig1. To 0.03125'
    → upper=8.6900, lower=8.6900, conical=no
    stages fallback: 1 → 1 (from 'num_stages' column)
    ✓ trim=8.6900, stages=1, rpm=1785.0, model='MB', filing='Fig1. To 0.03125'

  test_id=99272162430010A1P
    raw trim: type=str  value='(4) @ 8.66 x 8.66 Fig1. To 0.03125 75Ra
  '
      [extract_trim] POLISHED detected in '(4) @ 8.66 x 8.66 Fig1. To 0.03125 75Ra'
      [extract_trim] is_vertical=True  has_@=True
      [extract_trim] → _parse_vertical_trim
      [parse_vt] input='(4) @ 8.66 x 8.66 Fig1. To 0.03125 75Ra'
      [parse_vt] regex matched 1 group(s)
        (4) @ 8.66 x 8.66  avg=8.6600  contrib=4×8.6600=34.6400
      [parse_vt] RESULT: 34.6400 / 4 = 8.6600
      [parse_vt] upper=8.6600  lower=8.6600
      [parse_vt] filing_info='Fig1. To 0.03125'
    → trim_diameter=8.66, num_stages=4, filing='Fig1. To 0.03125'
    → upper=8.6600, lower=8.6600, conical=no
    → POLISHED impeller detected
    ✓ trim=8.6600, stages=4, rpm=1760.0, model='MB', filing='Fig1. To 0.03125'

  test_id=99272172120010A1P
    raw trim: type=str  value='(5) @ 8.82 x 8.82 Fig1. To 0.03125 AS CAST
  '
      [extract_trim] is_vertical=True  has_@=True
      [extract_trim] → _parse_vertical_trim
      [parse_vt] input='(5) @ 8.82 x 8.82 Fig1. To 0.03125 AS CAST'
      [parse_vt] regex matched 1 group(s)
        (5) @ 8.82 x 8.82  avg=8.8200  contrib=5×8.8200=44.1000
      [parse_vt] RESULT: 44.1000 / 5 = 8.8200
      [parse_vt] upper=8.8200  lower=8.8200
      [parse_vt] filing_info='Fig1. To 0.03125'
    → trim_diameter=8.82, num_stages=5, filing='Fig1. To 0.03125'
    → upper=8.8200, lower=8.8200, conical=no
    ✓ trim=8.8200, stages=5, rpm=1760.0, model='MB', filing='Fig1. To 0.03125'

  test_id=99272178420010A1P
    raw trim: type=str  value='(6) @ 8.6 x 8.6 Fig1. To 0.03125 AS CAST
  '
      [extract_trim] is_vertical=True  has_@=True
      [extract_trim] → _parse_vertical_trim
      [parse_vt] input='(6) @ 8.6 x 8.6 Fig1. To 0.03125 AS CAST'
      [parse_vt] regex matched 1 group(s)
        (6) @ 8.6 x 8.6  avg=8.6000  contrib=6×8.6000=51.6000
      [parse_vt] RESULT: 51.6000 / 6 = 8.6000
      [parse_vt] upper=8.6000  lower=8.6000
      [parse_vt] filing_info='Fig1. To 0.03125'
    → trim_diameter=8.6, num_stages=6, filing='Fig1. To 0.03125'
    → upper=8.6000, lower=8.6000, conical=no
    ✓ trim=8.6000, stages=6, rpm=1760.0, model='MB', filing='Fig1. To 0.03125'

  test_id=99272188670010A1P
    raw trim: type=str  value='(7) @ 8.9 x 8.9 Fig1. To 0.03125 75Ra
  '
      [extract_trim] POLISHED detected in '(7) @ 8.9 x 8.9 Fig1. To 0.03125 75Ra'
      [extract_trim] is_vertical=True  has_@=True
      [extract_trim] → _parse_vertical_trim
      [parse_vt] input='(7) @ 8.9 x 8.9 Fig1. To 0.03125 75Ra'
      [parse_vt] regex matched 1 group(s)
        (7) @ 8.9 x 8.9  avg=8.9000  contrib=7×8.9000=62.3000
      [parse_vt] RESULT: 62.3000 / 7 = 8.9000
      [parse_vt] upper=8.9000  lower=8.9000
      [parse_vt] filing_info='Fig1. To 0.03125'
    → trim_diameter=8.9, num_stages=7, filing='Fig1. To 0.03125'
    → upper=8.9000, lower=8.9000, conical=no
    → POLISHED impeller detected
    ✓ trim=8.9000, stages=7, rpm=1760.0, model='MB', filing='Fig1. To 0.03125'

  test_id=99272196350010A1P
    raw trim: type=str  value='(2) @ 8.62 x 8.62 Fig1. To 0.03125 AS CAST
  '
      [extract_trim] is_vertical=True  has_@=True
      [extract_trim] → _parse_vertical_trim
      [parse_vt] input='(2) @ 8.62 x 8.62 Fig1. To 0.03125 AS CAST'
      [parse_vt] regex matched 1 group(s)
        (2) @ 8.62 x 8.62  avg=8.6200  contrib=2×8.6200=17.2400
      [parse_vt] RESULT: 17.2400 / 2 = 8.6200
      [parse_vt] upper=8.6200  lower=8.6200
      [parse_vt] filing_info='Fig1. To 0.03125'
    → trim_diameter=8.62, num_stages=2, filing='Fig1. To 0.03125'
    → upper=8.6200, lower=8.6200, conical=no
    ✓ trim=8.6200, stages=2, rpm=1760.0, model='MB', filing='Fig1. To 0.03125'

  test_id=99272195800010A1P
    raw trim: type=str  value='(3) @ 8.96 x 8.96 Fig1. To 0.03125 AS CAST
  '
      [extract_trim] is_vertical=True  has_@=True
      [extract_trim] → _parse_vertical_trim
      [parse_vt] input='(3) @ 8.96 x 8.96 Fig1. To 0.03125 AS CAST'
      [parse_vt] regex matched 1 group(s)
        (3) @ 8.96 x 8.96  avg=8.9600  contrib=3×8.9600=26.8800
      [parse_vt] RESULT: 26.8800 / 3 = 8.9600
      [parse_vt] upper=8.9600  lower=8.9600
      [parse_vt] filing_info='Fig1. To 0.03125'
    → trim_diameter=8.96, num_stages=3, filing='Fig1. To 0.03125'
    → upper=8.9600, lower=8.9600, conical=no
    ✓ trim=8.9600, stages=3, rpm=1760.0, model='MB', filing='Fig1. To 0.03125'

  test_id=99272195800010B1P
    raw trim: type=str  value='(3) @ 8.96 x 8.96 Fig1. To 0.03125 AS CAST
  '
      [extract_trim] is_vertical=True  has_@=True
      [extract_trim] → _parse_vertical_trim
      [parse_vt] input='(3) @ 8.96 x 8.96 Fig1. To 0.03125 AS CAST'
      [parse_vt] regex matched 1 group(s)
        (3) @ 8.96 x 8.96  avg=8.9600  contrib=3×8.9600=26.8800
      [parse_vt] RESULT: 26.8800 / 3 = 8.9600
      [parse_vt] upper=8.9600  lower=8.9600
      [parse_vt] filing_info='Fig1. To 0.03125'
    → trim_diameter=8.96, num_stages=3, filing='Fig1. To 0.03125'
    → upper=8.9600, lower=8.9600, conical=no
    ✓ trim=8.9600, stages=3, rpm=1760.0, model='MB', filing='Fig1. To 0.03125'

  test_id=99272195800010B1P
    raw trim: type=str  value='(3) @ 8.96 x 8.96 Fig1. To 0.03125 AS CAST
  '
      [extract_trim] is_vertical=True  has_@=True
      [extract_trim] → _parse_vertical_trim
      [parse_vt] input='(3) @ 8.96 x 8.96 Fig1. To 0.03125 AS CAST'
      [parse_vt] regex matched 1 group(s)
        (3) @ 8.96 x 8.96  avg=8.9600  contrib=3×8.9600=26.8800
      [parse_vt] RESULT: 26.8800 / 3 = 8.9600
      [parse_vt] upper=8.9600  lower=8.9600
      [parse_vt] filing_info='Fig1. To 0.03125'
    → trim_diameter=8.96, num_stages=3, filing='Fig1. To 0.03125'
    → upper=8.9600, lower=8.9600, conical=no
    ✓ trim=8.9600, stages=3, rpm=1760.0, model='MB', filing='Fig1. To 0.03125'

  test_id=99272201090010A1P
    raw trim: type=str  value='(5) @ 8.7 x 8.7 Fig1. To 0.03125 AS CAST
  '
      [extract_trim] is_vertical=True  has_@=True
      [extract_trim] → _parse_vertical_trim
      [parse_vt] input='(5) @ 8.7 x 8.7 Fig1. To 0.03125 AS CAST'
      [parse_vt] regex matched 1 group(s)
        (5) @ 8.7 x 8.7  avg=8.7000  contrib=5×8.7000=43.5000
      [parse_vt] RESULT: 43.5000 / 5 = 8.7000
      [parse_vt] upper=8.7000  lower=8.7000
      [parse_vt] filing_info='Fig1. To 0.03125'
    → trim_diameter=8.7, num_stages=5, filing='Fig1. To 0.03125'
    → upper=8.7000, lower=8.7000, conical=no
    ✓ trim=8.7000, stages=5, rpm=1760.0, model='MB', filing='Fig1. To 0.03125'

  test_id=99272165710010A1P
    raw trim: type=str  value='(10) @ 8.76 x 8.76 Fig1. To 0.03125 AS CAST
  '
      [extract_trim] is_vertical=True  has_@=True
      [extract_trim] → _parse_vertical_trim
      [parse_vt] input='(10) @ 8.76 x 8.76 Fig1. To 0.03125 AS CAST'
      [parse_vt] regex matched 1 group(s)
        (10) @ 8.76 x 8.76  avg=8.7600  contrib=10×8.7600=87.6000
      [parse_vt] RESULT: 87.6000 / 10 = 8.7600
      [parse_vt] upper=8.7600  lower=8.7600
      [parse_vt] filing_info='Fig1. To 0.03125'
    → trim_diameter=8.76, num_stages=10, filing='Fig1. To 0.03125'
    → upper=8.7600, lower=8.7600, conical=no
    ✓ trim=8.7600, stages=10, rpm=1760.0, model='MB', filing='Fig1. To 0.03125'

  test_id=99272212100010A1P
    raw trim: type=str  value='(4) @ 8.66 x 8.66 Fig1. To 0.03125 AS CAST
  '
      [extract_trim] is_vertical=True  has_@=True
      [extract_trim] → _parse_vertical_trim
      [parse_vt] input='(4) @ 8.66 x 8.66 Fig1. To 0.03125 AS CAST'
      [parse_vt] regex matched 1 group(s)
        (4) @ 8.66 x 8.66  avg=8.6600  contrib=4×8.6600=34.6400
      [parse_vt] RESULT: 34.6400 / 4 = 8.6600
      [parse_vt] upper=8.6600  lower=8.6600
      [parse_vt] filing_info='Fig1. To 0.03125'
    → trim_diameter=8.66, num_stages=4, filing='Fig1. To 0.03125'
    → upper=8.6600, lower=8.6600, conical=no
    ✓ trim=8.6600, stages=4, rpm=1760.0, model='MB', filing='Fig1. To 0.03125'

  test_id=99272198520010A1P
    raw trim: type=str  value='(4) @ 8.66 x 8.66 Fig1. To 0.03125 As Cast
  '
      [extract_trim] is_vertical=True  has_@=True
      [extract_trim] → _parse_vertical_trim
      [parse_vt] input='(4) @ 8.66 x 8.66 Fig1. To 0.03125 As Cast'
      [parse_vt] regex matched 1 group(s)
        (4) @ 8.66 x 8.66  avg=8.6600  contrib=4×8.6600=34.6400
      [parse_vt] RESULT: 34.6400 / 4 = 8.6600
      [parse_vt] upper=8.6600  lower=8.6600
      [parse_vt] filing_info='Fig1. To 0.03125'
    → trim_diameter=8.66, num_stages=4, filing='Fig1. To 0.03125'
    → upper=8.6600, lower=8.6600, conical=no
    ✓ trim=8.6600, stages=4, rpm=1760.0, model='MB', filing='Fig1. To 0.03125'

  test_id=99272205420010A1P
    raw trim: type=str  value='(4) @ 8.66 x 8.66 Fig1. To 0.03125 75RA
  '
      [extract_trim] POLISHED detected in '(4) @ 8.66 x 8.66 Fig1. To 0.03125 75RA'
      [extract_trim] is_vertical=True  has_@=True
      [extract_trim] → _parse_vertical_trim
      [parse_vt] input='(4) @ 8.66 x 8.66 Fig1. To 0.03125 75RA'
      [parse_vt] regex matched 1 group(s)
        (4) @ 8.66 x 8.66  avg=8.6600  contrib=4×8.6600=34.6400
      [parse_vt] RESULT: 34.6400 / 4 = 8.6600
      [parse_vt] upper=8.6600  lower=8.6600
      [parse_vt] filing_info='Fig1. To 0.03125'
    → trim_diameter=8.66, num_stages=4, filing='Fig1. To 0.03125'
    → upper=8.6600, lower=8.6600, conical=no
    → POLISHED impeller detected
    ✓ trim=8.6600, stages=4, rpm=1760.0, model='MB', filing='Fig1. To 0.03125'

  test_id=99272213380010A1P
    raw trim: type=str  value='(5) @ 8.76 x 8.76 Fig1. To 0.03125 AS CAST
  '
      [extract_trim] is_vertical=True  has_@=True
      [extract_trim] → _parse_vertical_trim
      [parse_vt] input='(5) @ 8.76 x 8.76 Fig1. To 0.03125 AS CAST'
      [parse_vt] regex matched 1 group(s)
        (5) @ 8.76 x 8.76  avg=8.7600  contrib=5×8.7600=43.8000
      [parse_vt] RESULT: 43.8000 / 5 = 8.7600
      [parse_vt] upper=8.7600  lower=8.7600
      [parse_vt] filing_info='Fig1. To 0.03125'
    → trim_diameter=8.76, num_stages=5, filing='Fig1. To 0.03125'
    → upper=8.7600, lower=8.7600, conical=no
    ✓ trim=8.7600, stages=5, rpm=1760.0, model='MB', filing='Fig1. To 0.03125'

  test_id=99272206500010A1P
    raw trim: type=str  value='(5) @ 8.88 x 8.88 Fig1. To 0.03125 As Cast
  '
      [extract_trim] is_vertical=True  has_@=True
      [extract_trim] → _parse_vertical_trim
      [parse_vt] input='(5) @ 8.88 x 8.88 Fig1. To 0.03125 As Cast'
      [parse_vt] regex matched 1 group(s)
        (5) @ 8.88 x 8.88  avg=8.8800  contrib=5×8.8800=44.4000
      [parse_vt] RESULT: 44.4000 / 5 = 8.8800
      [parse_vt] upper=8.8800  lower=8.8800
      [parse_vt] filing_info='Fig1. To 0.03125'
    → trim_diameter=8.88, num_stages=5, filing='Fig1. To 0.03125'
    → upper=8.8800, lower=8.8800, conical=no
    ✓ trim=8.8800, stages=5, rpm=1760.0, model='MB', filing='Fig1. To 0.03125'

  test_id=99272213380010B1P
    raw trim: type=str  value='(5) @ 8.76 x 8.76 Fig1. To 0.03125 AS CAST
  '
      [extract_trim] is_vertical=True  has_@=True
      [extract_trim] → _parse_vertical_trim
      [parse_vt] input='(5) @ 8.76 x 8.76 Fig1. To 0.03125 AS CAST'
      [parse_vt] regex matched 1 group(s)
        (5) @ 8.76 x 8.76  avg=8.7600  contrib=5×8.7600=43.8000
      [parse_vt] RESULT: 43.8000 / 5 = 8.7600
      [parse_vt] upper=8.7600  lower=8.7600
      [parse_vt] filing_info='Fig1. To 0.03125'
    → trim_diameter=8.76, num_stages=5, filing='Fig1. To 0.03125'
    → upper=8.7600, lower=8.7600, conical=no
    ✓ trim=8.7600, stages=5, rpm=1760.0, model='MB', filing='Fig1. To 0.03125'

  test_id=99272214760040A1P
    raw trim: type=str  value='(5) @ 8.76 x 8.76 Fig1. To 0.03125 AS CAST
  '
      [extract_trim] is_vertical=True  has_@=True
      [extract_trim] → _parse_vertical_trim
      [parse_vt] input='(5) @ 8.76 x 8.76 Fig1. To 0.03125 AS CAST'
      [parse_vt] regex matched 1 group(s)
        (5) @ 8.76 x 8.76  avg=8.7600  contrib=5×8.7600=43.8000
      [parse_vt] RESULT: 43.8000 / 5 = 8.7600
      [parse_vt] upper=8.7600  lower=8.7600
      [parse_vt] filing_info='Fig1. To 0.03125'
    → trim_diameter=8.76, num_stages=5, filing='Fig1. To 0.03125'
    → upper=8.7600, lower=8.7600, conical=no
    ✓ trim=8.7600, stages=5, rpm=1760.0, model='MB', filing='Fig1. To 0.03125'

  test_id=99272174140010A1P
    raw trim: type=str  value='(4) @ 8.96 x 8.96 Fig1. To 0.03125 AS CAST
  '
      [extract_trim] is_vertical=True  has_@=True
      [extract_trim] → _parse_vertical_trim
      [parse_vt] input='(4) @ 8.96 x 8.96 Fig1. To 0.03125 AS CAST'
      [parse_vt] regex matched 1 group(s)
        (4) @ 8.96 x 8.96  avg=8.9600  contrib=4×8.9600=35.8400
      [parse_vt] RESULT: 35.8400 / 4 = 8.9600
      [parse_vt] upper=8.9600  lower=8.9600
      [parse_vt] filing_info='Fig1. To 0.03125'
    → trim_diameter=8.96, num_stages=4, filing='Fig1. To 0.03125'
    → upper=8.9600, lower=8.9600, conical=no
    ✓ trim=8.9600, stages=4, rpm=1785.0, model='MB', filing='Fig1. To 0.03125'

  test_id=99272230080010A1P
    raw trim: type=str  value='(5) @ 8.96 x 8.96 Fig1. To 0.03125 AS CAST
  '
      [extract_trim] is_vertical=True  has_@=True
      [extract_trim] → _parse_vertical_trim
      [parse_vt] input='(5) @ 8.96 x 8.96 Fig1. To 0.03125 AS CAST'
      [parse_vt] regex matched 1 group(s)
        (5) @ 8.96 x 8.96  avg=8.9600  contrib=5×8.9600=44.8000
      [parse_vt] RESULT: 44.8000 / 5 = 8.9600
      [parse_vt] upper=8.9600  lower=8.9600
      [parse_vt] filing_info='Fig1. To 0.03125'
    → trim_diameter=8.96, num_stages=5, filing='Fig1. To 0.03125'
    → upper=8.9600, lower=8.9600, conical=no
    ✓ trim=8.9600, stages=5, rpm=1760.0, model='MB', filing='Fig1. To 0.03125'

  test_id=99272230180010A1P
    raw trim: type=str  value='(5) @ 8.72 x 8.72 Fig1. To 0.03125 AS CAST
  '
      [extract_trim] is_vertical=True  has_@=True
      [extract_trim] → _parse_vertical_trim
      [parse_vt] input='(5) @ 8.72 x 8.72 Fig1. To 0.03125 AS CAST'
      [parse_vt] regex matched 1 group(s)
        (5) @ 8.72 x 8.72  avg=8.7200  contrib=5×8.7200=43.6000
      [parse_vt] RESULT: 43.6000 / 5 = 8.7200
      [parse_vt] upper=8.7200  lower=8.7200
      [parse_vt] filing_info='Fig1. To 0.03125'
    → trim_diameter=8.72, num_stages=5, filing='Fig1. To 0.03125'
    → upper=8.7200, lower=8.7200, conical=no
    ✓ trim=8.7200, stages=5, rpm=1760.0, model='MB', filing='Fig1. To 0.03125'

  test_id=99272230330010A1P
    raw trim: type=str  value='(5) @ 8.72 x 8.72 Fig1. To 0.03125 AS CAST
  '
      [extract_trim] is_vertical=True  has_@=True
      [extract_trim] → _parse_vertical_trim
      [parse_vt] input='(5) @ 8.72 x 8.72 Fig1. To 0.03125 AS CAST'
      [parse_vt] regex matched 1 group(s)
        (5) @ 8.72 x 8.72  avg=8.7200  contrib=5×8.7200=43.6000
      [parse_vt] RESULT: 43.6000 / 5 = 8.7200
      [parse_vt] upper=8.7200  lower=8.7200
      [parse_vt] filing_info='Fig1. To 0.03125'
    → trim_diameter=8.72, num_stages=5, filing='Fig1. To 0.03125'
    → upper=8.7200, lower=8.7200, conical=no
    ✓ trim=8.7200, stages=5, rpm=1760.0, model='MB', filing='Fig1. To 0.03125'

  test_id=99272230190010A1P
    raw trim: type=str  value='(5) @ 8.72 x 8.72 Fig1. To 0.03125 AS CAST
  '
      [extract_trim] is_vertical=True  has_@=True
      [extract_trim] → _parse_vertical_trim
      [parse_vt] input='(5) @ 8.72 x 8.72 Fig1. To 0.03125 AS CAST'
      [parse_vt] regex matched 1 group(s)
        (5) @ 8.72 x 8.72  avg=8.7200  contrib=5×8.7200=43.6000
      [parse_vt] RESULT: 43.6000 / 5 = 8.7200
      [parse_vt] upper=8.7200  lower=8.7200
      [parse_vt] filing_info='Fig1. To 0.03125'
    → trim_diameter=8.72, num_stages=5, filing='Fig1. To 0.03125'
    → upper=8.7200, lower=8.7200, conical=no
    ✓ trim=8.7200, stages=5, rpm=1760.0, model='MB', filing='Fig1. To 0.03125'

  test_id=99272232080010A1P
    raw trim: type=str  value='(5) @ 8.72 x 8.72 Fig1. To 0.03125 AS CAST
  '
      [extract_trim] is_vertical=True  has_@=True
      [extract_trim] → _parse_vertical_trim
      [parse_vt] input='(5) @ 8.72 x 8.72 Fig1. To 0.03125 AS CAST'
      [parse_vt] regex matched 1 group(s)
        (5) @ 8.72 x 8.72  avg=8.7200  contrib=5×8.7200=43.6000
      [parse_vt] RESULT: 43.6000 / 5 = 8.7200
      [parse_vt] upper=8.7200  lower=8.7200
      [parse_vt] filing_info='Fig1. To 0.03125'
    → trim_diameter=8.72, num_stages=5, filing='Fig1. To 0.03125'
    → upper=8.7200, lower=8.7200, conical=no
    ✓ trim=8.7200, stages=5, rpm=1760.0, model='MB', filing='Fig1. To 0.03125'

  test_id=99272232080010A1P
    raw trim: type=str  value='(5) @ 8.72 x 8.72 Fig1. To 0.03125 AS CAST
  '
      [extract_trim] is_vertical=True  has_@=True
      [extract_trim] → _parse_vertical_trim
      [parse_vt] input='(5) @ 8.72 x 8.72 Fig1. To 0.03125 AS CAST'
      [parse_vt] regex matched 1 group(s)
        (5) @ 8.72 x 8.72  avg=8.7200  contrib=5×8.7200=43.6000
      [parse_vt] RESULT: 43.6000 / 5 = 8.7200
      [parse_vt] upper=8.7200  lower=8.7200
      [parse_vt] filing_info='Fig1. To 0.03125'
    → trim_diameter=8.72, num_stages=5, filing='Fig1. To 0.03125'
    → upper=8.7200, lower=8.7200, conical=no
    ✓ trim=8.7200, stages=5, rpm=1760.0, model='MB', filing='Fig1. To 0.03125'

  test_id=99272224170010A1P
    raw trim: type=str  value='(3) @ 8.78 x 8.78 Fig1. To 0.03125 75Ra
  '
      [extract_trim] POLISHED detected in '(3) @ 8.78 x 8.78 Fig1. To 0.03125 75Ra'
      [extract_trim] is_vertical=True  has_@=True
      [extract_trim] → _parse_vertical_trim
      [parse_vt] input='(3) @ 8.78 x 8.78 Fig1. To 0.03125 75Ra'
      [parse_vt] regex matched 1 group(s)
        (3) @ 8.78 x 8.78  avg=8.7800  contrib=3×8.7800=26.3400
      [parse_vt] RESULT: 26.3400 / 3 = 8.7800
      [parse_vt] upper=8.7800  lower=8.7800
      [parse_vt] filing_info='Fig1. To 0.03125'
    → trim_diameter=8.78, num_stages=3, filing='Fig1. To 0.03125'
    → upper=8.7800, lower=8.7800, conical=no
    → POLISHED impeller detected
    ✓ trim=8.7800, stages=3, rpm=1760.0, model='MB', filing='Fig1. To 0.03125'

  test_id=99272254750010A1P
    raw trim: type=str  value='(4) @ 8.66 x 8.66 Fig1. To 0.03125 As Cast
  '
      [extract_trim] is_vertical=True  has_@=True
      [extract_trim] → _parse_vertical_trim
      [parse_vt] input='(4) @ 8.66 x 8.66 Fig1. To 0.03125 As Cast'
      [parse_vt] regex matched 1 group(s)
        (4) @ 8.66 x 8.66  avg=8.6600  contrib=4×8.6600=34.6400
      [parse_vt] RESULT: 34.6400 / 4 = 8.6600
      [parse_vt] upper=8.6600  lower=8.6600
      [parse_vt] filing_info='Fig1. To 0.03125'
    → trim_diameter=8.66, num_stages=4, filing='Fig1. To 0.03125'
    → upper=8.6600, lower=8.6600, conical=no
    ✓ trim=8.6600, stages=4, rpm=1760.0, model='MB', filing='Fig1. To 0.03125'

  test_id=99272244030010A1P
    raw trim: type=str  value='(5) @ 8.7 x 8.7 Fig1. To 0.03125 AS CAST
  '
      [extract_trim] is_vertical=True  has_@=True
      [extract_trim] → _parse_vertical_trim
      [parse_vt] input='(5) @ 8.7 x 8.7 Fig1. To 0.03125 AS CAST'
      [parse_vt] regex matched 1 group(s)
        (5) @ 8.7 x 8.7  avg=8.7000  contrib=5×8.7000=43.5000
      [parse_vt] RESULT: 43.5000 / 5 = 8.7000
      [parse_vt] upper=8.7000  lower=8.7000
      [parse_vt] filing_info='Fig1. To 0.03125'
    → trim_diameter=8.7, num_stages=5, filing='Fig1. To 0.03125'
    → upper=8.7000, lower=8.7000, conical=no
    ✓ trim=8.7000, stages=5, rpm=1760.0, model='MB', filing='Fig1. To 0.03125'

  test_id=99272253040010A1P
    raw trim: type=str  value='(5) @ 8.7 x 8.7 Fig1. To 0.03125 AS CAST
  '
      [extract_trim] is_vertical=True  has_@=True
      [extract_trim] → _parse_vertical_trim
      [parse_vt] input='(5) @ 8.7 x 8.7 Fig1. To 0.03125 AS CAST'
      [parse_vt] regex matched 1 group(s)
        (5) @ 8.7 x 8.7  avg=8.7000  contrib=5×8.7000=43.5000
      [parse_vt] RESULT: 43.5000 / 5 = 8.7000
      [parse_vt] upper=8.7000  lower=8.7000
      [parse_vt] filing_info='Fig1. To 0.03125'
    → trim_diameter=8.7, num_stages=5, filing='Fig1. To 0.03125'
    → upper=8.7000, lower=8.7000, conical=no
    ✓ trim=8.7000, stages=5, rpm=1760.0, model='MB', filing='Fig1. To 0.03125'

  Total matches: 161, skipped (no trim): 0
  Unique trims: ['8.3800', '8.4000', '8.4900', '8.5000', '8.5100', '8.5100', '8.5200', '8.5300', '8.5320', '8.5700', '8.5733', '8.5743', '8.5800', '8.5900', '8.5925']
  Unique stages: [1, 2, 3, 4, 5, 6, 7, 8, 9, 10, 11]

======================================================================
  TRIM GROUPING
======================================================================
  PX baseline diameters: [8.96, 8.6425, 8.325, 8.0075, 7.69]
  PX baseline speed:     1775.0
  Tolerance:             3%
  Input tests:           161

  Speed filter: 161 kept, 0 excluded

  [TRIM] 99272093690010A1P: test_trim=8.6400 → nearest_px=8.6425  diff=0.03%  ASSIGNED
  [TRIM] 99272088080010A1P: test_trim=8.6000 → nearest_px=8.6425  diff=0.49%  ASSIGNED
  [TRIM] 99272086870010A1P: test_trim=8.9600 → nearest_px=8.9600  diff=0.00%  ASSIGNED
  [TRIM] 99272076300010A1P: test_trim=8.7600 → nearest_px=8.6425  diff=1.36%  ASSIGNED
  [TRIM] 99272053890010B1P: test_trim=8.8800 → nearest_px=8.9600  diff=0.89%  ASSIGNED
  [TRIM] 99272053890010A1P: test_trim=8.8800 → nearest_px=8.9600  diff=0.89%  ASSIGNED
  [TRIM] 99272053900010B1P: test_trim=8.8800 → nearest_px=8.9600  diff=0.89%  ASSIGNED
  [TRIM] 99272053900010A1P: test_trim=8.8800 → nearest_px=8.9600  diff=0.89%  ASSIGNED
  [TRIM] 99272056010010A1P: test_trim=8.6200 → nearest_px=8.6425  diff=0.26%  ASSIGNED
  [TRIM] 99272052860010A1P: test_trim=8.7400 → nearest_px=8.6425  diff=1.13%  ASSIGNED
  [TRIM] 99272046600010A1P: test_trim=8.6000 → nearest_px=8.6425  diff=0.49%  ASSIGNED
  [TRIM] 99272033870010A1P: test_trim=8.8600 → nearest_px=8.9600  diff=1.12%  ASSIGNED
  [TRIM] 99272033440010A1P: test_trim=8.6600 → nearest_px=8.6425  diff=0.20%  ASSIGNED
  [TRIM] 99271930350010A1P: test_trim=8.9600 → nearest_px=8.9600  diff=0.00%  ASSIGNED
  [TRIM] 99271917070010A1P: test_trim=8.9000 → nearest_px=8.9600  diff=0.67%  ASSIGNED
  [TRIM] 99271979790010A1P: test_trim=8.8500 → nearest_px=8.9600  diff=1.23%  ASSIGNED
  [TRIM] 99271976320010A1P: test_trim=8.9600 → nearest_px=8.9600  diff=0.00%  ASSIGNED
  [TRIM] 99271976480010A1P: test_trim=8.9600 → nearest_px=8.9600  diff=0.00%  ASSIGNED
  [TRIM] 99271958690010A1P: test_trim=8.9180 → nearest_px=8.9600  diff=0.47%  ASSIGNED
  [TRIM] 99271958330010A1P: test_trim=8.6880 → nearest_px=8.6425  diff=0.53%  ASSIGNED
  [TRIM] 99271964520010A1P: test_trim=8.6520 → nearest_px=8.6425  diff=0.11%  ASSIGNED
  [TRIM] 99271959350010A1P: test_trim=8.5700 → nearest_px=8.6425  diff=0.84%  ASSIGNED
  [TRIM] 99271856860010A1P: test_trim=8.9600 → nearest_px=8.9600  diff=0.00%  ASSIGNED
  [TRIM] 99271935000010A1P: test_trim=8.6700 → nearest_px=8.6425  diff=0.32%  ASSIGNED
  [TRIM] 99271935550010A1P: test_trim=8.7000 → nearest_px=8.6425  diff=0.67%  ASSIGNED
  [TRIM] 99271915920010A1P: test_trim=8.7033 → nearest_px=8.6425  diff=0.70%  ASSIGNED
  [TRIM] 99271914720010A1P: test_trim=8.7575 → nearest_px=8.6425  diff=1.33%  ASSIGNED
  [TRIM] 99271902460010A1P: test_trim=8.5300 → nearest_px=8.6425  diff=1.30%  ASSIGNED
  [TRIM] 99271909300010B1P: test_trim=8.6933 → nearest_px=8.6425  diff=0.59%  ASSIGNED
  [TRIM] 99271902750010A1P: test_trim=8.6880 → nearest_px=8.6425  diff=0.53%  ASSIGNED
  [TRIM] 99271909300010A1P: test_trim=8.6933 → nearest_px=8.6425  diff=0.59%  ASSIGNED
  [TRIM] 99271894230010A1P: test_trim=8.5100 → nearest_px=8.6425  diff=1.53%  ASSIGNED
  [TRIM] 99271877070010A1P: test_trim=8.6300 → nearest_px=8.6425  diff=0.14%  ASSIGNED
  [TRIM] 99271877010010B1P: test_trim=8.7775 → nearest_px=8.6425  diff=1.56%  ASSIGNED
  [TRIM] 99271844890010A1P: test_trim=8.7000 → nearest_px=8.6425  diff=0.67%  ASSIGNED
  [TRIM] 99271894220010A1P: test_trim=8.4900 → nearest_px=8.6425  diff=1.76%  ASSIGNED
  [TRIM] 99271877010010A1P: test_trim=8.6825 → nearest_px=8.6425  diff=0.46%  ASSIGNED
  [TRIM] 99271894700010A1P: test_trim=8.6900 → nearest_px=8.6425  diff=0.55%  ASSIGNED
  [TRIM] 99271848820012A1P: test_trim=8.6300 → nearest_px=8.6425  diff=0.14%  ASSIGNED
  [TRIM] 99271868300011A1P: test_trim=8.5900 → nearest_px=8.6425  diff=0.61%  ASSIGNED
  [TRIM] 99271877120010A1P: test_trim=8.6300 → nearest_px=8.6425  diff=0.14%  ASSIGNED
  [TRIM] 99271877870010A1P: test_trim=8.4000 → nearest_px=8.3250  diff=0.90%  ASSIGNED
  [TRIM] 99271850470010A1P: test_trim=8.5200 → nearest_px=8.6425  diff=1.42%  ASSIGNED
  [TRIM] 99271857420012A1P: test_trim=8.5700 → nearest_px=8.6425  diff=0.84%  ASSIGNED
  [TRIM] 99271834830012A1P: test_trim=8.8800 → nearest_px=8.9600  diff=0.89%  ASSIGNED
  [TRIM] 99271844850012A1P: test_trim=8.9180 → nearest_px=8.9600  diff=0.47%  ASSIGNED
  [TRIM] 99271816210182A1P: test_trim=8.9600 → nearest_px=8.9600  diff=0.00%  ASSIGNED
  [TRIM] 99271825120012A1P: test_trim=8.7575 → nearest_px=8.6425  diff=1.33%  ASSIGNED
  [TRIM] 99271827490012A1P: test_trim=8.5743 → nearest_px=8.6425  diff=0.79%  ASSIGNED
  [TRIM] 99271807330011A1P: test_trim=8.6500 → nearest_px=8.6425  diff=0.09%  ASSIGNED
  [TRIM] 99271816210012A1P: test_trim=8.5100 → nearest_px=8.6425  diff=1.53%  ASSIGNED
  [TRIM] 99271793060012B1P: test_trim=8.9156 → nearest_px=8.9600  diff=0.50%  ASSIGNED
  [TRIM] 99271793060012A1P: test_trim=8.9156 → nearest_px=8.9600  diff=0.50%  ASSIGNED
  [TRIM] 99271797280012A1P: test_trim=8.6200 → nearest_px=8.6425  diff=0.26%  ASSIGNED
  [TRIM] 99271795100012A1P: test_trim=8.5100 → nearest_px=8.6425  diff=1.53%  ASSIGNED
  [TRIM] 99271800210012A1P: test_trim=8.5700 → nearest_px=8.6425  diff=0.84%  ASSIGNED
  [TRIM] 99271772280001A1P: test_trim=8.9600 → nearest_px=8.9600  diff=0.00%  ASSIGNED
  [TRIM] 99271793790012A1P: test_trim=8.8900 → nearest_px=8.9600  diff=0.78%  ASSIGNED
  [TRIM] 99271793850012A1P: test_trim=8.8500 → nearest_px=8.9600  diff=1.23%  ASSIGNED
  [TRIM] 99271793340012A1P: test_trim=8.8900 → nearest_px=8.9600  diff=0.78%  ASSIGNED
  [TRIM] 99271761650010A1P: test_trim=8.3800 → nearest_px=8.3250  diff=0.66%  ASSIGNED
  [TRIM] 5011300960010C1P: test_trim=8.5733 → nearest_px=8.6425  diff=0.80%  ASSIGNED
  [TRIM] 5011300960010B1P: test_trim=8.5733 → nearest_px=8.6425  diff=0.80%  ASSIGNED
  [TRIM] 99271761640010A1P: test_trim=8.8000 → nearest_px=8.6425  diff=1.82%  ASSIGNED
  [TRIM] 99271761630010A1P: test_trim=8.8000 → nearest_px=8.6425  diff=1.82%  ASSIGNED
  [TRIM] 5011300960010A1P: test_trim=8.5733 → nearest_px=8.6425  diff=0.80%  ASSIGNED
  [TRIM] 99271770180012A1P: test_trim=8.9600 → nearest_px=8.9600  diff=0.00%  ASSIGNED
  [TRIM] 99271771700012A1P: test_trim=8.6520 → nearest_px=8.6425  diff=0.11%  ASSIGNED
  [TRIM] 99271763970012A1P: test_trim=8.5100 → nearest_px=8.6425  diff=1.53%  ASSIGNED
  [TRIM] 99271752390021A1P: test_trim=8.5900 → nearest_px=8.6425  diff=0.61%  ASSIGNED
  [TRIM] 99271757090012A1P: test_trim=8.9180 → nearest_px=8.9600  diff=0.47%  ASSIGNED
  [TRIM] 99271746200021B1P: test_trim=8.5925 → nearest_px=8.6425  diff=0.58%  ASSIGNED
  [TRIM] 99271746200021A1P: test_trim=8.5925 → nearest_px=8.6425  diff=0.58%  ASSIGNED
  [TRIM] 99271746880010A1P: test_trim=8.8940 → nearest_px=8.9600  diff=0.74%  ASSIGNED
  [TRIM] 99271744270021A1P: test_trim=8.6900 → nearest_px=8.6425  diff=0.55%  ASSIGNED
  [TRIM] 99271743320021A1P: test_trim=8.5900 → nearest_px=8.6425  diff=0.61%  ASSIGNED
  [TRIM] 99271738120021A1P: test_trim=8.7600 → nearest_px=8.6425  diff=1.36%  ASSIGNED
  [TRIM] 99271733580021B1P: test_trim=8.7275 → nearest_px=8.6425  diff=0.98%  ASSIGNED
  [TRIM] 99271733580021A1P: test_trim=8.7275 → nearest_px=8.6425  diff=0.98%  ASSIGNED
  [TRIM] 99271732310021A1P: test_trim=8.9025 → nearest_px=8.9600  diff=0.64%  ASSIGNED
  [TRIM] 99271723550021A1P: test_trim=8.8400 → nearest_px=8.9600  diff=1.34%  ASSIGNED
  [TRIM] 9927170767A3P: test_trim=8.6675 → nearest_px=8.6425  diff=0.29%  ASSIGNED
  [TRIM] 9927170767A2P: test_trim=8.5700 → nearest_px=8.6425  diff=0.84%  ASSIGNED
  [TRIM] 9927170831A1P: test_trim=8.7033 → nearest_px=8.6425  diff=0.70%  ASSIGNED
  [TRIM] 9927170767A1P: test_trim=8.5700 → nearest_px=8.6425  diff=0.84%  ASSIGNED
  [TRIM] 99271683290010A1P: test_trim=8.7575 → nearest_px=8.6425  diff=1.33%  ASSIGNED
  [TRIM] 9927167543A1P: test_trim=8.6300 → nearest_px=8.6425  diff=0.14%  ASSIGNED
  [TRIM] 99271665530010A1P: test_trim=8.9600 → nearest_px=8.9600  diff=0.00%  ASSIGNED
  [TRIM] 99271577210010B1P: test_trim=8.7133 → nearest_px=8.6425  diff=0.82%  ASSIGNED
  [TRIM] 9927167261A1P: test_trim=8.5743 → nearest_px=8.6425  diff=0.79%  ASSIGNED
  [TRIM] 99271577210010A1P: test_trim=8.8700 → nearest_px=8.9600  diff=1.00%  ASSIGNED
  [TRIM] 9927165770B1P: test_trim=8.7900 → nearest_px=8.6425  diff=1.71%  ASSIGNED
  [TRIM] 9927165770A1P: test_trim=8.7900 → nearest_px=8.6425  diff=1.71%  ASSIGNED
  [TRIM] 9927165597A1P: test_trim=8.8940 → nearest_px=8.9600  diff=0.74%  ASSIGNED
  [TRIM] 9927164963A1P: test_trim=8.6880 → nearest_px=8.6425  diff=0.53%  ASSIGNED
  [TRIM] 9927164693A1P: test_trim=8.8150 → nearest_px=8.9600  diff=1.62%  ASSIGNED
  [TRIM] 99271564380010C1P: test_trim=8.5320 → nearest_px=8.6425  diff=1.28%  ASSIGNED
  [TRIM] 99271564380010B1P: test_trim=8.5320 → nearest_px=8.6425  diff=1.28%  ASSIGNED
  [TRIM] 9927163929A1P: test_trim=8.7940 → nearest_px=8.6425  diff=1.75%  ASSIGNED
  [TRIM] 99271564380010A1P: test_trim=8.5320 → nearest_px=8.6425  diff=1.28%  ASSIGNED
  [TRIM] 9927163108A1P: test_trim=8.6520 → nearest_px=8.6425  diff=0.11%  ASSIGNED
  [TRIM] 9927162437A1P: test_trim=8.5800 → nearest_px=8.6425  diff=0.72%  ASSIGNED
  [TRIM] 9927160831A1P: test_trim=8.5743 → nearest_px=8.6425  diff=0.79%  ASSIGNED
  [TRIM] 9927162768A1P: test_trim=8.6933 → nearest_px=8.6425  diff=0.59%  ASSIGNED
  [TRIM] 9927162334A1P: test_trim=8.5100 → nearest_px=8.6425  diff=1.53%  ASSIGNED
  [TRIM] 9927160070A1P: test_trim=8.9156 → nearest_px=8.9600  diff=0.50%  ASSIGNED
  [TRIM] 9927160071B1P: test_trim=8.5925 → nearest_px=8.6425  diff=0.58%  ASSIGNED
  [TRIM] 9927160071A1P: test_trim=8.5925 → nearest_px=8.6425  diff=0.58%  ASSIGNED
  [TRIM] 9927160182A1P: test_trim=8.5700 → nearest_px=8.6425  diff=0.84%  ASSIGNED
  [TRIM] 9927159061B1P: test_trim=8.5000 → nearest_px=8.6425  diff=1.65%  ASSIGNED
  [TRIM] 9927159061A1P: test_trim=8.5000 → nearest_px=8.6425  diff=1.65%  ASSIGNED
  [TRIM] 9927160038A1P: test_trim=8.6520 → nearest_px=8.6425  diff=0.11%  ASSIGNED
  [TRIM] 9927158942A1P: test_trim=8.7400 → nearest_px=8.6425  diff=1.13%  ASSIGNED
  [TRIM] 9927158612A1P: test_trim=8.5100 → nearest_px=8.6425  diff=1.53%  ASSIGNED
  [TRIM] 9927152599A1P: test_trim=8.7180 → nearest_px=8.6425  diff=0.87%  ASSIGNED
  [TRIM] 9927158789A1P: test_trim=8.6520 → nearest_px=8.6425  diff=0.11%  ASSIGNED
  [TRIM] 99272092820010A1P: test_trim=8.9600 → nearest_px=8.9600  diff=0.00%  ASSIGNED
  [TRIM] 99272086840011A1P: test_trim=8.6600 → nearest_px=8.6425  diff=0.20%  ASSIGNED
  [TRIM] 99272045200010A1P: test_trim=8.6400 → nearest_px=8.6425  diff=0.03%  ASSIGNED
  [TRIM] 99272091280010A1P: test_trim=8.7400 → nearest_px=8.6425  diff=1.13%  ASSIGNED
  [TRIM] 99272094190010A1P: test_trim=8.6600 → nearest_px=8.6425  diff=0.20%  ASSIGNED
  [TRIM] 99272089320010A1P: test_trim=8.8000 → nearest_px=8.6425  diff=1.82%  ASSIGNED
  [TRIM] 99272113430010A1P: test_trim=8.7600 → nearest_px=8.6425  diff=1.36%  ASSIGNED
  [TRIM] 99272116990010A1P: test_trim=8.8600 → nearest_px=8.9600  diff=1.12%  ASSIGNED
  [TRIM] 99272131020010A1P: test_trim=8.8200 → nearest_px=8.9600  diff=1.56%  ASSIGNED
  [TRIM] 99272118030010A1P: test_trim=8.6600 → nearest_px=8.6425  diff=0.20%  ASSIGNED
  [TRIM] 99272113430010B1P: test_trim=8.7600 → nearest_px=8.6425  diff=1.36%  ASSIGNED
  [TRIM] 99272125290010A1P: test_trim=8.6600 → nearest_px=8.6425  diff=0.20%  ASSIGNED
  [TRIM] 99272133080010A1P: test_trim=8.6200 → nearest_px=8.6425  diff=0.26%  ASSIGNED
  [TRIM] 99272126520010A1P: test_trim=8.6600 → nearest_px=8.6425  diff=0.20%  ASSIGNED
  [TRIM] 99272149470010A1P: test_trim=8.5800 → nearest_px=8.6425  diff=0.72%  ASSIGNED
  [TRIM] 99272145210010A1P: test_trim=8.9600 → nearest_px=8.9600  diff=0.00%  ASSIGNED
  [TRIM] 99272160560010A1P: test_trim=8.6900 → nearest_px=8.6425  diff=0.55%  ASSIGNED
  [TRIM] 99272162430010A1P: test_trim=8.6600 → nearest_px=8.6425  diff=0.20%  ASSIGNED
  [TRIM] 99272172120010A1P: test_trim=8.8200 → nearest_px=8.9600  diff=1.56%  ASSIGNED
  [TRIM] 99272178420010A1P: test_trim=8.6000 → nearest_px=8.6425  diff=0.49%  ASSIGNED
  [TRIM] 99272188670010A1P: test_trim=8.9000 → nearest_px=8.9600  diff=0.67%  ASSIGNED
  [TRIM] 99272196350010A1P: test_trim=8.6200 → nearest_px=8.6425  diff=0.26%  ASSIGNED
  [TRIM] 99272195800010A1P: test_trim=8.9600 → nearest_px=8.9600  diff=0.00%  ASSIGNED
  [TRIM] 99272195800010B1P: test_trim=8.9600 → nearest_px=8.9600  diff=0.00%  ASSIGNED
  [TRIM] 99272195800010B1P: test_trim=8.9600 → nearest_px=8.9600  diff=0.00%  ASSIGNED
  [TRIM] 99272201090010A1P: test_trim=8.7000 → nearest_px=8.6425  diff=0.67%  ASSIGNED
  [TRIM] 99272165710010A1P: test_trim=8.7600 → nearest_px=8.6425  diff=1.36%  ASSIGNED
  [TRIM] 99272212100010A1P: test_trim=8.6600 → nearest_px=8.6425  diff=0.20%  ASSIGNED
  [TRIM] 99272198520010A1P: test_trim=8.6600 → nearest_px=8.6425  diff=0.20%  ASSIGNED
  [TRIM] 99272205420010A1P: test_trim=8.6600 → nearest_px=8.6425  diff=0.20%  ASSIGNED
  [TRIM] 99272213380010A1P: test_trim=8.7600 → nearest_px=8.6425  diff=1.36%  ASSIGNED
  [TRIM] 99272206500010A1P: test_trim=8.8800 → nearest_px=8.9600  diff=0.89%  ASSIGNED
  [TRIM] 99272213380010B1P: test_trim=8.7600 → nearest_px=8.6425  diff=1.36%  ASSIGNED
  [TRIM] 99272214760040A1P: test_trim=8.7600 → nearest_px=8.6425  diff=1.36%  ASSIGNED
  [TRIM] 99272174140010A1P: test_trim=8.9600 → nearest_px=8.9600  diff=0.00%  ASSIGNED
  [TRIM] 99272230080010A1P: test_trim=8.9600 → nearest_px=8.9600  diff=0.00%  ASSIGNED
  [TRIM] 99272230180010A1P: test_trim=8.7200 → nearest_px=8.6425  diff=0.90%  ASSIGNED
  [TRIM] 99272230330010A1P: test_trim=8.7200 → nearest_px=8.6425  diff=0.90%  ASSIGNED
  [TRIM] 99272230190010A1P: test_trim=8.7200 → nearest_px=8.6425  diff=0.90%  ASSIGNED
  [TRIM] 99272232080010A1P: test_trim=8.7200 → nearest_px=8.6425  diff=0.90%  ASSIGNED
  [TRIM] 99272232080010A1P: test_trim=8.7200 → nearest_px=8.6425  diff=0.90%  ASSIGNED
  [TRIM] 99272224170010A1P: test_trim=8.7800 → nearest_px=8.6425  diff=1.59%  ASSIGNED
  [TRIM] 99272254750010A1P: test_trim=8.6600 → nearest_px=8.6425  diff=0.20%  ASSIGNED
  [TRIM] 99272244030010A1P: test_trim=8.7000 → nearest_px=8.6425  diff=0.67%  ASSIGNED
  [TRIM] 99272253040010A1P: test_trim=8.7000 → nearest_px=8.6425  diff=0.67%  ASSIGNED

  ── [GROUP] PX baseline=8.9600 ──
    tests:        44
    trims:        ['8.9600', '8.8800', '8.8800', '8.8800', '8.8800', '8.8600', '8.9600', '8.9000', '8.8500', '8.9600', '8.9600', '8.9180', '8.9600', '8.8800', '8.9180', '8.9600', '8.9156', '8.9156', '8.9600', '8.8900', '8.8500', '8.8900', '8.9600', '8.9180', '8.8940', '8.9025', '8.8400', '8.9600', '8.8700', '8.8940', '8.8150', '8.9156', '8.9600', '8.8600', '8.8200', '8.9600', '8.8200', '8.9000', '8.9600', '8.9600', '8.9600', '8.8800', '8.9600', '8.9600']
    avg_trim:     8.9090
    dia_ratio:    8.9600 / 8.9090 = 1.005724
    avg_rpm:      1762.0
    speed_ratio:  1775.0 / 1762.0 = 1.007352
  ── [GROUP] PX baseline=8.6425 ──
    tests:        115
    trims:        ['8.6400', '8.6000', '8.7600', '8.6200', '8.7400', '8.6000', '8.6600', '8.6880', '8.6520', '8.5700', '8.6700', '8.7000', '8.7033', '8.7575', '8.5300', '8.6933', '8.6880', '8.6933', '8.5100', '8.6300', '8.7775', '8.7000', '8.4900', '8.6825', '8.6900', '8.6300', '8.5900', '8.6300', '8.5200', '8.5700', '8.7575', '8.5743', '8.6500', '8.5100', '8.6200', '8.5100', '8.5700', '8.5733', '8.5733', '8.8000', '8.8000', '8.5733', '8.6520', '8.5100', '8.5900', '8.5925', '8.5925', '8.6900', '8.5900', '8.7600', '8.7275', '8.7275', '8.6675', '8.5700', '8.7033', '8.5700', '8.7575', '8.6300', '8.7133', '8.5743', '8.7900', '8.7900', '8.6880', '8.5320', '8.5320', '8.7940', '8.5320', '8.6520', '8.5800', '8.5743', '8.6933', '8.5100', '8.5925', '8.5925', '8.5700', '8.5000', '8.5000', '8.6520', '8.7400', '8.5100', '8.7180', '8.6520', '8.6600', '8.6400', '8.7400', '8.6600', '8.8000', '8.7600', '8.6600', '8.7600', '8.6600', '8.6200', '8.6600', '8.5800', '8.6900', '8.6600', '8.6000', '8.6200', '8.7000', '8.7600', '8.6600', '8.6600', '8.6600', '8.7600', '8.7600', '8.7600', '8.7200', '8.7200', '8.7200', '8.7200', '8.7200', '8.7800', '8.6600', '8.7000', '8.7000']
    avg_trim:     8.6534
    dia_ratio:    8.6425 / 8.6534 = 0.998742
    avg_rpm:      1759.0
    speed_ratio:  1775.0 / 1759.0 = 1.009096
  ── [GROUP] PX baseline=8.3250 ──
    tests:        2
    trims:        ['8.4000', '8.3800']
    avg_trim:     8.3900
    dia_ratio:    8.3250 / 8.3900 = 0.992253
    avg_rpm:      1760.0
    speed_ratio:  1775.0 / 1760.0 = 1.008523
   [GROUP EMPTY] PX=8.0075: no tests
   [GROUP EMPTY] PX=7.6900: no tests
  [PATH] 99272086870010A1P → CACHED (skip resolve)
  [PATH] 99272053890010B1P → CACHED (skip resolve)
  [PATH] 99272053890010A1P → CACHED (skip resolve)
  [PATH] 99272053900010B1P → CACHED (skip resolve)
  [PATH] 99272053900010A1P → CACHED (skip resolve)
  [PATH] 99272033870010A1P → CACHED (skip resolve)
  [PATH] 99271930350010A1P → CACHED (skip resolve)
  [PATH] 99271917070010A1P → CACHED (skip resolve)
  [PATH] 99271979790010A1P → CACHED (skip resolve)
  [PATH] 99271976320010A1P → CACHED (skip resolve)
  [PATH] 99271976480010A1P → CACHED (skip resolve)
  [PATH] 99271958690010A1P → CACHED (skip resolve)
  [PATH] 99271856860010A1P → CACHED (skip resolve)
  [PATH] 99271834830012A1P → CACHED (skip resolve)
  [PATH] 99271844850012A1P → CACHED (skip resolve)
  [PATH] 99271816210182A1P → CACHED (skip resolve)
  [PATH] 99271793060012B1P → CACHED (skip resolve)
  [PATH] 99271793060012A1P → CACHED (skip resolve)
  [PATH] 99272092820010A1P → CACHED (skip resolve)
  [PATH] 99272116990010A1P → CACHED (skip resolve)
  [PATH] 99272131020010A1P → CACHED (skip resolve)
  [PATH] 99272145210010A1P → CACHED (skip resolve)
  [PATH] 99272172120010A1P → CACHED (skip resolve)
  [PATH] 99272188670010A1P → CACHED (skip resolve)
  [PATH] 99272195800010A1P → CACHED (skip resolve)
  [PATH] 99272195800010B1P → CACHED (skip resolve)
  [PATH] 99272195800010B1P → CACHED (skip resolve)
  [PATH] 99272206500010A1P → CACHED (skip resolve)
  [PATH] 99272174140010A1P → CACHED (skip resolve)
  [PATH] 99272230080010A1P → CACHED (skip resolve)
  [PATH] 99272093690010A1P → CACHED (skip resolve)
  [PATH] 99272088080010A1P → CACHED (skip resolve)
  [PATH] 99272076300010A1P → CACHED (skip resolve)
  [PATH] 99272056010010A1P → CACHED (skip resolve)
  [PATH] 99272052860010A1P → CACHED (skip resolve)
  [PATH] 99272046600010A1P → CACHED (skip resolve)
  [PATH] 99272033440010A1P → CACHED (skip resolve)
  [PATH] 99271958330010A1P → CACHED (skip resolve)
  [PATH] 99271964520010A1P → CACHED (skip resolve)
  [PATH] 99271959350010A1P → CACHED (skip resolve)
  [PATH] 99271935000010A1P → CACHED (skip resolve)
  [PATH] 99271935550010A1P → CACHED (skip resolve)
  [PATH] 99271915920010A1P → CACHED (skip resolve)
  [PATH] 99271914720010A1P → CACHED (skip resolve)
  [PATH] 99271902460010A1P → CACHED (skip resolve)
  [PATH] 99271909300010B1P → CACHED (skip resolve)
  [PATH] 99271902750010A1P → CACHED (skip resolve)
  [PATH] 99271909300010A1P → CACHED (skip resolve)
  [PATH] 99271894230010A1P → CACHED (skip resolve)
  [PATH] 99271877070010A1P → CACHED (skip resolve)
  [PATH] 99271877010010B1P → CACHED (skip resolve)
  [PATH] 99271844890010A1P → CACHED (skip resolve)
  [PATH] 99271894220010A1P → CACHED (skip resolve)
  [PATH] 99271877010010A1P → CACHED (skip resolve)
  [PATH] 99271894700010A1P → CACHED (skip resolve)
  [PATH] 99271848820012A1P → CACHED (skip resolve)
  [PATH] 99271868300011A1P → CACHED (skip resolve)
  [PATH] 99271877120010A1P → CACHED (skip resolve)
  [PATH] 99271850470010A1P → CACHED (skip resolve)
  [PATH] 99271857420012A1P → CACHED (skip resolve)
  [PATH] 99271825120012A1P → CACHED (skip resolve)
  [PATH] 99271827490012A1P → CACHED (skip resolve)
  [PATH] 99271807330011A1P → CACHED (skip resolve)
  [PATH] 99271816210012A1P → CACHED (skip resolve)
  [PATH] 99271797280012A1P → CACHED (skip resolve)
  [PATH] 99271795100012A1P → CACHED (skip resolve)
  [PATH] 99272086840011A1P → CACHED (skip resolve)
  [PATH] 99272045200010A1P → CACHED (skip resolve)
  [PATH] 99272091280010A1P → CACHED (skip resolve)
  [PATH] 99272094190010A1P → CACHED (skip resolve)
  [PATH] 99272089320010A1P → CACHED (skip resolve)
  [PATH] 99272113430010A1P → CACHED (skip resolve)
  [PATH] 99272118030010A1P → CACHED (skip resolve)
  [PATH] 99272113430010B1P → CACHED (skip resolve)
  [PATH] 99272125290010A1P → CACHED (skip resolve)
  [PATH] 99272133080010A1P → CACHED (skip resolve)
  [PATH] 99272126520010A1P → CACHED (skip resolve)
  [PATH] 99272149470010A1P → CACHED (skip resolve)
  [PATH] 99272160560010A1P → CACHED (skip resolve)
  [PATH] 99272162430010A1P → CACHED (skip resolve)
  [PATH] 99272178420010A1P → CACHED (skip resolve)
  [PATH] 99272196350010A1P → CACHED (skip resolve)
  [PATH] 99272201090010A1P → CACHED (skip resolve)
  [PATH] 99272165710010A1P → CACHED (skip resolve)
  [PATH] 99272212100010A1P → CACHED (skip resolve)
  [PATH] 99272198520010A1P → CACHED (skip resolve)
  [PATH] 99272205420010A1P → CACHED (skip resolve)
  [PATH] 99272213380010A1P → CACHED (skip resolve)
  [PATH] 99272213380010B1P → CACHED (skip resolve)
  [PATH] 99272214760040A1P → CACHED (skip resolve)
  [PATH] 99272230180010A1P → CACHED (skip resolve)
  [PATH] 99272230330010A1P → CACHED (skip resolve)
  [PATH] 99272230190010A1P → CACHED (skip resolve)
  [PATH] 99272232080010A1P → CACHED (skip resolve)
  [PATH] 99272232080010A1P → CACHED (skip resolve)
  [PATH] 99272224170010A1P → CACHED (skip resolve)
  [PATH] 99272254750010A1P → CACHED (skip resolve)
  [PATH] 99272244030010A1P → CACHED (skip resolve)
  [PATH] 99272253040010A1P → CACHED (skip resolve)
  [PATH] 99271877870010A1P → CACHED (skip resolve)
  [PATH] 99271772280001A1P → X:\US\Ind\Proj\Manufacturing\Voyage\TestData\12MB\99271772280001A1P.xls  exists=True
  [PATH] 99271793790012A1P → X:\US\Ind\Proj\Manufacturing\Voyage\TestData\12MB\99271793790012A1P.xls  exists=True
  [PATH] 99271793850012A1P → X:\US\Ind\Proj\Manufacturing\Voyage\TestData\12MB\99271793850012A1P.xls  exists=True
  [PATH] 99271793340012A1P → X:\US\Ind\Proj\Manufacturing\Voyage\TestData\12MB\99271793340012A1P.xls  exists=True
  [PATH] 99271770180012A1P → X:\US\Ind\Proj\Manufacturing\Voyage\TestData\12MB\99271770180012A1P.xls  exists=True
  [PATH] 99271757090012A1P → X:\US\Ind\Proj\Manufacturing\Voyage\TestData\12MB\99271757090012A1P.xls  exists=True
  [PATH] 99271746880010A1P → X:\US\Ind\Proj\Manufacturing\Voyage\TestData\12MB\99271746880010A1P.xls  exists=True
  [PATH] 99271732310021A1P → X:\US\Ind\Proj\Manufacturing\Voyage\TestData\12MB\99271732310021A1P.xls  exists=True
  [PATH] 99271723550021A1P → X:\US\Ind\Proj\Manufacturing\Voyage\TestData\12MB\99271723550021A1P.xls  exists=True
  [PATH] 99271665530010A1P → X:\US\Ind\Proj\Manufacturing\Voyage\TestData\12MB\99271665530010A1P.xls  exists=True
  [PATH] 99271577210010A1P → X:\US\Ind\Proj\Manufacturing\Voyage\TestData\12MB\30_2624331 hi cap\99271577210010A1P.xls  exists=True
  [PATH] 9927165597A1P → X:\US\Ind\Proj\Manufacturing\Voyage\TestData\12MB\9927165597A1P.xls  exists=True
  [PATH] 9927164693A1P → X:\US\Ind\Proj\Manufacturing\Voyage\TestData\12MB\9927164693A1P.xls  exists=True
  [PATH] 9927160070A1P → X:\US\Ind\Proj\Manufacturing\Voyage\TestData\12MB\35_fire pumps\12MBF 1000gpm 1760rpm\12MBF 9-stg\9927160070A1P.xls  exists=True
  [PATH] 99271800210012A1P → X:\US\Ind\Proj\Manufacturing\Voyage\TestData\12MB\99271800210012A1P.xls  exists=True
  [PATH] 5011300960010C1P → X:\US\Ind\Proj\Manufacturing\Voyage\TestData\12MB\5011300960010C1P.xls  exists=True
  [PATH] 5011300960010B1P → X:\US\Ind\Proj\Manufacturing\Voyage\TestData\12MB\5011300960010B1P.xls  exists=True
  [PATH] 99271761640010A1P → X:\US\Ind\Proj\Manufacturing\Voyage\TestData\12MB\99271761640010A1P.xls  exists=True
  [PATH] 99271761630010A1P → X:\US\Ind\Proj\Manufacturing\Voyage\TestData\12MB\99271761630010A1P.xls  exists=True
  [PATH] 5011300960010A1P → X:\US\Ind\Proj\Manufacturing\Voyage\TestData\12MB\5011300960010A1P.xls  exists=True
  [PATH] 99271771700012A1P → X:\US\Ind\Proj\Manufacturing\Voyage\TestData\12MB\99271771700012A1P.xls  exists=True
  [PATH] 99271763970012A1P → X:\US\Ind\Proj\Manufacturing\Voyage\TestData\12MB\99271763970012A1P.xls  exists=True
  [PATH] 99271752390021A1P → X:\US\Ind\Proj\Manufacturing\Voyage\TestData\12MB\99271752390021A1P.xls  exists=True
  [PATH] 99271746200021B1P → X:\US\Ind\Proj\Manufacturing\Voyage\TestData\12MB\99271746200021B1P.xls  exists=True
  [PATH] 99271746200021A1P → X:\US\Ind\Proj\Manufacturing\Voyage\TestData\12MB\99271746200021A1P.xls  exists=True
  [PATH] 99271744270021A1P → X:\US\Ind\Proj\Manufacturing\Voyage\TestData\12MB\99271744270021A1P.xls  exists=True
  [PATH] 99271743320021A1P → X:\US\Ind\Proj\Manufacturing\Voyage\TestData\12MB\99271743320021A1P.xls  exists=True
  [PATH] 99271738120021A1P → X:\US\Ind\Proj\Manufacturing\Voyage\TestData\12MB\99271738120021A1P.xls  exists=True
  [PATH] 99271733580021B1P → X:\US\Ind\Proj\Manufacturing\Voyage\TestData\12MB\99271733580021B1P.xls  exists=True
  [PATH] 99271733580021A1P → X:\US\Ind\Proj\Manufacturing\Voyage\TestData\12MB\99271733580021A1P.xls  exists=True
  [PATH] 9927170767A3P → X:\US\Ind\Proj\Manufacturing\Voyage\TestData\12MB\9927170767A3P.xls  exists=True
  [PATH] 9927170767A2P → X:\US\Ind\Proj\Manufacturing\Voyage\TestData\12MB\9927170767A2P.xls  exists=True
  [PATH] 9927170831A1P → X:\US\Ind\Proj\Manufacturing\Voyage\TestData\12MB\9927170831A1P.xls  exists=True
  [PATH] 9927170767A1P → X:\US\Ind\Proj\Manufacturing\Voyage\TestData\12MB\9927170767A1P.xls  exists=True
  [PATH] 99271683290010A1P → X:\US\Ind\Proj\Manufacturing\Voyage\TestData\12MB\99271683290010A1P.xls  exists=True
  [PATH] 9927167543A1P → X:\US\Ind\Proj\Manufacturing\Voyage\TestData\12MB\9927167543A1P.xls  exists=True
  [PATH] 99271577210010B1P → X:\US\Ind\Proj\Manufacturing\Voyage\TestData\12MB\30_2624331 hi cap\99271577210010B1P.xls  exists=True
  [PATH] 9927167261A1P → X:\US\Ind\Proj\Manufacturing\Voyage\TestData\12MB\35_fire pumps\12MBF 1000gpm 1760rpm\12MBF 7-stg\9927167261A1P.xls  exists=True
  [PATH] 9927165770B1P → X:\US\Ind\Proj\Manufacturing\Voyage\TestData\12MB\35_fire pumps\12MBF 1000gpm 1760rpm\12MBF 6-stg\9927165770B1P.xls  exists=True
  [PATH] 9927165770A1P → X:\US\Ind\Proj\Manufacturing\Voyage\TestData\12MB\9927165770A1P.xls  exists=True
  [PATH] 9927164963A1P → X:\US\Ind\Proj\Manufacturing\Voyage\TestData\12MB\9927164963A1P.xls  exists=True
  [PATH] 99271564380010C1P → X:\US\Ind\Proj\Manufacturing\Voyage\TestData\12MB\30_2624331 hi cap\99271564380010C1P.xls  exists=True
  [PATH] 99271564380010B1P → X:\US\Ind\Proj\Manufacturing\Voyage\TestData\12MB\30_2624331 hi cap\99271564380010B1P.xls  exists=True
  [PATH] 9927163929A1P → X:\US\Ind\Proj\Manufacturing\Voyage\TestData\12MB\9927163929A1P.xls  exists=True
  [PATH] 99271564380010A1P → X:\US\Ind\Proj\Manufacturing\Voyage\TestData\12MB\99271564380010A1P.xls  exists=True
  [PATH] 9927163108A1P → X:\US\Ind\Proj\Manufacturing\Voyage\TestData\12MB\9927163108A1P.xls  exists=True
  [PATH] 9927162437A1P → X:\US\Ind\Proj\Manufacturing\Voyage\TestData\12MB\9927162437A1P.xls  exists=True
  [PATH] 9927160831A1P → X:\US\Ind\Proj\Manufacturing\Voyage\TestData\12MB\35_fire pumps\12MBF 1000gpm 1760rpm\12MBF 7-stg\9927160831A1P.xls  exists=True
  [PATH] 9927162768A1P → X:\US\Ind\Proj\Manufacturing\Voyage\TestData\12MB\9927162768A1P.xls  exists=True
  [PATH] 9927162334A1P → X:\US\Ind\Proj\Manufacturing\Voyage\TestData\12MB\9927162334A1P.xls  exists=True
  [PATH] 9927160071B1P → X:\US\Ind\Proj\Manufacturing\Voyage\TestData\12MB\35_fire pumps\12MBF 1000gpm 1760rpm\12MBF 8-stg\9927160071B1P.xls  exists=True
  [PATH] 9927160071A1P → X:\US\Ind\Proj\Manufacturing\Voyage\TestData\12MB\35_fire pumps\12MBF 1000gpm 1760rpm\12MBF 8-stg\9927160071A1P.xls  exists=True
  [PATH] 9927160182A1P → X:\US\Ind\Proj\Manufacturing\Voyage\TestData\12MB\35_fire pumps\12MBF 1000gpm 1760rpm\12MBF 4-stg\9927160182A1P.xls  exists=True
  [PATH] 9927159061B1P → X:\US\Ind\Proj\Manufacturing\Voyage\TestData\12MB\35_fire pumps\12MBF 1000gpm 1760rpm\12MBF 7-stg\9927159061B1P.xls  exists=True
  [PATH] 9927159061A1P → X:\US\Ind\Proj\Manufacturing\Voyage\TestData\12MB\35_fire pumps\12MBF 1000gpm 1760rpm\12MBF 7-stg\9927159061A1P.xls  exists=True
  [PATH] 9927160038A1P → X:\US\Ind\Proj\Manufacturing\Voyage\TestData\12MB\35_fire pumps\12MBF 1000gpm 1760rpm\12MBF 5-stg\9927160038A1P.xls  exists=True
  [PATH] 9927158942A1P → X:\US\Ind\Proj\Manufacturing\Voyage\TestData\12MB\35_fire pumps\12MBF 1000gpm 1760rpm\12MBF 7-stg\9927158942A1P.xls  exists=True
  [PATH] 9927158612A1P → X:\US\Ind\Proj\Manufacturing\Voyage\TestData\12MB\30_2624331 hi cap\9927158612A1P.xls  exists=True
  [PATH] 9927152599A1P → X:\US\Ind\Proj\Manufacturing\Voyage\TestData\12MB\35_fire pumps\12MBF 1000gpm 1760rpm\12MBF 5-stg\9927152599A1P.xls  exists=True
  [PATH] 9927158789A1P → X:\US\Ind\Proj\Manufacturing\Voyage\TestData\12MB\35_fire pumps\12MBF 1000gpm 1760rpm\12MBF 5-stg\9927158789A1P.xls  exists=True
  [PATH] 99271761650010A1P → X:\US\Ind\Proj\Manufacturing\Voyage\TestData\12MB\99271761650010A1P.xls  exists=True
  100 cached, 61 found, 61 to copy

======================================================================
  DETAIL DATA + SCALING
======================================================================

  ── Group: PX baseline=8.9600, 44 tests, affinity=True ──

  ── [LOAD+SCALE] 99272086870010A1P ──
    trim=8.9600, stages=3, rpm=1760.0, filing='Fig1. To 0.03125'
    columns: ['curve_no', 'flow', 'speed', 'power_in', 'power_bowl_motor', 'power_bowl_dyno', 'power_pump_motor', 'power_pump_dyno', 'tdh_bowl', 'tdh_pump', 'eff_bowl_motor', 'eff_bowl_dyno', 'eff_pump_motor', 'eff_pump_dyno', 'eff_overall', 'npsha']
    rows: 13
    flow: 13 pts
      values: ['0.00', '313.65', '562.25', '803.15', '930.73', '983.68', '1013.08', '1046.07', '1197.37', '1435.05', '1495.28', '1623.90', '1815.24']
    head ('tdh_bowl'): 13 pts
      values: ['255.92', '235.08', '224.61', '219.88', '214.06', '210.53', '208.40', '205.60', '193.41', '166.64', '159.06', '141.05', '102.69']
    power ('power_bowl_dyno'): all zero/negative — trying fallback
    power FALLBACK ('power_bowl_motor'): 13 pts
      values: ['34.5986', '42.0833', '50.8067', '61.2383', '65.9223', '67.5342', '68.4154', '69.3773', '72.9410', '76.0776', '76.2735', '76.5562', '74.8575']
    efficiency ('eff_bowl_motor'): 13 pts
      values: ['0.00', '44.17', '62.66', '72.70', '76.19', '77.30', '77.79', '78.15', '80.04', '79.24', '78.61', '75.42', '62.78']
    [STAGE NORM] 3-stage → dividing head & power by 3
      head BEFORE: ['255.92', '235.08', '224.61', '219.88', '214.06', '210.53', '208.40', '205.60', '193.41', '166.64', '159.06', '141.05', '102.69']
      head AFTER:  ['85.31', '78.36', '74.87', '73.29', '71.35', '70.18', '69.47', '68.53', '64.47', '55.55', '53.02', '47.02', '34.23']
      power BEFORE: ['34.5986', '42.0833', '50.8067', '61.2383', '65.9223', '67.5342', '68.4154', '69.3773', '72.9410', '76.0776', '76.2735', '76.5562', '74.8575']
      power AFTER:  ['11.5329', '14.0278', '16.9356', '20.4128', '21.9741', '22.5114', '22.8051', '23.1258', '24.3137', '25.3592', '25.4245', '25.5187', '24.9525']
    [AFFINITY]
      test_diameter:     8.9600
      baseline_diameter: 8.9600
      dia_ratio:         8.9600/8.9600 = 1.000000
      test_rpm:          1760.0
      baseline_rpm:      1775.0
      speed_ratio:       1775.0/1760.0 = 1.008523
      scaled_flow:  ['0.00', '316.32', '567.04', '810.00', '938.66', '992.06', '1021.72', '1054.99', '1207.57', '1447.28', '1508.02', '1637.74', '1830.71']
      scaled_head:  ['86.77', '79.70', '76.15', '74.55', '72.57', '71.38', '70.66', '69.71', '65.57', '56.50', '53.93', '47.82', '34.82']
      scaled_power: ['11.8303', '14.3895', '17.3723', '20.9391', '22.5407', '23.0919', '23.3932', '23.7221', '24.9406', '26.0131', '26.0801', '26.1768', '25.5959']
    [FINAL] plotted_flow:  [0.00 → 1830.71]
    [FINAL] plotted_head:  [86.77 → 34.82]
    [FINAL] plotted_power: [11.8303 → 25.5959]
    [FINAL] plotted_eff:   [0.00 → 62.78]

  ── [LOAD+SCALE] 99272053890010B1P ──
    trim=8.8800, stages=6, rpm=1760.0, filing='Fig1. To 0.03125'
    columns: ['curve_no', 'flow', 'speed', 'power_in', 'power_bowl_motor', 'power_bowl_dyno', 'power_pump_motor', 'power_pump_dyno', 'tdh_bowl', 'tdh_pump', 'eff_bowl_motor', 'eff_bowl_dyno', 'eff_pump_motor', 'eff_pump_dyno', 'eff_overall', 'npsha']
    rows: 10
    flow: 10 pts
      values: ['13.02', '594.27', '812.02', '954.34', '995.19', '1031.39', '1237.27', '1510.51', '1625.52', '1755.57']
    head ('tdh_bowl'): 10 pts
      values: ['506.19', '441.15', '430.61', '412.62', '406.58', '399.73', '350.85', '267.78', '228.51', '175.31']
    power ('power_bowl_dyno'): all zero/negative — trying fallback
    power FALLBACK ('power_bowl_motor'): 10 pts
      values: ['63.0623', '98.6989', '116.6196', '125.5064', '127.5898', '129.3320', '135.0727', '136.8284', '135.7849', '131.6989']
    efficiency ('eff_bowl_motor'): 10 pts
      values: ['2.63', '66.96', '75.58', '79.09', '79.95', '80.36', '81.02', '74.52', '68.96', '58.91']
    [STAGE NORM] 6-stage → dividing head & power by 6
      head BEFORE: ['506.19', '441.15', '430.61', '412.62', '406.58', '399.73', '350.85', '267.78', '228.51', '175.31']
      head AFTER:  ['84.37', '73.53', '71.77', '68.77', '67.76', '66.62', '58.47', '44.63', '38.09', '29.22']
      power BEFORE: ['63.0623', '98.6989', '116.6196', '125.5064', '127.5898', '129.3320', '135.0727', '136.8284', '135.7849', '131.6989']
      power AFTER:  ['10.5104', '16.4498', '19.4366', '20.9177', '21.2650', '21.5553', '22.5121', '22.8047', '22.6308', '21.9498']
    [AFFINITY]
      test_diameter:     8.8800
      baseline_diameter: 8.9600
      dia_ratio:         8.9600/8.8800 = 1.009009
      test_rpm:          1760.0
      baseline_rpm:      1775.0
      speed_ratio:       1775.0/1760.0 = 1.008523
      scaled_flow:  ['13.25', '604.73', '826.32', '971.14', '1012.71', '1049.55', '1259.06', '1537.10', '1654.14', '1786.48']
      scaled_head:  ['87.36', '76.14', '74.32', '71.21', '70.17', '68.99', '60.55', '46.22', '39.44', '30.26']
      scaled_power: ['11.0754', '17.3342', '20.4815', '22.0423', '22.4082', '22.7142', '23.7224', '24.0307', '23.8475', '23.1299']
    [FINAL] plotted_flow:  [13.25 → 1786.48]
    [FINAL] plotted_head:  [87.36 → 30.26]
    [FINAL] plotted_power: [11.0754 → 23.1299]
    [FINAL] plotted_eff:   [2.63 → 58.91]

  ── [LOAD+SCALE] 99272053890010A1P ──
    trim=8.8800, stages=6, rpm=1760.0, filing='Fig1. To 0.03125'
    columns: ['curve_no', 'flow', 'speed', 'power_in', 'power_bowl_motor', 'power_bowl_dyno', 'power_pump_motor', 'power_pump_dyno', 'tdh_bowl', 'tdh_pump', 'eff_bowl_motor', 'eff_bowl_dyno', 'eff_pump_motor', 'eff_pump_dyno', 'eff_overall', 'npsha']
    rows: 11
    flow: 11 pts
      values: ['11.20', '552.27', '780.76', '951.66', '995.76', '1017.24', '1220.16', '1501.02', '1501.73', '1640.36', '1766.46']
    head ('tdh_bowl'): 11 pts
      values: ['510.83', '443.64', '433.25', '414.61', '406.82', '403.31', '358.64', '275.57', '275.80', '227.77', '173.58']
    power ('power_bowl_dyno'): all zero/negative — trying fallback
    power FALLBACK ('power_bowl_motor'): 11 pts
      values: ['65.3812', '95.6516', '114.5342', '126.0574', '128.3108', '129.3548', '135.7683', '138.4059', '138.4045', '137.2341', '133.4103']
    efficiency ('eff_bowl_motor'): 11 pts
      values: ['2.21', '64.57', '74.45', '78.91', '79.59', '79.95', '81.25', '75.34', '75.44', '68.63', '57.94']
    [STAGE NORM] 6-stage → dividing head & power by 6
      head BEFORE: ['510.83', '443.64', '433.25', '414.61', '406.82', '403.31', '358.64', '275.57', '275.80', '227.77', '173.58']
      head AFTER:  ['85.14', '73.94', '72.21', '69.10', '67.80', '67.22', '59.77', '45.93', '45.97', '37.96', '28.93']
      power BEFORE: ['65.3812', '95.6516', '114.5342', '126.0574', '128.3108', '129.3548', '135.7683', '138.4059', '138.4045', '137.2341', '133.4103']
      power AFTER:  ['10.8969', '15.9419', '19.0890', '21.0096', '21.3851', '21.5591', '22.6281', '23.0677', '23.0674', '22.8723', '22.2350']
    [AFFINITY]
      test_diameter:     8.8800
      baseline_diameter: 8.9600
      dia_ratio:         8.9600/8.8800 = 1.009009
      test_rpm:          1760.0
      baseline_rpm:      1775.0
      speed_ratio:       1775.0/1760.0 = 1.008523
      scaled_flow:  ['11.39', '562.00', '794.51', '968.41', '1013.29', '1035.15', '1241.64', '1527.45', '1528.17', '1669.25', '1797.56']
      scaled_head:  ['88.16', '76.57', '74.77', '71.56', '70.21', '69.61', '61.90', '47.56', '47.60', '39.31', '29.96']
      scaled_power: ['11.4827', '16.7990', '20.1153', '22.1391', '22.5348', '22.7182', '23.8446', '24.3078', '24.3075', '24.1020', '23.4304']
    [FINAL] plotted_flow:  [11.39 → 1797.56]
    [FINAL] plotted_head:  [88.16 → 29.96]
    [FINAL] plotted_power: [11.4827 → 23.4304]
    [FINAL] plotted_eff:   [2.21 → 57.94]

  ── [LOAD+SCALE] 99272053900010B1P ──
    trim=8.8800, stages=6, rpm=1760.0, filing='Fig1. To 0.03125'
    columns: ['curve_no', 'flow', 'speed', 'power_in', 'power_bowl_motor', 'power_bowl_dyno', 'power_pump_motor', 'power_pump_dyno', 'tdh_bowl', 'tdh_pump', 'eff_bowl_motor', 'eff_bowl_dyno', 'eff_pump_motor', 'eff_pump_dyno', 'eff_overall', 'npsha']
    rows: 13
    flow: 13 pts
      values: ['18.69', '384.95', '792.58', '974.41', '1004.77', '1023.47', '1051.03', '1052.22', '1188.93', '1372.58', '1504.59', '1615.40', '1700.92']
    head ('tdh_bowl'): 13 pts
      values: ['506.95', '447.85', '424.35', '400.58', '395.81', '391.61', '386.82', '386.86', '353.04', '300.86', '256.18', '213.48', '177.88']
    power ('power_bowl_dyno'): all zero/negative — trying fallback
    power FALLBACK ('power_bowl_motor'): 13 pts
      values: ['66.1440', '80.8450', '112.7104', '123.5356', '124.7841', '125.5639', '126.7159', '126.6547', '130.3320', '132.3127', '131.8087', '129.5109', '126.9792']
    efficiency ('eff_bowl_motor'): 13 pts
      values: ['3.61', '53.76', '75.22', '79.65', '80.34', '80.47', '80.88', '81.02', '81.19', '78.68', '73.72', '67.13', '60.07']
    [STAGE NORM] 6-stage → dividing head & power by 6
      head BEFORE: ['506.95', '447.85', '424.35', '400.58', '395.81', '391.61', '386.82', '386.86', '353.04', '300.86', '256.18', '213.48', '177.88']
      head AFTER:  ['84.49', '74.64', '70.72', '66.76', '65.97', '65.27', '64.47', '64.48', '58.84', '50.14', '42.70', '35.58', '29.65']
      power BEFORE: ['66.1440', '80.8450', '112.7104', '123.5356', '124.7841', '125.5639', '126.7159', '126.6547', '130.3320', '132.3127', '131.8087', '129.5109', '126.9792']
      power AFTER:  ['11.0240', '13.4742', '18.7851', '20.5893', '20.7974', '20.9273', '21.1193', '21.1091', '21.7220', '22.0521', '21.9681', '21.5852', '21.1632']
    [AFFINITY]
      test_diameter:     8.8800
      baseline_diameter: 8.9600
      dia_ratio:         8.9600/8.8800 = 1.009009
      test_rpm:          1760.0
      baseline_rpm:      1775.0
      speed_ratio:       1775.0/1760.0 = 1.008523
      scaled_flow:  ['19.02', '391.73', '806.53', '991.57', '1022.46', '1041.49', '1069.54', '1070.75', '1209.87', '1396.75', '1531.08', '1643.85', '1730.87']
      scaled_head:  ['87.49', '77.29', '73.24', '69.14', '68.31', '67.59', '66.76', '66.77', '60.93', '51.93', '44.21', '36.84', '30.70']
      scaled_power: ['11.6167', '14.1986', '19.7950', '21.6962', '21.9154', '22.0524', '22.2547', '22.2440', '22.8898', '23.2377', '23.1491', '22.7456', '22.3010']
    [FINAL] plotted_flow:  [19.02 → 1730.87]
    [FINAL] plotted_head:  [87.49 → 30.70]
    [FINAL] plotted_power: [11.6167 → 22.3010]
    [FINAL] plotted_eff:   [3.61 → 60.07]

  ── [LOAD+SCALE] 99272053900010A1P ──
    trim=8.8800, stages=6, rpm=1760.0, filing='Fig1. To 0.03125'
    columns: ['curve_no', 'flow', 'speed', 'power_in', 'power_bowl_motor', 'power_bowl_dyno', 'power_pump_motor', 'power_pump_dyno', 'tdh_bowl', 'tdh_pump', 'eff_bowl_motor', 'eff_bowl_dyno', 'eff_pump_motor', 'eff_pump_dyno', 'eff_overall', 'npsha']
    rows: 10
    flow: 10 pts
      values: ['0.00', '579.29', '835.24', '951.23', '993.43', '1037.29', '1241.24', '1507.77', '1630.32', '1721.90']
    head ('tdh_bowl'): 10 pts
      values: ['521.96', '444.67', '430.16', '414.60', '406.47', '398.39', '348.54', '265.99', '221.68', '183.11']
    power ('power_bowl_dyno'): all zero/negative — trying fallback
    power FALLBACK ('power_bowl_motor'): 10 pts
      values: ['68.7691', '98.2690', '118.8256', '125.2844', '127.5067', '129.3206', '134.9299', '136.0643', '134.7166', '131.4318']
    efficiency ('eff_bowl_motor'): 10 pts
      values: ['0.00', '66.08', '76.22', '79.35', '79.83', '80.55', '80.83', '74.30', '67.63', '60.47']
    [STAGE NORM] 6-stage → dividing head & power by 6
      head BEFORE: ['521.96', '444.67', '430.16', '414.60', '406.47', '398.39', '348.54', '265.99', '221.68', '183.11']
      head AFTER:  ['86.99', '74.11', '71.69', '69.10', '67.74', '66.40', '58.09', '44.33', '36.95', '30.52']
      power BEFORE: ['68.7691', '98.2690', '118.8256', '125.2844', '127.5067', '129.3206', '134.9299', '136.0643', '134.7166', '131.4318']
      power AFTER:  ['11.4615', '16.3782', '19.8043', '20.8807', '21.2511', '21.5534', '22.4883', '22.6774', '22.4528', '21.9053']
    [AFFINITY]
      test_diameter:     8.8800
      baseline_diameter: 8.9600
      dia_ratio:         8.9600/8.8800 = 1.009009
      test_rpm:          1760.0
      baseline_rpm:      1775.0
      speed_ratio:       1775.0/1760.0 = 1.008523
      scaled_flow:  ['0.00', '589.49', '849.94', '967.98', '1010.92', '1055.55', '1263.10', '1534.32', '1659.02', '1752.22']
      scaled_head:  ['90.08', '76.74', '74.24', '71.56', '70.15', '68.76', '60.15', '45.91', '38.26', '31.60']
      scaled_power: ['12.0777', '17.2587', '20.8690', '22.0033', '22.3936', '22.7122', '23.6973', '23.8965', '23.6599', '23.0830']
    [FINAL] plotted_flow:  [0.00 → 1752.22]
    [FINAL] plotted_head:  [90.08 → 31.60]
    [FINAL] plotted_power: [12.0777 → 23.0830]
    [FINAL] plotted_eff:   [0.00 → 60.47]

  ── [LOAD+SCALE] 99272033870010A1P ──
    trim=8.8600, stages=4, rpm=1760.0, filing='Fig1. To 0.03125'
    columns: ['curve_no', 'flow', 'speed', 'power_in', 'power_bowl_motor', 'power_bowl_dyno', 'power_pump_motor', 'power_pump_dyno', 'tdh_bowl', 'tdh_pump', 'eff_bowl_motor', 'eff_bowl_dyno', 'eff_pump_motor', 'eff_pump_dyno', 'eff_overall', 'npsha']
    rows: 12
    flow: 12 pts
      values: ['1.54', '422.73', '814.35', '954.79', '985.59', '988.25', '993.74', '1035.99', '1249.43', '1504.87', '1604.87', '1747.38']
    head ('tdh_bowl'): 12 pts
      values: ['333.75', '292.24', '278.41', '265.11', '262.23', '261.37', '259.92', '254.66', '221.24', '168.81', '144.06', '105.63']
    power ('power_bowl_dyno'): all zero/negative — trying fallback
    power FALLBACK ('power_bowl_motor'): 12 pts
      values: ['46.3977', '58.9433', '80.0606', '85.2163', '85.8794', '86.0005', '86.4086', '87.2684', '91.0740', '91.2892', '89.6694', '85.9947']
    efficiency ('eff_bowl_motor'): 12 pts
      values: ['0.28', '52.84', '71.39', '74.88', '75.86', '75.71', '75.35', '76.21', '76.51', '70.15', '65.00', '54.11']
    [STAGE NORM] 4-stage → dividing head & power by 4
      head BEFORE: ['333.75', '292.24', '278.41', '265.11', '262.23', '261.37', '259.92', '254.66', '221.24', '168.81', '144.06', '105.63']
      head AFTER:  ['83.44', '73.06', '69.60', '66.28', '65.56', '65.34', '64.98', '63.66', '55.31', '42.20', '36.01', '26.41']
      power BEFORE: ['46.3977', '58.9433', '80.0606', '85.2163', '85.8794', '86.0005', '86.4086', '87.2684', '91.0740', '91.2892', '89.6694', '85.9947']
      power AFTER:  ['11.5994', '14.7358', '20.0151', '21.3041', '21.4698', '21.5001', '21.6022', '21.8171', '22.7685', '22.8223', '22.4173', '21.4987']
    [AFFINITY]
      test_diameter:     8.8600
      baseline_diameter: 8.9600
      dia_ratio:         8.9600/8.8600 = 1.011287
      test_rpm:          1760.0
      baseline_rpm:      1775.0
      speed_ratio:       1775.0/1760.0 = 1.008523
      scaled_flow:  ['1.57', '431.14', '830.56', '973.79', '1005.21', '1007.92', '1013.52', '1056.62', '1274.30', '1534.83', '1636.82', '1782.16']
      scaled_head:  ['86.79', '76.00', '72.40', '68.94', '68.19', '67.97', '67.59', '66.22', '57.53', '43.90', '37.46', '27.47']
      scaled_power: ['12.3060', '15.6334', '21.2343', '22.6018', '22.7776', '22.8098', '22.9180', '23.1460', '24.1554', '24.2125', '23.7829', '22.8082']
    [FINAL] plotted_flow:  [1.57 → 1782.16]
    [FINAL] plotted_head:  [86.79 → 27.47]
    [FINAL] plotted_power: [12.3060 → 22.8082]
    [FINAL] plotted_eff:   [0.28 → 54.11]

  ── [LOAD+SCALE] 99271930350010A1P ──
    trim=8.9600, stages=6, rpm=1775.0, filing='Fig.1 to 0.03'
    columns: ['curve_no', 'flow', 'speed', 'power_in', 'power_bowl_motor', 'power_bowl_dyno', 'power_pump_motor', 'power_pump_dyno', 'tdh_bowl', 'tdh_pump', 'eff_bowl_motor', 'eff_bowl_dyno', 'eff_pump_motor', 'eff_pump_dyno', 'eff_overall', 'npsha']
    rows: 10
    flow: 10 pts
      values: ['0.00', '526.16', '1051.95', '1285.61', '1307.68', '1359.31', '1404.81', '1601.30', '1813.83', '1826.04']
    head ('tdh_bowl'): 10 pts
      values: ['494.55', '459.25', '421.99', '375.84', '369.37', '357.16', '345.93', '289.72', '199.79', '177.96']
    power ('power_bowl_dyno'): all zero/negative — trying fallback
    power FALLBACK ('power_bowl_motor'): 10 pts
      values: ['61.9735', '105.2071', '149.5467', '159.7324', '160.4830', '161.6964', '162.5078', '164.5091', '157.8897', '151.4583']
    efficiency ('eff_bowl_motor'): 10 pts
      values: ['0.00', '57.98', '74.94', '76.37', '75.98', '75.80', '75.50', '71.19', '57.94', '54.16']
    [STAGE NORM] 6-stage → dividing head & power by 6
      head BEFORE: ['494.55', '459.25', '421.99', '375.84', '369.37', '357.16', '345.93', '289.72', '199.79', '177.96']
      head AFTER:  ['82.43', '76.54', '70.33', '62.64', '61.56', '59.53', '57.66', '48.29', '33.30', '29.66']
      power BEFORE: ['61.9735', '105.2071', '149.5467', '159.7324', '160.4830', '161.6964', '162.5078', '164.5091', '157.8897', '151.4583']
      power AFTER:  ['10.3289', '17.5345', '24.9244', '26.6221', '26.7472', '26.9494', '27.0846', '27.4182', '26.3149', '25.2430']
    [AFFINITY]
      test_diameter:     8.9600
      baseline_diameter: 8.9600
      dia_ratio:         8.9600/8.9600 = 1.000000
      test_rpm:          1775.0
      baseline_rpm:      1775.0
      speed_ratio:       1775.0/1775.0 = 1.000000
      scaled_flow:  ['0.00', '526.16', '1051.95', '1285.61', '1307.68', '1359.31', '1404.81', '1601.30', '1813.83', '1826.04']
      scaled_head:  ['82.43', '76.54', '70.33', '62.64', '61.56', '59.53', '57.66', '48.29', '33.30', '29.66']
      scaled_power: ['10.3289', '17.5345', '24.9244', '26.6221', '26.7472', '26.9494', '27.0846', '27.4182', '26.3149', '25.2430']
    [FINAL] plotted_flow:  [0.00 → 1826.04]
    [FINAL] plotted_head:  [82.43 → 29.66]
    [FINAL] plotted_power: [10.3289 → 25.2430]
    [FINAL] plotted_eff:   [0.00 → 54.16]

  ── [LOAD+SCALE] 99271917070010A1P ──
    trim=8.9000, stages=3, rpm=1785.0, filing='Fig.1 to 0.03'
    columns: ['curve_no', 'flow', 'speed', 'power_in', 'power_bowl_motor', 'power_bowl_dyno', 'power_pump_motor', 'power_pump_dyno', 'tdh_bowl', 'tdh_pump', 'eff_bowl_motor', 'eff_bowl_dyno', 'eff_pump_motor', 'eff_pump_dyno', 'eff_overall', 'npsha']
    rows: 9
    flow: 9 pts
      values: ['0.79', '540.17', '747.77', '1052.34', '1301.57', '1359.07', '1405.68', '1589.44', '1699.28']
    head ('tdh_bowl'): 9 pts
      values: ['252.94', '224.39', '218.93', '194.97', '159.23', '149.54', '141.07', '108.29', '82.03']
    power ('power_bowl_dyno'): all zero/negative — trying fallback
    power FALLBACK ('power_bowl_motor'): 9 pts
      values: ['32.6570', '51.3361', '60.9883', '71.0107', '74.1879', '74.5593', '74.7479', '74.2018', '72.5774']
    efficiency ('eff_bowl_motor'): 9 pts
      values: ['0.15', '59.61', '67.77', '72.94', '70.53', '68.82', '66.97', '58.56', '48.49']
    [STAGE NORM] 3-stage → dividing head & power by 3
      head BEFORE: ['252.94', '224.39', '218.93', '194.97', '159.23', '149.54', '141.07', '108.29', '82.03']
      head AFTER:  ['84.31', '74.80', '72.98', '64.99', '53.08', '49.85', '47.02', '36.10', '27.34']
      power BEFORE: ['32.6570', '51.3361', '60.9883', '71.0107', '74.1879', '74.5593', '74.7479', '74.2018', '72.5774']
      power AFTER:  ['10.8857', '17.1120', '20.3294', '23.6702', '24.7293', '24.8531', '24.9160', '24.7339', '24.1925']
    [AFFINITY]
      test_diameter:     8.9000
      baseline_diameter: 8.9600
      dia_ratio:         8.9600/8.9000 = 1.006742
      test_rpm:          1785.0
      baseline_rpm:      1775.0
      speed_ratio:       1775.0/1785.0 = 0.994398
      scaled_flow:  ['0.79', '540.77', '748.59', '1053.50', '1303.00', '1360.57', '1407.23', '1591.19', '1701.15']
      scaled_head:  ['84.50', '74.96', '73.14', '65.13', '53.19', '49.96', '47.13', '36.18', '27.40']
      scaled_power: ['10.9217', '17.1686', '20.3967', '23.7485', '24.8111', '24.9353', '24.9984', '24.8157', '24.2725']
    [FINAL] plotted_flow:  [0.79 → 1701.15]
    [FINAL] plotted_head:  [84.50 → 27.40]
    [FINAL] plotted_power: [10.9217 → 24.2725]
    [FINAL] plotted_eff:   [0.15 → 48.49]

  ── [LOAD+SCALE] 99271979790010A1P ──
    trim=8.8500, stages=6, rpm=1760.0, filing='Fig. 1 to 0.03'
    columns: ['curve_no', 'flow', 'speed', 'power_in', 'power_bowl_motor', 'power_bowl_dyno', 'power_pump_motor', 'power_pump_dyno', 'tdh_bowl', 'tdh_pump', 'eff_bowl_motor', 'eff_bowl_dyno', 'eff_pump_motor', 'eff_pump_dyno', 'eff_overall', 'npsha']
    rows: 12
    flow: 12 pts
      values: ['0.10', '404.49', '599.26', '795.99', '953.99', '988.99', '1018.42', '1186.56', '1348.17', '1503.17', '1624.73', '1733.54']
    head ('tdh_bowl'): 12 pts
      values: ['495.72', '442.89', '438.39', '426.94', '407.31', '401.33', '396.04', '359.17', '313.20', '262.74', '219.16', '169.09']
    power ('power_bowl_dyno'): all zero/negative — trying fallback
    power FALLBACK ('power_bowl_motor'): 12 pts
      values: ['62.8534', '85.7194', '104.3202', '120.7814', '131.0885', '133.1508', '134.6065', '139.8673', '142.1466', '141.5888', '140.0497', '135.7675']
    efficiency ('eff_bowl_motor'): 12 pts
      values: ['0.02', '52.68', '63.48', '70.93', '74.72', '75.15', '75.54', '76.81', '74.88', '70.32', '64.09', '54.43']
    [STAGE NORM] 6-stage → dividing head & power by 6
      head BEFORE: ['495.72', '442.89', '438.39', '426.94', '407.31', '401.33', '396.04', '359.17', '313.20', '262.74', '219.16', '169.09']
      head AFTER:  ['82.62', '73.81', '73.07', '71.16', '67.88', '66.89', '66.01', '59.86', '52.20', '43.79', '36.53', '28.18']
      power BEFORE: ['62.8534', '85.7194', '104.3202', '120.7814', '131.0885', '133.1508', '134.6065', '139.8673', '142.1466', '141.5888', '140.0497', '135.7675']
      power AFTER:  ['10.4756', '14.2866', '17.3867', '20.1302', '21.8481', '22.1918', '22.4344', '23.3112', '23.6911', '23.5981', '23.3416', '22.6279']
    [AFFINITY]
      test_diameter:     8.8500
      baseline_diameter: 8.9600
      dia_ratio:         8.9600/8.8500 = 1.012429
      test_rpm:          1760.0
      baseline_rpm:      1775.0
      speed_ratio:       1775.0/1760.0 = 1.008523
      scaled_flow:  ['0.11', '413.01', '611.88', '812.75', '974.08', '1009.81', '1039.87', '1211.54', '1376.56', '1534.83', '1658.95', '1770.05']
      scaled_head:  ['86.14', '76.96', '76.18', '74.18', '70.77', '69.74', '68.82', '62.41', '54.42', '45.65', '38.08', '29.38']
      scaled_power: ['11.1514', '15.2082', '18.5084', '21.4289', '23.2576', '23.6235', '23.8817', '24.8151', '25.2195', '25.1205', '24.8475', '24.0877']
    [FINAL] plotted_flow:  [0.11 → 1770.05]
    [FINAL] plotted_head:  [86.14 → 29.38]
    [FINAL] plotted_power: [11.1514 → 24.0877]
    [FINAL] plotted_eff:   [0.02 → 54.43]

  ── [LOAD+SCALE] 99271976320010A1P ──
    trim=8.9600, stages=5, rpm=1760.0, filing='Fig. 1 to 0.03'
    columns: ['curve_no', 'flow', 'speed', 'power_in', 'power_bowl_motor', 'power_bowl_dyno', 'power_pump_motor', 'power_pump_dyno', 'tdh_bowl', 'tdh_pump', 'eff_bowl_motor', 'eff_bowl_dyno', 'eff_pump_motor', 'eff_pump_dyno', 'eff_overall', 'npsha']
    rows: 13
    flow: 13 pts
      values: ['0.71', '397.08', '610.26', '809.77', '967.95', '1002.79', '1039.03', '1194.17', '1314.59', '1494.95', '1524.50', '1618.62', '1706.08']
    head ('tdh_bowl'): 13 pts
      values: ['427.79', '379.61', '373.21', '364.84', '347.52', '342.27', '335.70', '306.25', '278.72', '231.20', '224.41', '195.98', '164.43']
    power ('power_bowl_dyno'): all zero/negative — trying fallback
    power FALLBACK ('power_bowl_motor'): 13 pts
      values: ['55.5998', '72.4007', '89.3454', '103.6484', '112.3018', '113.7267', '115.3676', '119.7198', '121.6523', '122.6728', '122.7735', '122.0058', '119.7542']
    efficiency ('eff_bowl_motor'): 13 pts
      values: ['0.14', '52.48', '64.26', '71.86', '75.51', '76.08', '76.22', '77.01', '75.93', '71.03', '70.25', '65.54', '59.05']
    [STAGE NORM] 5-stage → dividing head & power by 5
      head BEFORE: ['427.79', '379.61', '373.21', '364.84', '347.52', '342.27', '335.70', '306.25', '278.72', '231.20', '224.41', '195.98', '164.43']
      head AFTER:  ['85.56', '75.92', '74.64', '72.97', '69.50', '68.45', '67.14', '61.25', '55.74', '46.24', '44.88', '39.20', '32.89']
      power BEFORE: ['55.5998', '72.4007', '89.3454', '103.6484', '112.3018', '113.7267', '115.3676', '119.7198', '121.6523', '122.6728', '122.7735', '122.0058', '119.7542']
      power AFTER:  ['11.1200', '14.4801', '17.8691', '20.7297', '22.4604', '22.7453', '23.0735', '23.9440', '24.3305', '24.5346', '24.5547', '24.4012', '23.9508']
    [AFFINITY]
      test_diameter:     8.9600
      baseline_diameter: 8.9600
      dia_ratio:         8.9600/8.9600 = 1.000000
      test_rpm:          1760.0
      baseline_rpm:      1775.0
      speed_ratio:       1775.0/1760.0 = 1.008523
      scaled_flow:  ['0.72', '400.47', '615.46', '816.67', '976.20', '1011.34', '1047.88', '1204.35', '1325.79', '1507.69', '1537.50', '1632.42', '1720.62']
      scaled_head:  ['87.02', '77.22', '75.92', '74.22', '70.69', '69.63', '68.29', '62.30', '56.70', '47.03', '45.65', '39.87', '33.45']
      scaled_power: ['11.4067', '14.8535', '18.3299', '21.2642', '23.0395', '23.3319', '23.6685', '24.5614', '24.9579', '25.1672', '25.1879', '25.0304', '24.5684']
    [FINAL] plotted_flow:  [0.72 → 1720.62]
    [FINAL] plotted_head:  [87.02 → 33.45]
    [FINAL] plotted_power: [11.4067 → 24.5684]
    [FINAL] plotted_eff:   [0.14 → 59.05]

  ── [LOAD+SCALE] 99271976480010A1P ──
    trim=8.9600, stages=3, rpm=1760.0, filing='Fig. 2 to 0.01'
    columns: ['curve_no', 'flow', 'speed', 'power_in', 'power_bowl_motor', 'power_bowl_dyno', 'power_pump_motor', 'power_pump_dyno', 'tdh_bowl', 'tdh_pump', 'eff_bowl_motor', 'eff_bowl_dyno', 'eff_pump_motor', 'eff_pump_dyno', 'eff_overall', 'npsha']
    rows: 15
    flow: 15 pts
      values: ['0.00', '404.00', '600.96', '794.71', '957.64', '989.72', '997.39', '997.44', '1024.93', '1185.44', '1361.30', '1506.01', '1590.19', '1670.20', '1764.21']
    head ('tdh_bowl'): 15 pts
      values: ['265.81', '232.58', '227.12', '222.96', '212.81', '210.31', '209.35', '209.26', '206.44', '190.42', '167.84', '145.12', '129.84', '115.52', '94.53']
    power ('power_bowl_dyno'): all zero/negative — trying fallback
    power FALLBACK ('power_bowl_motor'): 15 pts
      values: ['35.7520', '44.8118', '53.5275', '62.4591', '68.4922', '69.3919', '69.7051', '69.7349', '70.4651', '74.5124', '76.7679', '77.4217', '77.3211', '76.9589', '75.5073']
    efficiency ('eff_bowl_motor'): 15 pts
      values: ['0.00', '52.86', '64.28', '71.51', '75.01', '75.62', '75.52', '75.45', '75.69', '76.37', '75.03', '71.16', '67.32', '63.20', '55.68']
    [STAGE NORM] 3-stage → dividing head & power by 3
      head BEFORE: ['265.81', '232.58', '227.12', '222.96', '212.81', '210.31', '209.35', '209.26', '206.44', '190.42', '167.84', '145.12', '129.84', '115.52', '94.53']
      head AFTER:  ['88.60', '77.53', '75.71', '74.32', '70.94', '70.10', '69.78', '69.75', '68.81', '63.47', '55.95', '48.37', '43.28', '38.51', '31.51']
      power BEFORE: ['35.7520', '44.8118', '53.5275', '62.4591', '68.4922', '69.3919', '69.7051', '69.7349', '70.4651', '74.5124', '76.7679', '77.4217', '77.3211', '76.9589', '75.5073']
      power AFTER:  ['11.9173', '14.9373', '17.8425', '20.8197', '22.8307', '23.1306', '23.2350', '23.2450', '23.4884', '24.8375', '25.5893', '25.8072', '25.7737', '25.6530', '25.1691']
    [AFFINITY]
      test_diameter:     8.9600
      baseline_diameter: 8.9600
      dia_ratio:         8.9600/8.9600 = 1.000000
      test_rpm:          1760.0
      baseline_rpm:      1775.0
      speed_ratio:       1775.0/1760.0 = 1.008523
      scaled_flow:  ['0.00', '407.45', '606.08', '801.48', '965.80', '998.16', '1005.89', '1005.94', '1033.67', '1195.54', '1372.90', '1518.84', '1603.74', '1684.43', '1779.24']
      scaled_head:  ['90.12', '78.85', '77.00', '75.59', '72.15', '71.30', '70.98', '70.95', '69.99', '64.56', '56.90', '49.20', '44.02', '39.16', '32.05']
      scaled_power: ['12.2247', '15.3225', '18.3026', '21.3566', '23.4195', '23.7271', '23.8342', '23.8444', '24.0940', '25.4779', '26.2492', '26.4727', '26.4383', '26.3145', '25.8181']
    [FINAL] plotted_flow:  [0.00 → 1779.24]
    [FINAL] plotted_head:  [90.12 → 32.05]
    [FINAL] plotted_power: [12.2247 → 25.8181]
    [FINAL] plotted_eff:   [0.00 → 55.68]

  ── [LOAD+SCALE] 99271958690010A1P ──
    trim=8.9180, stages=5, rpm=1760.0, filing='Fig.1 to 0.03'
    columns: ['curve_no', 'flow', 'speed', 'power_in', 'power_bowl_motor', 'power_bowl_dyno', 'power_pump_motor', 'power_pump_dyno', 'tdh_bowl', 'tdh_pump', 'eff_bowl_motor', 'eff_bowl_dyno', 'eff_pump_motor', 'eff_pump_dyno', 'eff_overall', 'npsha']
    rows: 14
    flow: 14 pts
      values: ['0.26', '414.68', '590.38', '785.08', '974.25', '1009.42', '1024.36', '1050.71', '1207.06', '1328.55', '1509.53', '1604.46', '1732.87', '1809.86']
    head ('tdh_bowl'): 14 pts
      values: ['420.92', '377.34', '373.42', '366.42', '344.76', '339.65', '337.31', '331.63', '299.61', '270.79', '219.98', '192.50', '147.74', '115.28']
    power ('power_bowl_dyno'): all zero/negative — trying fallback
    power FALLBACK ('power_bowl_motor'): 14 pts
      values: ['52.2467', '72.8242', '87.7827', '102.5542', '113.4851', '114.9122', '115.6187', '116.5909', '120.9304', '122.3151', '122.2081', '121.9175', '118.9558', '115.6382']
    efficiency ('eff_bowl_motor'): 14 pts
      values: ['0.05', '54.17', '63.31', '70.71', '74.61', '75.21', '75.34', '75.34', '75.39', '74.15', '68.50', '63.86', '54.25', '45.48']
    [STAGE NORM] 5-stage → dividing head & power by 5
      head BEFORE: ['420.92', '377.34', '373.42', '366.42', '344.76', '339.65', '337.31', '331.63', '299.61', '270.79', '219.98', '192.50', '147.74', '115.28']
      head AFTER:  ['84.18', '75.47', '74.68', '73.28', '68.95', '67.93', '67.46', '66.33', '59.92', '54.16', '44.00', '38.50', '29.55', '23.06']
      power BEFORE: ['52.2467', '72.8242', '87.7827', '102.5542', '113.4851', '114.9122', '115.6187', '116.5909', '120.9304', '122.3151', '122.2081', '121.9175', '118.9558', '115.6382']
      power AFTER:  ['10.4493', '14.5648', '17.5565', '20.5108', '22.6970', '22.9824', '23.1237', '23.3182', '24.1861', '24.4630', '24.4416', '24.3835', '23.7912', '23.1276']
    [AFFINITY]
      test_diameter:     8.9180
      baseline_diameter: 8.9600
      dia_ratio:         8.9600/8.9180 = 1.004710
      test_rpm:          1760.0
      baseline_rpm:      1775.0
      speed_ratio:       1775.0/1760.0 = 1.008523
      scaled_flow:  ['0.26', '420.19', '598.21', '795.50', '987.18', '1022.82', '1037.96', '1064.66', '1223.08', '1346.18', '1529.57', '1625.75', '1755.87', '1833.88']
      scaled_head:  ['86.43', '77.49', '76.68', '75.24', '70.79', '69.74', '69.26', '68.10', '61.52', '55.61', '45.17', '39.53', '30.34', '23.67']
      scaled_power: ['10.8710', '15.1525', '18.2649', '21.3384', '23.6128', '23.9097', '24.0567', '24.2590', '25.1620', '25.4500', '25.4278', '25.3673', '24.7511', '24.0608']
    [FINAL] plotted_flow:  [0.26 → 1833.88]
    [FINAL] plotted_head:  [86.43 → 23.67]
    [FINAL] plotted_power: [10.8710 → 24.0608]
    [FINAL] plotted_eff:   [0.05 → 45.48]

  ── [LOAD+SCALE] 99271856860010A1P ──
    trim=8.9600, stages=4, rpm=1760.0, filing='Fig.1 to 0.03'
    columns: ['curve_no', 'flow', 'speed', 'power_in', 'power_bowl_motor', 'power_bowl_dyno', 'power_pump_motor', 'power_pump_dyno', 'tdh_bowl', 'tdh_pump', 'eff_bowl_motor', 'eff_bowl_dyno', 'eff_pump_motor', 'eff_pump_dyno', 'eff_overall', 'npsha']
    rows: 12
    flow: 12 pts
      values: ['0.21', '412.98', '593.07', '788.26', '957.27', '986.76', '1023.77', '1189.77', '1344.92', '1515.02', '1607.70', '1696.16']
    head ('tdh_bowl'): 12 pts
      values: ['321.29', '300.35', '298.08', '288.66', '271.59', '267.38', '262.61', '237.96', '204.90', '159.46', '133.06', '106.22']
    power ('power_bowl_dyno'): all zero/negative — trying fallback
    power FALLBACK ('power_bowl_motor'): 12 pts
      values: ['32.9526', '59.6073', '74.6019', '86.6846', '95.1803', '96.5321', '97.9156', '103.0130', '105.7574', '106.2497', '106.1095', '105.2084']
    efficiency ('eff_bowl_motor'): 12 pts
      values: ['0.05', '52.46', '59.74', '66.17', '68.86', '68.90', '69.22', '69.28', '65.69', '57.32', '50.82', '43.17']
    [STAGE NORM] 4-stage → dividing head & power by 4
      head BEFORE: ['321.29', '300.35', '298.08', '288.66', '271.59', '267.38', '262.61', '237.96', '204.90', '159.46', '133.06', '106.22']
      head AFTER:  ['80.32', '75.09', '74.52', '72.16', '67.90', '66.85', '65.65', '59.49', '51.23', '39.87', '33.26', '26.55']
      power BEFORE: ['32.9526', '59.6073', '74.6019', '86.6846', '95.1803', '96.5321', '97.9156', '103.0130', '105.7574', '106.2497', '106.1095', '105.2084']
      power AFTER:  ['8.2381', '14.9018', '18.6505', '21.6712', '23.7951', '24.1330', '24.4789', '25.7532', '26.4394', '26.5624', '26.5274', '26.3021']
    [AFFINITY]
      test_diameter:     8.9600
      baseline_diameter: 8.9600
      dia_ratio:         8.9600/8.9600 = 1.000000
      test_rpm:          1760.0
      baseline_rpm:      1775.0
      speed_ratio:       1775.0/1760.0 = 1.008523
      scaled_flow:  ['0.22', '416.50', '598.13', '794.98', '965.43', '995.17', '1032.49', '1199.91', '1356.38', '1527.93', '1621.40', '1710.62']
      scaled_head:  ['81.70', '76.37', '75.79', '73.40', '69.06', '67.99', '66.78', '60.51', '52.10', '40.55', '33.83', '27.01']
      scaled_power: ['8.4506', '15.2861', '19.1314', '22.2300', '24.4087', '24.7553', '25.1101', '26.4173', '27.1211', '27.2474', '27.2114', '26.9803']
    [FINAL] plotted_flow:  [0.22 → 1710.62]
    [FINAL] plotted_head:  [81.70 → 27.01]
    [FINAL] plotted_power: [8.4506 → 26.9803]
    [FINAL] plotted_eff:   [0.05 → 43.17]

  ── [LOAD+SCALE] 99271834830012A1P ──
    trim=8.8800, stages=8, rpm=1760.0, filing='Fig.1 to 0.03'
    columns: ['curve_no', 'flow', 'speed', 'power_in', 'power_bowl_motor', 'power_bowl_dyno', 'power_pump_motor', 'power_pump_dyno', 'tdh_bowl', 'tdh_pump', 'eff_bowl_motor', 'eff_bowl_dyno', 'eff_pump_motor', 'eff_pump_dyno', 'eff_overall', 'npsha']
    rows: 12
    flow: 12 pts
      values: ['0.00', '404.81', '600.14', '777.07', '936.97', '1001.41', '1035.98', '1170.74', '1460.81', '1564.89', '1729.57', '1807.21']
    head ('tdh_bowl'): 12 pts
      values: ['707.11', '609.87', '600.41', '587.43', '561.95', '545.68', '536.72', '492.63', '367.93', '316.95', '214.24', '158.80']
    power ('power_bowl_dyno'): all zero/negative — trying fallback
    power FALLBACK ('power_bowl_motor'): 12 pts
      values: ['94.6782', '118.3777', '143.1343', '163.8398', '178.9337', '182.8389', '185.2690', '191.3609', '194.5233', '193.7471', '187.3037', '182.2306']
    efficiency ('eff_bowl_motor'): 12 pts
      values: ['0.00', '52.57', '63.46', '70.23', '74.18', '75.34', '75.66', '75.98', '69.65', '64.54', '49.87', '39.70']
    [STAGE NORM] 8-stage → dividing head & power by 8
      head BEFORE: ['707.11', '609.87', '600.41', '587.43', '561.95', '545.68', '536.72', '492.63', '367.93', '316.95', '214.24', '158.80']
      head AFTER:  ['88.39', '76.23', '75.05', '73.43', '70.24', '68.21', '67.09', '61.58', '45.99', '39.62', '26.78', '19.85']
      power BEFORE: ['94.6782', '118.3777', '143.1343', '163.8398', '178.9337', '182.8389', '185.2690', '191.3609', '194.5233', '193.7471', '187.3037', '182.2306']
      power AFTER:  ['11.8348', '14.7972', '17.8918', '20.4800', '22.3667', '22.8549', '23.1586', '23.9201', '24.3154', '24.2184', '23.4130', '22.7788']
    [AFFINITY]
      test_diameter:     8.8800
      baseline_diameter: 8.9600
      dia_ratio:         8.9600/8.8800 = 1.009009
      test_rpm:          1760.0
      baseline_rpm:      1775.0
      speed_ratio:       1775.0/1760.0 = 1.008523
      scaled_flow:  ['0.00', '411.94', '610.71', '790.76', '953.47', '1019.05', '1054.23', '1191.36', '1486.53', '1592.45', '1760.02', '1839.04']
      scaled_head:  ['91.53', '78.94', '77.72', '76.04', '72.74', '70.63', '69.47', '63.77', '47.62', '41.03', '27.73', '20.56']
      scaled_power: ['12.4710', '15.5927', '18.8537', '21.5810', '23.5692', '24.0836', '24.4037', '25.2061', '25.6226', '25.5204', '24.6717', '24.0034']
    [FINAL] plotted_flow:  [0.00 → 1839.04]
    [FINAL] plotted_head:  [91.53 → 20.56]
    [FINAL] plotted_power: [12.4710 → 24.0034]
    [FINAL] plotted_eff:   [0.00 → 39.70]

  ── [LOAD+SCALE] 99271844850012A1P ──
    trim=8.9180, stages=5, rpm=1760.0, filing='Fig.1 to 0.03'
    columns: ['curve_no', 'flow', 'speed', 'power_in', 'power_bowl_motor', 'power_bowl_dyno', 'power_pump_motor', 'power_pump_dyno', 'tdh_bowl', 'tdh_pump', 'eff_bowl_motor', 'eff_bowl_dyno', 'eff_pump_motor', 'eff_pump_dyno', 'eff_overall', 'npsha']
    rows: 14
    flow: 14 pts
      values: ['0.26', '395.61', '614.87', '818.29', '966.44', '989.03', '1008.52', '1063.63', '1225.63', '1364.23', '1508.20', '1525.69', '1607.80', '1711.01']
    head ('tdh_bowl'): 14 pts
      values: ['438.16', '382.37', '375.61', '366.76', '350.82', '347.09', '344.03', '336.43', '304.10', '268.66', '231.73', '227.85', '201.57', '163.28']
    power ('power_bowl_dyno'): all zero/negative — trying fallback
    power FALLBACK ('power_bowl_motor'): 14 pts
      values: ['57.6310', '72.5884', '89.8173', '104.8090', '113.1388', '114.3547', '115.2190', '117.1017', '121.6400', '123.1835', '123.5129', '123.5101', '123.0507', '120.6206']
    efficiency ('eff_bowl_motor'): 14 pts
      values: ['0.05', '52.53', '64.82', '72.18', '75.54', '75.68', '75.91', '77.03', '77.24', '75.00', '71.33', '70.95', '66.40', '58.39']
    [STAGE NORM] 5-stage → dividing head & power by 5
      head BEFORE: ['438.16', '382.37', '375.61', '366.76', '350.82', '347.09', '344.03', '336.43', '304.10', '268.66', '231.73', '227.85', '201.57', '163.28']
      head AFTER:  ['87.63', '76.47', '75.12', '73.35', '70.16', '69.42', '68.81', '67.29', '60.82', '53.73', '46.35', '45.57', '40.31', '32.66']
      power BEFORE: ['57.6310', '72.5884', '89.8173', '104.8090', '113.1388', '114.3547', '115.2190', '117.1017', '121.6400', '123.1835', '123.5129', '123.5101', '123.0507', '120.6206']
      power AFTER:  ['11.5262', '14.5177', '17.9635', '20.9618', '22.6278', '22.8709', '23.0438', '23.4203', '24.3280', '24.6367', '24.7026', '24.7020', '24.6101', '24.1241']
    [AFFINITY]
      test_diameter:     8.9180
      baseline_diameter: 8.9600
      dia_ratio:         8.9600/8.9180 = 1.004710
      test_rpm:          1760.0
      baseline_rpm:      1775.0
      speed_ratio:       1775.0/1760.0 = 1.008523
      scaled_flow:  ['0.26', '400.86', '623.03', '829.15', '979.27', '1002.16', '1021.90', '1077.74', '1241.90', '1382.34', '1528.22', '1545.94', '1629.14', '1733.72']
      scaled_head:  ['89.97', '78.52', '77.13', '75.31', '72.04', '71.27', '70.64', '69.08', '62.44', '55.17', '47.59', '46.79', '41.39', '33.53']
      scaled_power: ['11.9913', '15.1034', '18.6882', '21.8076', '23.5407', '23.7937', '23.9736', '24.3653', '25.3096', '25.6307', '25.6993', '25.6987', '25.6031', '25.0975']
    [FINAL] plotted_flow:  [0.26 → 1733.72]
    [FINAL] plotted_head:  [89.97 → 33.53]
    [FINAL] plotted_power: [11.9913 → 25.0975]
    [FINAL] plotted_eff:   [0.05 → 58.39]

  ── [LOAD+SCALE] 99271816210182A1P ──
    trim=8.9600, stages=5, rpm=1760.0, filing='Fig.1 to 0.03'
    columns: ['curve_no', 'flow', 'speed', 'power_in', 'power_bowl_motor', 'power_bowl_dyno', 'power_pump_motor', 'power_pump_dyno', 'tdh_bowl', 'tdh_pump', 'eff_bowl_motor', 'eff_bowl_dyno', 'eff_pump_motor', 'eff_pump_dyno', 'eff_overall', 'npsha']
    rows: 14
    flow: 14 pts
      values: ['0.79', '397.90', '591.72', '805.56', '964.73', '993.39', '1035.63', '1198.43', '1350.91', '1510.61', '1587.09', '1700.28', '1746.04', '1801.29']
    head ('tdh_bowl'): 14 pts
      values: ['450.48', '392.82', '385.31', '378.08', '363.19', '358.91', '352.23', '323.00', '285.04', '243.32', '219.29', '180.22', '159.84', '132.82']
    power ('power_bowl_dyno'): all zero/negative — trying fallback
    power FALLBACK ('power_bowl_motor'): 14 pts
      values: ['60.6668', '75.2168', '90.2581', '106.6049', '116.1455', '117.8205', '119.8351', '125.1639', '127.6724', '128.0288', '127.6459', '125.4864', '123.8242', '122.0889']
    efficiency ('eff_bowl_motor'): 14 pts
      values: ['0.15', '52.38', '63.68', '72.02', '76.05', '76.29', '76.74', '77.96', '76.03', '72.37', '68.73', '61.56', '56.82', '49.40']
    [STAGE NORM] 5-stage → dividing head & power by 5
      head BEFORE: ['450.48', '392.82', '385.31', '378.08', '363.19', '358.91', '352.23', '323.00', '285.04', '243.32', '219.29', '180.22', '159.84', '132.82']
      head AFTER:  ['90.10', '78.56', '77.06', '75.62', '72.64', '71.78', '70.45', '64.60', '57.01', '48.66', '43.86', '36.04', '31.97', '26.56']
      power BEFORE: ['60.6668', '75.2168', '90.2581', '106.6049', '116.1455', '117.8205', '119.8351', '125.1639', '127.6724', '128.0288', '127.6459', '125.4864', '123.8242', '122.0889']
      power AFTER:  ['12.1334', '15.0434', '18.0516', '21.3210', '23.2291', '23.5641', '23.9670', '25.0328', '25.5345', '25.6058', '25.5292', '25.0973', '24.7648', '24.4178']
    [AFFINITY]
      test_diameter:     8.9600
      baseline_diameter: 8.9600
      dia_ratio:         8.9600/8.9600 = 1.000000
      test_rpm:          1760.0
      baseline_rpm:      1775.0
      speed_ratio:       1775.0/1760.0 = 1.008523
      scaled_flow:  ['0.80', '401.29', '596.77', '812.43', '972.95', '1001.86', '1044.45', '1208.64', '1362.42', '1523.49', '1600.62', '1714.77', '1760.92', '1816.65']
      scaled_head:  ['91.64', '79.91', '78.38', '76.91', '73.88', '73.01', '71.65', '65.71', '57.98', '49.50', '44.61', '36.66', '32.52', '27.02']
      scaled_power: ['12.4462', '15.4313', '18.5171', '21.8708', '23.8281', '24.1717', '24.5850', '25.6783', '26.1929', '26.2660', '26.1875', '25.7445', '25.4034', '25.0474']
    [FINAL] plotted_flow:  [0.80 → 1816.65]
    [FINAL] plotted_head:  [91.64 → 27.02]
    [FINAL] plotted_power: [12.4462 → 25.0474]
    [FINAL] plotted_eff:   [0.15 → 49.40]

  ── [LOAD+SCALE] 99271793060012B1P ──
    trim=8.9156, stages=9, rpm=1760.0, filing='Fig.1 to 0.03'
    columns: ['curve_no', 'flow', 'speed', 'power_in', 'power_bowl_motor', 'power_bowl_dyno', 'power_pump_motor', 'power_pump_dyno', 'tdh_bowl', 'tdh_pump', 'eff_bowl_motor', 'eff_bowl_dyno', 'eff_pump_motor', 'eff_pump_dyno', 'eff_overall', 'npsha']
    rows: 14
    flow: 14 pts
      values: ['0.00', '386.35', '590.54', '807.36', '964.32', '1003.06', '1044.98', '1049.15', '1198.92', '1359.24', '1496.06', '1515.81', '1599.74', '1703.78']
    head ('tdh_bowl'): 14 pts
      values: ['800.56', '701.30', '685.10', '668.92', '643.24', '632.79', '619.96', '619.63', '569.56', '502.90', '430.79', '423.81', '380.79', '317.38']
    power ('power_bowl_dyno'): all zero/negative — trying fallback
    power FALLBACK ('power_bowl_motor'): 14 pts
      values: ['102.7233', '127.7461', '153.3354', '181.9667', '198.6264', '201.8118', '205.0546', '205.1626', '213.5311', '217.4998', '217.2653', '216.9508', '216.1437', '213.2876']
    efficiency ('eff_bowl_motor'): 14 pts
      values: ['0.00', '53.47', '66.51', '74.82', '78.72', '79.29', '79.64', '79.88', '80.62', '79.23', '74.78', '74.65', '71.05', '63.91']
    [STAGE NORM] 9-stage → dividing head & power by 9
      head BEFORE: ['800.56', '701.30', '685.10', '668.92', '643.24', '632.79', '619.96', '619.63', '569.56', '502.90', '430.79', '423.81', '380.79', '317.38']
      head AFTER:  ['88.95', '77.92', '76.12', '74.32', '71.47', '70.31', '68.88', '68.85', '63.28', '55.88', '47.87', '47.09', '42.31', '35.26']
      power BEFORE: ['102.7233', '127.7461', '153.3354', '181.9667', '198.6264', '201.8118', '205.0546', '205.1626', '213.5311', '217.4998', '217.2653', '216.9508', '216.1437', '213.2876']
      power AFTER:  ['11.4137', '14.1940', '17.0373', '20.2185', '22.0696', '22.4235', '22.7838', '22.7958', '23.7257', '24.1666', '24.1406', '24.1056', '24.0160', '23.6986']
    [AFFINITY]
      test_diameter:     8.9156
      baseline_diameter: 8.9600
      dia_ratio:         8.9600/8.9156 = 1.004985
      test_rpm:          1760.0
      baseline_rpm:      1775.0
      speed_ratio:       1775.0/1760.0 = 1.008523
      scaled_flow:  ['0.00', '391.59', '598.54', '818.30', '977.39', '1016.66', '1059.14', '1063.36', '1215.17', '1377.65', '1516.33', '1536.35', '1621.42', '1726.86']
      scaled_head:  ['91.38', '80.05', '78.20', '76.35', '73.42', '72.23', '70.76', '70.73', '65.01', '57.40', '49.17', '48.37', '43.46', '36.23']
      scaled_power: ['11.8840', '14.7789', '17.7393', '21.0516', '22.9790', '23.3475', '23.7226', '23.7351', '24.7033', '25.1624', '25.1353', '25.0989', '25.0055', '24.6751']
    [FINAL] plotted_flow:  [0.00 → 1726.86]
    [FINAL] plotted_head:  [91.38 → 36.23]
    [FINAL] plotted_power: [11.8840 → 24.6751]
    [FINAL] plotted_eff:   [0.00 → 63.91]

  ── [LOAD+SCALE] 99271793060012A1P ──
    trim=8.9156, stages=9, rpm=1760.0, filing='Fig.1 to 0.03'
    columns: ['curve_no', 'flow', 'speed', 'power_in', 'power_bowl_motor', 'power_bowl_dyno', 'power_pump_motor', 'power_pump_dyno', 'tdh_bowl', 'tdh_pump', 'eff_bowl_motor', 'eff_bowl_dyno', 'eff_pump_motor', 'eff_pump_dyno', 'eff_overall', 'npsha']
    rows: 10
    flow: 10 pts
      values: ['6.95', '396.46', '592.55', '783.46', '932.79', '977.88', '1019.70', '1177.60', '1464.01', '1616.63']
    head ('tdh_bowl'): 10 pts
      values: ['790.06', '690.02', '679.93', '666.18', '645.60', '635.80', '624.62', '578.85', '449.56', '369.51']
    power ('power_bowl_dyno'): all zero/negative — trying fallback
    power FALLBACK ('power_bowl_motor'): 10 pts
      values: ['99.1209', '126.8575', '153.4621', '178.6211', '195.5976', '199.5057', '202.9100', '212.0066', '215.9724', '214.7498']
    efficiency ('eff_bowl_motor'): 10 pts
      values: ['1.40', '54.36', '66.18', '73.66', '77.61', '78.56', '79.13', '81.05', '76.82', '70.12']
    [STAGE NORM] 9-stage → dividing head & power by 9
      head BEFORE: ['790.06', '690.02', '679.93', '666.18', '645.60', '635.80', '624.62', '578.85', '449.56', '369.51']
      head AFTER:  ['87.78', '76.67', '75.55', '74.02', '71.73', '70.64', '69.40', '64.32', '49.95', '41.06']
      power BEFORE: ['99.1209', '126.8575', '153.4621', '178.6211', '195.5976', '199.5057', '202.9100', '212.0066', '215.9724', '214.7498']
      power AFTER:  ['11.0134', '14.0953', '17.0513', '19.8468', '21.7331', '22.1673', '22.5456', '23.5563', '23.9969', '23.8611']
    [AFFINITY]
      test_diameter:     8.9156
      baseline_diameter: 8.9600
      dia_ratio:         8.9600/8.9156 = 1.004985
      test_rpm:          1760.0
      baseline_rpm:      1775.0
      speed_ratio:       1775.0/1760.0 = 1.008523
      scaled_flow:  ['7.04', '401.83', '600.58', '794.08', '945.43', '991.13', '1033.52', '1193.56', '1483.85', '1638.54']
      scaled_head:  ['90.18', '78.76', '77.61', '76.04', '73.69', '72.57', '71.30', '66.07', '51.31', '42.18']
      scaled_power: ['11.4672', '14.6761', '17.7539', '20.6646', '22.6286', '23.0807', '23.4745', '24.5269', '24.9857', '24.8443']
    [FINAL] plotted_flow:  [7.04 → 1638.54]
    [FINAL] plotted_head:  [90.18 → 42.18]
    [FINAL] plotted_power: [11.4672 → 24.8443]
    [FINAL] plotted_eff:   [1.40 → 70.12]

  ── [LOAD+SCALE] 99271772280001A1P ──
    trim=8.9600, stages=11, rpm=1760.0, filing='Fig. 1 to 0.03'
    columns: ['curve_no', 'flow', 'speed', 'power_in', 'power_bowl_motor', 'power_bowl_dyno', 'power_pump_motor', 'power_pump_dyno', 'tdh_bowl', 'tdh_pump', 'eff_bowl_motor', 'eff_bowl_dyno', 'eff_pump_motor', 'eff_pump_dyno', 'eff_overall', 'npsha']
    rows: 13
    flow: 13 pts
      values: ['0.00', '410.91', '579.39', '796.26', '970.93', '992.54', '1040.67', '1208.08', '1342.27', '1509.79', '1620.54', '1777.41', '1793.90']
    head ('tdh_bowl'): 13 pts
      values: ['892.13', '824.38', '823.25', '812.60', '785.08', '777.11', '759.88', '687.12', '625.55', '539.20', '481.77', '408.83', '349.53']
    power ('power_bowl_dyno'): all zero/negative — trying fallback
    power FALLBACK ('power_bowl_motor'): 13 pts
      values: ['100.7704', '158.1804', '192.2968', '228.5187', '252.2356', '254.2623', '258.5110', '270.5250', '276.9713', '280.0559', '280.8675', '278.7988', '275.4741']
    efficiency ('eff_bowl_motor'): 13 pts
      values: ['0.00', '53.98', '62.53', '71.38', '76.18', '76.47', '77.11', '77.35', '76.42', '73.28', '70.07', '65.70', '57.38']
    [FTS] Checking packing/bearing loss...
    [FTS] file: C:\Users\107087\AppData\Local\Temp\px_detail_2dpdyve9\99271772280001A1P.xls
    [FTS] friction coefficient: 0.1
    [FTS] BA is all zeros — computing packing loss
    [FTS] Line shaft diameter: 1.9375"
    [FTS] Using 'tdh_bowl' for discharge pressure
    [FTS] Speed (first 5): ['1760.0', '1760.0', '1760.0', '1760.0', '1760.0']
    [FTS] Pressure (first 5): ['892.13', '824.38', '823.25', '812.60', '785.08']
    [FTS] Packing cross section: 0.5" (shaft >= 1.0")
    [FTS] Contact area: 0.5 × 0.94 × 1.9375 × π = 2.860813 in²
    [FTS] shaft_radius_ft: 0.080729
    [FTS] Loss HP (first 5): ['5.523622', '5.104150', '5.097163', '5.031210', '4.860844']
    [FTS] Loss HP range: 2.164124 — 5.523622
    [FTS] Power correction applied:
      Original power (first 5): ['100.7704', '158.1804', '192.2968', '228.5187', '252.2356']
      Loss HP       (first 5): ['5.523622', '5.104150', '5.097163', '5.031210', '4.860844']
      Corrected     (first 5): ['95.2468', '153.0762', '187.1997', '223.4875', '247.3748']
      Avg loss: 4.1752 HP
      Max loss: 5.5236 HP
    power BEFORE FTS: ['100.7704', '158.1804', '192.2968', '228.5187', '252.2356', '254.2623', '258.5110', '270.5250', '276.9713', '280.0559', '280.8675', '278.7988', '275.4741']
    power AFTER FTS:  ['95.2468', '153.0762', '187.1997', '223.4875', '247.3748', '249.4508', '253.8062', '266.2707', '273.0982', '276.7175', '277.8846', '276.2675', '273.3100']
    [STAGE NORM] 11-stage → dividing head & power by 11
      head BEFORE: ['892.13', '824.38', '823.25', '812.60', '785.08', '777.11', '759.88', '687.12', '625.55', '539.20', '481.77', '408.83', '349.53']
      head AFTER:  ['81.10', '74.94', '74.84', '73.87', '71.37', '70.65', '69.08', '62.47', '56.87', '49.02', '43.80', '37.17', '31.78']
      power BEFORE: ['95.2468', '153.0762', '187.1997', '223.4875', '247.3748', '249.4508', '253.8062', '266.2707', '273.0982', '276.7175', '277.8846', '276.2675', '273.3100']
      power AFTER:  ['8.6588', '13.9160', '17.0182', '20.3170', '22.4886', '22.6773', '23.0733', '24.2064', '24.8271', '25.1561', '25.2622', '25.1152', '24.8464']
    [AFFINITY]
      test_diameter:     8.9600
      baseline_diameter: 8.9600
      dia_ratio:         8.9600/8.9600 = 1.000000
      test_rpm:          1760.0
      baseline_rpm:      1775.0
      speed_ratio:       1775.0/1760.0 = 1.008523
      scaled_flow:  ['0.00', '414.41', '584.33', '803.05', '979.20', '1001.00', '1049.54', '1218.38', '1353.71', '1522.65', '1634.35', '1792.56', '1809.19']
      scaled_head:  ['82.49', '76.23', '76.12', '75.14', '72.59', '71.86', '70.26', '63.53', '57.84', '49.86', '44.55', '37.80', '32.32']
      scaled_power: ['8.8821', '14.2749', '17.4570', '20.8410', '23.0685', '23.2621', '23.6683', '24.8306', '25.4673', '25.8048', '25.9137', '25.7629', '25.4871']
    [FINAL] plotted_flow:  [0.00 → 1809.19]
    [FINAL] plotted_head:  [82.49 → 32.32]
    [FINAL] plotted_power: [8.8821 → 25.4871]
    [FINAL] plotted_eff:   [0.00 → 57.38]

  ── [LOAD+SCALE] 99271793790012A1P ──
    trim=8.8900, stages=3, rpm=1760.0, filing='Fig.1 to 0.03'
    columns: ['curve_no', 'flow', 'speed', 'power_in', 'power_bowl_motor', 'power_bowl_dyno', 'power_pump_motor', 'power_pump_dyno', 'tdh_bowl', 'tdh_pump', 'eff_bowl_motor', 'eff_bowl_dyno', 'eff_pump_motor', 'eff_pump_dyno', 'eff_overall', 'npsha']
    rows: 15
    flow: 15 pts
      values: ['8.97', '360.29', '532.34', '735.55', '963.76', '1026.99', '1034.34', '1100.09', '1226.91', '1410.37', '1499.52', '1612.23', '1649.61', '1671.76', '1697.42']
    head ('tdh_bowl'): 15 pts
      values: ['259.48', '229.28', '224.31', '220.98', '208.18', '202.21', '201.45', '195.48', '180.22', '153.98', '140.45', '119.38', '113.26', '104.54', '98.13']
    power ('power_bowl_dyno'): all zero/negative — trying fallback
    power FALLBACK ('power_bowl_motor'): 15 pts
      values: ['34.6707', '41.8569', '48.4351', '57.7514', '66.1761', '67.7935', '68.0500', '69.5608', '71.5085', '72.8773', '73.0226', '72.7071', '72.5489', '77.4171', '82.5911']
    efficiency ('eff_bowl_motor'): 15 pts
      values: ['1.69', '49.75', '62.15', '70.95', '76.43', '77.22', '77.19', '77.93', '77.95', '75.12', '72.71', '66.73', '64.92', '56.91', '50.84']
    [FTS] Checking packing/bearing loss...
    [FTS] file: C:\Users\107087\AppData\Local\Temp\px_detail_2dpdyve9\99271793790012A1P.xls
    [FTS] friction coefficient: 0.1
    [FTS] BA is all zeros — computing packing loss
    [FTS] Line shaft diameter: 1.5000"
    [FTS] Using 'tdh_bowl' for discharge pressure
    [FTS] Speed (first 5): ['1760.0', '1760.0', '1760.0', '1760.0', '1760.0']
    [FTS] Pressure (first 5): ['259.48', '229.28', '224.31', '220.98', '208.18']
    [FTS] Packing cross section: 0.5" (shaft >= 1.0")
    [FTS] Contact area: 0.5 × 0.94 × 1.5000 × π = 2.214823 in²
    [FTS] shaft_radius_ft: 0.062500
    [FTS] Loss HP (first 5): ['0.962926', '0.850879', '0.832413', '0.820070', '0.772551']
    [FTS] Loss HP range: 0.364169 — 0.962926
    [FTS] Power correction applied:
      Original power (first 5): ['34.6707', '41.8569', '48.4351', '57.7514', '66.1761']
      Loss HP       (first 5): ['0.962926', '0.850879', '0.832413', '0.820070', '0.772551']
      Corrected     (first 5): ['33.7078', '41.0060', '47.6027', '56.9313', '65.4035']
      Avg loss: 0.6559 HP
      Max loss: 0.9629 HP
    power BEFORE FTS: ['34.6707', '41.8569', '48.4351', '57.7514', '66.1761', '67.7935', '68.0500', '69.5608', '71.5085', '72.8773', '73.0226', '72.7071', '72.5489', '77.4171', '82.5911']
    power AFTER FTS:  ['33.7078', '41.0060', '47.6027', '56.9313', '65.4035', '67.0431', '67.3024', '68.8354', '70.8397', '72.3059', '72.5013', '72.2641', '72.1286', '77.0291', '82.2269']
    [STAGE NORM] 3-stage → dividing head & power by 3
      head BEFORE: ['259.48', '229.28', '224.31', '220.98', '208.18', '202.21', '201.45', '195.48', '180.22', '153.98', '140.45', '119.38', '113.26', '104.54', '98.13']
      head AFTER:  ['86.49', '76.43', '74.77', '73.66', '69.39', '67.40', '67.15', '65.16', '60.07', '51.33', '46.82', '39.79', '37.75', '34.85', '32.71']
      power BEFORE: ['33.7078', '41.0060', '47.6027', '56.9313', '65.4035', '67.0431', '67.3024', '68.8354', '70.8397', '72.3059', '72.5013', '72.2641', '72.1286', '77.0291', '82.2269']
      power AFTER:  ['11.2359', '13.6687', '15.8676', '18.9771', '21.8012', '22.3477', '22.4341', '22.9451', '23.6132', '24.1020', '24.1671', '24.0880', '24.0429', '25.6764', '27.4090']
    [AFFINITY]
      test_diameter:     8.8900
      baseline_diameter: 8.9600
      dia_ratio:         8.9600/8.8900 = 1.007874
      test_rpm:          1760.0
      baseline_rpm:      1775.0
      speed_ratio:       1775.0/1760.0 = 1.008523
      scaled_flow:  ['9.11', '366.22', '541.10', '747.66', '979.63', '1043.90', '1051.37', '1118.20', '1247.11', '1433.59', '1524.21', '1638.78', '1676.77', '1699.28', '1725.37']
      scaled_head:  ['89.36', '78.96', '77.25', '76.11', '71.70', '69.64', '69.38', '67.32', '62.07', '53.03', '48.37', '41.11', '39.01', '36.00', '33.80']
      scaled_power: ['11.8001', '14.3550', '16.6643', '19.9299', '22.8958', '23.4697', '23.5605', '24.0972', '24.7988', '25.3121', '25.3805', '25.2975', '25.2500', '26.9656', '28.7852']
    [FINAL] plotted_flow:  [9.11 → 1725.37]
    [FINAL] plotted_head:  [89.36 → 33.80]
    [FINAL] plotted_power: [11.8001 → 28.7852]
    [FINAL] plotted_eff:   [1.69 → 50.84]

  ── [LOAD+SCALE] 99271793850012A1P ──
    trim=8.8500, stages=6, rpm=1760.0, filing='Fig.1 to 0.03'
    columns: ['curve_no', 'flow', 'speed', 'power_in', 'power_bowl_motor', 'power_bowl_dyno', 'power_pump_motor', 'power_pump_dyno', 'tdh_bowl', 'tdh_pump', 'eff_bowl_motor', 'eff_bowl_dyno', 'eff_pump_motor', 'eff_pump_dyno', 'eff_overall', 'npsha']
    rows: 13
    flow: 13 pts
      values: ['12.59', '304.02', '512.29', '738.40', '977.96', '1001.17', '1011.89', '1136.52', '1181.08', '1293.07', '1498.89', '1595.10', '1721.95']
    head ('tdh_bowl'): 13 pts
      values: ['513.08', '466.93', '447.12', '438.26', '409.17', '405.62', '402.13', '375.11', '364.33', '334.81', '269.28', '232.96', '175.99']
    power ('power_bowl_dyno'): all zero/negative — trying fallback
    power FALLBACK ('power_bowl_motor'): 13 pts
      values: ['66.0241', '80.8797', '93.9373', '113.6027', '129.1143', '130.2087', '130.7971', '135.6549', '136.3131', '138.5515', '138.4678', '137.0248', '132.7369']
    efficiency ('eff_bowl_motor'): 13 pts
      values: ['2.47', '44.25', '61.47', '71.81', '78.13', '78.62', '78.42', '79.22', '79.58', '78.77', '73.48', '68.36', '57.55']
    [FTS] Checking packing/bearing loss...
    [FTS] file: C:\Users\107087\AppData\Local\Temp\px_detail_2dpdyve9\99271793850012A1P.xls
    [FTS] friction coefficient: 0.1
    [FTS] BA is all zeros — computing packing loss
    [FTS] Line shaft diameter: 1.5000"
    [FTS] Using 'tdh_bowl' for discharge pressure
    [FTS] Speed (first 5): ['1760.0', '1760.0', '1760.0', '1760.0', '1760.0']
    [FTS] Pressure (first 5): ['513.08', '466.93', '447.12', '438.26', '409.17']
    [FTS] Packing cross section: 0.5" (shaft >= 1.0")
    [FTS] Contact area: 0.5 × 0.94 × 1.5000 × π = 2.214823 in²
    [FTS] shaft_radius_ft: 0.062500
    [FTS] Loss HP (first 5): ['1.904048', '1.732819', '1.659278', '1.626407', '1.518449']
    [FTS] Loss HP range: 0.653097 — 1.904048
    [FTS] Power correction applied:
      Original power (first 5): ['66.0241', '80.8797', '93.9373', '113.6027', '129.1143']
      Loss HP       (first 5): ['1.904048', '1.732819', '1.659278', '1.626407', '1.518449']
      Corrected     (first 5): ['64.1201', '79.1469', '92.2780', '111.9763', '127.5958']
      Avg loss: 1.3802 HP
      Max loss: 1.9040 HP
    power BEFORE FTS: ['66.0241', '80.8797', '93.9373', '113.6027', '129.1143', '130.2087', '130.7971', '135.6549', '136.3131', '138.5515', '138.4678', '137.0248', '132.7369']
    power AFTER FTS:  ['64.1201', '79.1469', '92.2780', '111.9763', '127.5958', '128.7034', '129.3047', '134.2628', '134.9610', '137.3091', '137.4684', '136.1603', '132.0838']
    [STAGE NORM] 6-stage → dividing head & power by 6
      head BEFORE: ['513.08', '466.93', '447.12', '438.26', '409.17', '405.62', '402.13', '375.11', '364.33', '334.81', '269.28', '232.96', '175.99']
      head AFTER:  ['85.51', '77.82', '74.52', '73.04', '68.19', '67.60', '67.02', '62.52', '60.72', '55.80', '44.88', '38.83', '29.33']
      power BEFORE: ['64.1201', '79.1469', '92.2780', '111.9763', '127.5958', '128.7034', '129.3047', '134.2628', '134.9610', '137.3091', '137.4684', '136.1603', '132.0838']
      power AFTER:  ['10.6867', '13.1912', '15.3797', '18.6627', '21.2660', '21.4506', '21.5508', '22.3771', '22.4935', '22.8848', '22.9114', '22.6934', '22.0140']
    [AFFINITY]
      test_diameter:     8.8500
      baseline_diameter: 8.9600
      dia_ratio:         8.9600/8.8500 = 1.012429
      test_rpm:          1760.0
      baseline_rpm:      1775.0
      speed_ratio:       1775.0/1760.0 = 1.008523
      scaled_flow:  ['12.85', '310.43', '523.08', '753.95', '998.56', '1022.25', '1033.19', '1160.45', '1205.95', '1320.30', '1530.46', '1628.69', '1758.21']
      scaled_head:  ['89.15', '81.13', '77.69', '76.15', '71.10', '70.48', '69.87', '65.18', '63.31', '58.18', '46.79', '40.48', '30.58']
      scaled_power: ['11.3761', '14.0422', '16.3719', '19.8667', '22.6379', '22.8344', '22.9411', '23.8208', '23.9446', '24.3612', '24.3895', '24.1574', '23.4342']
    [FINAL] plotted_flow:  [12.85 → 1758.21]
    [FINAL] plotted_head:  [89.15 → 30.58]
    [FINAL] plotted_power: [11.3761 → 23.4342]
    [FINAL] plotted_eff:   [2.47 → 57.55]

  ── [LOAD+SCALE] 99271793340012A1P ──
    trim=8.8900, stages=3, rpm=1760.0, filing='Fig.1 to 0.03'
    columns: ['curve_no', 'flow', 'speed', 'power_in', 'power_bowl_motor', 'power_bowl_dyno', 'power_pump_motor', 'power_pump_dyno', 'tdh_bowl', 'tdh_pump', 'eff_bowl_motor', 'eff_bowl_dyno', 'eff_pump_motor', 'eff_pump_dyno', 'eff_overall', 'npsha']
    rows: 11
    flow: 11 pts
      values: ['6.18', '384.74', '588.43', '808.82', '977.96', '1004.97', '1047.18', '1211.13', '1500.49', '1613.00', '1691.66']
    head ('tdh_bowl'): 11 pts
      values: ['258.66', '228.95', '224.12', '219.52', '209.97', '207.75', '204.36', '188.25', '145.80', '128.13', '113.01']
    power ('power_bowl_dyno'): all zero/negative — trying fallback
    power FALLBACK ('power_bowl_motor'): 11 pts
      values: ['32.1216', '41.4562', '50.4504', '60.1263', '66.2075', '67.0456', '68.1214', '71.7774', '73.5429', '73.3414', '72.8852']
    efficiency ('eff_bowl_motor'): 11 pts
      values: ['1.25', '53.56', '65.90', '74.44', '78.19', '78.50', '79.19', '80.07', '74.99', '71.04', '66.12']
    [FTS] Checking packing/bearing loss...
    [FTS] file: C:\Users\107087\AppData\Local\Temp\px_detail_2dpdyve9\99271793340012A1P.xls
    [FTS] friction coefficient: 0.1
    [FTS] BA has 12 non-zero values — loss already applied, skipping
    [STAGE NORM] 3-stage → dividing head & power by 3
      head BEFORE: ['258.66', '228.95', '224.12', '219.52', '209.97', '207.75', '204.36', '188.25', '145.80', '128.13', '113.01']
      head AFTER:  ['86.22', '76.32', '74.71', '73.17', '69.99', '69.25', '68.12', '62.75', '48.60', '42.71', '37.67']
      power BEFORE: ['32.1216', '41.4562', '50.4504', '60.1263', '66.2075', '67.0456', '68.1214', '71.7774', '73.5429', '73.3414', '72.8852']
      power AFTER:  ['10.7072', '13.8187', '16.8168', '20.0421', '22.0692', '22.3485', '22.7071', '23.9258', '24.5143', '24.4471', '24.2951']
    [AFFINITY]
      test_diameter:     8.8900
      baseline_diameter: 8.9600
      dia_ratio:         8.9600/8.8900 = 1.007874
      test_rpm:          1760.0
      baseline_rpm:      1775.0
      speed_ratio:       1775.0/1760.0 = 1.008523
      scaled_flow:  ['6.28', '391.07', '598.12', '822.14', '994.06', '1021.51', '1064.42', '1231.07', '1525.19', '1639.55', '1719.51']
      scaled_head:  ['89.08', '78.85', '77.19', '75.60', '72.31', '71.55', '70.38', '64.83', '50.21', '44.13', '38.92']
      scaled_power: ['11.2448', '14.5126', '17.6612', '21.0484', '23.1772', '23.4707', '23.8472', '25.1271', '25.7452', '25.6746', '25.5149']
    [FINAL] plotted_flow:  [6.28 → 1719.51]
    [FINAL] plotted_head:  [89.08 → 38.92]
    [FINAL] plotted_power: [11.2448 → 25.5149]
    [FINAL] plotted_eff:   [1.25 → 66.12]

  ── [LOAD+SCALE] 99271770180012A1P ──
    trim=8.9600, stages=4, rpm=1760.0, filing='Fig.1 to 0.03'
    columns: ['curve_no', 'flow', 'speed', 'power_in', 'power_bowl_motor', 'power_bowl_dyno', 'power_pump_motor', 'power_pump_dyno', 'tdh_bowl', 'tdh_pump', 'eff_bowl_motor', 'eff_bowl_dyno', 'eff_pump_motor', 'eff_pump_dyno', 'eff_overall', 'npsha']
    rows: 11
    flow: 11 pts
      values: ['1.37', '404.13', '605.97', '800.47', '965.85', '1007.38', '1044.91', '1278.37', '1499.10', '1669.12', '1827.59']
    head ('tdh_bowl'): 11 pts
      values: ['330.78', '301.65', '299.48', '295.31', '285.17', '280.32', '275.53', '241.66', '203.56', '168.02', '125.55']
    power ('power_bowl_dyno'): all zero/negative — trying fallback
    power FALLBACK ('power_bowl_motor'): 11 pts
      values: ['38.3537', '56.5553', '70.6475', '82.1867', '90.4590', '91.8621', '92.9910', '98.5238', '101.0498', '101.3639', '98.4896']
    efficiency ('eff_bowl_motor'): 11 pts
      values: ['0.30', '54.34', '64.75', '72.50', '76.76', '77.49', '78.05', '79.04', '76.13', '69.74', '58.73']
    [FTS] Checking packing/bearing loss...
    [FTS] file: C:\Users\107087\AppData\Local\Temp\px_detail_2dpdyve9\99271770180012A1P.xls
    [FTS] friction coefficient: 0.1
    [FTS] BA is all zeros — computing packing loss
    [FTS] Line shaft diameter: 1.5000"
    [FTS] Using 'tdh_bowl' for discharge pressure
    [FTS] Speed (first 5): ['1760.0', '1760.0', '1760.0', '1760.0', '1760.0']
    [FTS] Pressure (first 5): ['330.78', '301.65', '299.48', '295.31', '285.17']
    [FTS] Packing cross section: 0.5" (shaft >= 1.0")
    [FTS] Contact area: 0.5 × 0.94 × 1.5000 × π = 2.214823 in²
    [FTS] shaft_radius_ft: 0.062500
    [FTS] Loss HP (first 5): ['1.227558', '1.119420', '1.111372', '1.095893', '1.058290']
    [FTS] Loss HP range: 0.465938 — 1.227558
    [FTS] Power correction applied:
      Original power (first 5): ['38.3537', '56.5553', '70.6475', '82.1867', '90.4590']
      Loss HP       (first 5): ['1.227558', '1.119420', '1.111372', '1.095893', '1.058290']
      Corrected     (first 5): ['37.1262', '55.4359', '69.5361', '81.0908', '89.4007']
      Avg loss: 0.9470 HP
      Max loss: 1.2276 HP
    power BEFORE FTS: ['38.3537', '56.5553', '70.6475', '82.1867', '90.4590', '91.8621', '92.9910', '98.5238', '101.0498', '101.3639', '98.4896']
    power AFTER FTS:  ['37.1262', '55.4359', '69.5361', '81.0908', '89.4007', '90.8218', '91.9685', '97.6270', '100.2943', '100.7404', '98.0236']
    [STAGE NORM] 4-stage → dividing head & power by 4
      head BEFORE: ['330.78', '301.65', '299.48', '295.31', '285.17', '280.32', '275.53', '241.66', '203.56', '168.02', '125.55']
      head AFTER:  ['82.70', '75.41', '74.87', '73.83', '71.29', '70.08', '68.88', '60.41', '50.89', '42.00', '31.39']
      power BEFORE: ['37.1262', '55.4359', '69.5361', '81.0908', '89.4007', '90.8218', '91.9685', '97.6270', '100.2943', '100.7404', '98.0236']
      power AFTER:  ['9.2815', '13.8590', '17.3840', '20.2727', '22.3502', '22.7055', '22.9921', '24.4068', '25.0736', '25.1851', '24.5059']
    [AFFINITY]
      test_diameter:     8.9600
      baseline_diameter: 8.9600
      dia_ratio:         8.9600/8.9600 = 1.000000
      test_rpm:          1760.0
      baseline_rpm:      1775.0
      speed_ratio:       1775.0/1760.0 = 1.008523
      scaled_flow:  ['1.39', '407.57', '611.13', '807.29', '974.08', '1015.97', '1053.82', '1289.27', '1511.87', '1683.34', '1843.16']
      scaled_head:  ['84.11', '76.70', '76.15', '75.09', '72.51', '71.28', '70.06', '61.45', '51.76', '42.72', '31.93']
      scaled_power: ['9.5209', '14.2163', '17.8323', '20.7955', '22.9265', '23.2910', '23.5850', '25.0361', '25.7201', '25.8345', '25.1378']
    [FINAL] plotted_flow:  [1.39 → 1843.16]
    [FINAL] plotted_head:  [84.11 → 31.93]
    [FINAL] plotted_power: [9.5209 → 25.1378]
    [FINAL] plotted_eff:   [0.30 → 58.73]

  ── [LOAD+SCALE] 99271757090012A1P ──
    trim=8.9180, stages=5, rpm=1760.0, filing='Fig.1 to 0.03'
    columns: ['curve_no', 'flow', 'speed', 'power_in', 'power_bowl_motor', 'power_bowl_dyno', 'power_pump_motor', 'power_pump_dyno', 'tdh_bowl', 'tdh_pump', 'eff_bowl_motor', 'eff_bowl_dyno', 'eff_pump_motor', 'eff_pump_dyno', 'eff_overall', 'npsha']
    rows: 12
    flow: 12 pts
      values: ['1.78', '415.03', '629.71', '811.61', '961.08', '996.43', '1039.06', '1209.35', '1348.97', '1516.22', '1656.59', '1784.16']
    head ('tdh_bowl'): 12 pts
      values: ['403.43', '374.50', '370.68', '366.33', '355.24', '350.11', '342.95', '310.95', '280.97', '242.28', '203.01', '168.36']
    power ('power_bowl_dyno'): all zero/negative — trying fallback
    power FALLBACK ('power_bowl_motor'): 12 pts
      values: ['44.7958', '71.4911', '89.6481', '102.7121', '111.7014', '113.3089', '114.9098', '120.1609', '122.8590', '124.2625', '124.2781', '122.6140']
    efficiency ('eff_bowl_motor'): 12 pts
      values: ['0.40', '54.81', '65.64', '72.97', '77.05', '77.62', '78.18', '78.89', '77.77', '74.52', '68.22', '61.76']
    [FTS] Checking packing/bearing loss...
    [FTS] file: C:\Users\107087\AppData\Local\Temp\px_detail_2dpdyve9\99271757090012A1P.xls
    [FTS] friction coefficient: 0.1
    [FTS] BA is all zeros — computing packing loss
    [FTS] Line shaft diameter: 1.5000"
    [FTS] Using 'tdh_bowl' for discharge pressure
    [FTS] Speed (first 5): ['1760.0', '1760.0', '1760.0', '1760.0', '1760.0']
    [FTS] Pressure (first 5): ['403.43', '374.50', '370.68', '366.33', '355.24']
    [FTS] Packing cross section: 0.5" (shaft >= 1.0")
    [FTS] Contact area: 0.5 × 0.94 × 1.5000 × π = 2.214823 in²
    [FTS] shaft_radius_ft: 0.062500
    [FTS] Loss HP (first 5): ['1.497153', '1.389775', '1.375607', '1.359464', '1.318322']
    [FTS] Loss HP range: 0.624801 — 1.497153
    [FTS] Power correction applied:
      Original power (first 5): ['44.7958', '71.4911', '89.6481', '102.7121', '111.7014']
      Loss HP       (first 5): ['1.497153', '1.389775', '1.375607', '1.359464', '1.318322']
      Corrected     (first 5): ['43.2987', '70.1013', '88.2725', '101.3526', '110.3831']
      Avg loss: 1.1655 HP
      Max loss: 1.4972 HP
    power BEFORE FTS: ['44.7958', '71.4911', '89.6481', '102.7121', '111.7014', '113.3089', '114.9098', '120.1609', '122.8590', '124.2625', '124.2781', '122.6140']
    power AFTER FTS:  ['43.2987', '70.1013', '88.2725', '101.3526', '110.3831', '112.0096', '113.6371', '119.0069', '121.8163', '123.3634', '123.5247', '121.9892']
    [STAGE NORM] 5-stage → dividing head & power by 5
      head BEFORE: ['403.43', '374.50', '370.68', '366.33', '355.24', '350.11', '342.95', '310.95', '280.97', '242.28', '203.01', '168.36']
      head AFTER:  ['80.69', '74.90', '74.14', '73.27', '71.05', '70.02', '68.59', '62.19', '56.19', '48.46', '40.60', '33.67']
      power BEFORE: ['43.2987', '70.1013', '88.2725', '101.3526', '110.3831', '112.0096', '113.6371', '119.0069', '121.8163', '123.3634', '123.5247', '121.9892']
      power AFTER:  ['8.6597', '14.0203', '17.6545', '20.2705', '22.0766', '22.4019', '22.7274', '23.8014', '24.3633', '24.6727', '24.7049', '24.3978']
    [AFFINITY]
      test_diameter:     8.9180
      baseline_diameter: 8.9600
      dia_ratio:         8.9600/8.9180 = 1.004710
      test_rpm:          1760.0
      baseline_rpm:      1775.0
      speed_ratio:       1775.0/1760.0 = 1.008523
      scaled_flow:  ['1.81', '420.53', '638.07', '822.38', '973.84', '1009.65', '1052.86', '1225.40', '1366.88', '1536.34', '1678.58', '1807.84']
      scaled_head:  ['82.84', '76.90', '76.12', '75.22', '72.95', '71.89', '70.42', '63.85', '57.70', '49.75', '41.69', '34.57']
      scaled_power: ['9.0091', '14.5859', '18.3668', '21.0884', '22.9674', '23.3058', '23.6444', '24.7617', '25.3463', '25.6682', '25.7017', '25.3822']
    [FINAL] plotted_flow:  [1.81 → 1807.84]
    [FINAL] plotted_head:  [82.84 → 34.57]
    [FINAL] plotted_power: [9.0091 → 25.3822]
    [FINAL] plotted_eff:   [0.40 → 61.76]

  ── [LOAD+SCALE] 99271746880010A1P ──
    trim=8.8940, stages=5, rpm=1760.0, filing='Fig.1 to 0.03'
    columns: ['curve_no', 'flow', 'speed', 'power_in', 'power_bowl_motor', 'power_bowl_dyno', 'power_pump_motor', 'power_pump_dyno', 'tdh_bowl', 'tdh_pump', 'eff_bowl_motor', 'eff_bowl_dyno', 'eff_pump_motor', 'eff_pump_dyno', 'eff_overall', 'npsha']
    rows: 13
    flow: 13 pts
      values: ['1.84', '369.63', '599.70', '813.07', '951.83', '997.84', '1012.13', '1026.88', '1208.20', '1370.67', '1494.68', '1786.17', '1907.07']
    head ('tdh_bowl'): 13 pts
      values: ['402.08', '374.89', '371.71', '363.53', '353.32', '347.86', '347.20', '343.30', '312.17', '277.75', '250.29', '188.71', '122.78']
    power ('power_bowl_dyno'): all zero/negative — trying fallback
    power FALLBACK ('power_bowl_motor'): 13 pts
      values: ['45.7950', '68.0219', '88.0186', '104.0335', '112.6123', '114.9014', '114.9799', '116.2185', '122.4063', '124.4130', '125.5476', '124.9607', '119.6778']
    efficiency ('eff_bowl_motor'): 13 pts
      values: ['0.41', '51.35', '63.84', '71.62', '75.28', '76.15', '77.05', '76.47', '77.68', '77.14', '75.12', '68.00', '49.32']
    [FTS] Checking packing/bearing loss...
    [FTS] file: C:\Users\107087\AppData\Local\Temp\px_detail_2dpdyve9\99271746880010A1P.xls
    [FTS] friction coefficient: 0.1
    [FTS] BA is all zeros — computing packing loss
    [FTS] Line shaft diameter: 1.5000"
    [FTS] Using 'tdh_bowl' for discharge pressure
    [FTS] Speed (first 5): ['1760.0', '1760.0', '1760.0', '1760.0', '1760.0']
    [FTS] Pressure (first 5): ['402.08', '374.89', '371.71', '363.53', '353.32']
    [FTS] Packing cross section: 0.5" (shaft >= 1.0")
    [FTS] Contact area: 0.5 × 0.94 × 1.5000 × π = 2.214823 in²
    [FTS] shaft_radius_ft: 0.062500
    [FTS] Loss HP (first 5): ['1.492138', '1.391218', '1.379435', '1.349063', '1.311206']
    [FTS] Loss HP range: 0.455625 — 1.492138
    [FTS] Power correction applied:
      Original power (first 5): ['45.7950', '68.0219', '88.0186', '104.0335', '112.6123']
      Loss HP       (first 5): ['1.492138', '1.391218', '1.379435', '1.349063', '1.311206']
      Corrected     (first 5): ['44.3028', '66.6307', '86.6391', '102.6844', '111.3011']
      Avg loss: 1.1577 HP
      Max loss: 1.4921 HP
    power BEFORE FTS: ['45.7950', '68.0219', '88.0186', '104.0335', '112.6123', '114.9014', '114.9799', '116.2185', '122.4063', '124.4130', '125.5476', '124.9607', '119.6778']
    power AFTER FTS:  ['44.3028', '66.6307', '86.6391', '102.6844', '111.3011', '113.6105', '113.6914', '114.9445', '121.2478', '123.3822', '124.6188', '124.2604', '119.2222']
    [STAGE NORM] 5-stage → dividing head & power by 5
      head BEFORE: ['402.08', '374.89', '371.71', '363.53', '353.32', '347.86', '347.20', '343.30', '312.17', '277.75', '250.29', '188.71', '122.78']
      head AFTER:  ['80.42', '74.98', '74.34', '72.71', '70.66', '69.57', '69.44', '68.66', '62.43', '55.55', '50.06', '37.74', '24.56']
      power BEFORE: ['44.3028', '66.6307', '86.6391', '102.6844', '111.3011', '113.6105', '113.6914', '114.9445', '121.2478', '123.3822', '124.6188', '124.2604', '119.2222']
      power AFTER:  ['8.8606', '13.3261', '17.3278', '20.5369', '22.2602', '22.7221', '22.7383', '22.9889', '24.2496', '24.6764', '24.9238', '24.8521', '23.8444']
    [AFFINITY]
      test_diameter:     8.8940
      baseline_diameter: 8.9600
      dia_ratio:         8.9600/8.8940 = 1.007421
      test_rpm:          1760.0
      baseline_rpm:      1775.0
      speed_ratio:       1775.0/1760.0 = 1.008523
      scaled_flow:  ['1.87', '375.55', '609.30', '826.09', '967.07', '1013.81', '1028.33', '1043.31', '1227.54', '1392.61', '1518.61', '1814.76', '1937.60']
      scaled_head:  ['83.01', '77.40', '76.74', '75.05', '72.95', '71.82', '71.68', '70.88', '64.45', '57.34', '51.67', '38.96', '25.35']
      scaled_power: ['9.2929', '13.9764', '18.1733', '21.5389', '23.3464', '23.8308', '23.8477', '24.1106', '25.4328', '25.8805', '26.1399', '26.0647', '25.0079']
    [FINAL] plotted_flow:  [1.87 → 1937.60]
    [FINAL] plotted_head:  [83.01 → 25.35]
    [FINAL] plotted_power: [9.2929 → 25.0079]
    [FINAL] plotted_eff:   [0.41 → 49.32]

  ── [LOAD+SCALE] 99271732310021A1P ──
    trim=8.9025, stages=4, rpm=1760.0, filing='Fig.1 to 0.03'
    columns: ['curve_no', 'flow', 'speed', 'power_in', 'power_bowl_motor', 'power_bowl_dyno', 'power_pump_motor', 'power_pump_dyno', 'tdh_bowl', 'tdh_pump', 'eff_bowl_motor', 'eff_bowl_dyno', 'eff_pump_motor', 'eff_pump_dyno', 'eff_overall', 'npsha']
    rows: 11
    flow: 11 pts
      values: ['7.71', '427.88', '608.35', '789.49', '985.11', '998.56', '1017.18', '1250.51', '1488.01', '1669.09', '1790.40']
    head ('tdh_bowl'): 11 pts
      values: ['331.18', '299.12', '296.43', '290.72', '277.99', '276.76', '274.97', '245.11', '203.80', '167.22', '136.10']
    power ('power_bowl_dyno'): all zero/negative — trying fallback
    power FALLBACK ('power_bowl_motor'): 11 pts
      values: ['40.8091', '58.5350', '70.6294', '80.8858', '89.9833', '90.4437', '91.1678', '97.5582', '100.1674', '99.9713', '98.3278']
    efficiency ('eff_bowl_motor'): 11 pts
      values: ['1.58', '55.12', '64.36', '71.53', '76.72', '77.03', '77.34', '79.20', '76.32', '70.38', '62.47']
    [FTS] Checking packing/bearing loss...
    [FTS] file: C:\Users\107087\AppData\Local\Temp\px_detail_2dpdyve9\99271732310021A1P.xls
    [FTS] friction coefficient: 0.1
    [FTS] BA is all zeros — computing packing loss
    [FTS] Line shaft diameter: 1.5000"
    [FTS] Using 'tdh_bowl' for discharge pressure
    [FTS] Speed (first 5): ['1760.0', '1760.0', '1760.0', '1760.0', '1760.0']
    [FTS] Pressure (first 5): ['331.18', '299.12', '296.43', '290.72', '277.99']
    [FTS] Packing cross section: 0.5" (shaft >= 1.0")
    [FTS] Contact area: 0.5 × 0.94 × 1.5000 × π = 2.214823 in²
    [FTS] shaft_radius_ft: 0.062500
    [FTS] Loss HP (first 5): ['1.229043', '1.110053', '1.100059', '1.078858', '1.031651']
    [FTS] Loss HP range: 0.505060 — 1.229043
    [FTS] Power correction applied:
      Original power (first 5): ['40.8091', '58.5350', '70.6294', '80.8858', '89.9833']
      Loss HP       (first 5): ['1.229043', '1.110053', '1.100059', '1.078858', '1.031651']
      Corrected     (first 5): ['39.5801', '57.4250', '69.5294', '79.8069', '88.9517']
      Avg loss: 0.9444 HP
      Max loss: 1.2290 HP
    power BEFORE FTS: ['40.8091', '58.5350', '70.6294', '80.8858', '89.9833', '90.4437', '91.1678', '97.5582', '100.1674', '99.9713', '98.3278']
    power AFTER FTS:  ['39.5801', '57.4250', '69.5294', '79.8069', '88.9517', '89.4166', '90.1473', '96.6486', '99.4111', '99.3507', '97.8227']
    [STAGE NORM] 4-stage → dividing head & power by 4
      head BEFORE: ['331.18', '299.12', '296.43', '290.72', '277.99', '276.76', '274.97', '245.11', '203.80', '167.22', '136.10']
      head AFTER:  ['82.80', '74.78', '74.11', '72.68', '69.50', '69.19', '68.74', '61.28', '50.95', '41.80', '34.02']
      power BEFORE: ['39.5801', '57.4250', '69.5294', '79.8069', '88.9517', '89.4166', '90.1473', '96.6486', '99.4111', '99.3507', '97.8227']
      power AFTER:  ['9.8950', '14.3562', '17.3823', '19.9517', '22.2379', '22.3542', '22.5368', '24.1622', '24.8528', '24.8377', '24.4557']
    [AFFINITY]
      test_diameter:     8.9025
      baseline_diameter: 8.9600
      dia_ratio:         8.9600/8.9025 = 1.006459
      test_rpm:          1760.0
      baseline_rpm:      1775.0
      speed_ratio:       1775.0/1760.0 = 1.008523
      scaled_flow:  ['7.83', '434.31', '617.50', '801.36', '999.92', '1013.58', '1032.47', '1269.31', '1510.39', '1694.19', '1817.32']
      scaled_head:  ['85.30', '77.05', '76.35', '74.88', '71.60', '71.29', '70.83', '63.13', '52.49', '43.07', '35.05']
      scaled_power: ['10.3481', '15.0136', '18.1783', '20.8654', '23.2562', '23.3778', '23.5688', '25.2686', '25.9908', '25.9750', '25.5755']
    [FINAL] plotted_flow:  [7.83 → 1817.32]
    [FINAL] plotted_head:  [85.30 → 35.05]
    [FINAL] plotted_power: [10.3481 → 25.5755]
    [FINAL] plotted_eff:   [1.58 → 62.47]

  ── [LOAD+SCALE] 99271723550021A1P ──
    trim=8.8400, stages=8, rpm=1760.0, filing='Fig.1 to 0.03'
    columns: ['curve_no', 'flow', 'speed', 'power_in', 'power_bowl_motor', 'power_bowl_dyno', 'power_pump_motor', 'power_pump_dyno', 'tdh_bowl', 'tdh_pump', 'eff_bowl_motor', 'eff_bowl_dyno', 'eff_pump_motor', 'eff_pump_dyno', 'eff_overall', 'npsha']
    rows: 12
    flow: 12 pts
      values: ['0.00', '379.31', '586.71', '829.95', '942.74', '977.45', '984.82', '1024.63', '1199.05', '1337.57', '1507.94', '1625.29']
    head ('tdh_bowl'): 12 pts
      values: ['636.71', '581.42', '567.10', '542.46', '523.88', '516.88', '514.49', '505.55', '456.02', '409.56', '345.94', '294.51']
    power ('power_bowl_dyno'): all zero/negative — trying fallback
    power FALLBACK ('power_bowl_motor'): 12 pts
      values: ['82.6199', '110.6157', '134.6456', '160.1185', '169.6843', '171.8410', '172.2358', '174.8471', '181.9949', '184.5373', '184.2454', '180.8146']
    efficiency ('eff_bowl_motor'): 12 pts
      values: ['0.00', '50.26', '62.29', '70.88', '73.37', '74.12', '74.16', '74.68', '75.74', '74.83', '71.37', '66.73']
    [FTS] Checking packing/bearing loss...
    [FTS] file: C:\Users\107087\AppData\Local\Temp\px_detail_2dpdyve9\99271723550021A1P.xls
    [FTS] friction coefficient: 0.1
    [FTS] BA is all zeros — computing packing loss
    [FTS] Line shaft diameter: 1.5000"
    [FTS] Using 'tdh_bowl' for discharge pressure
    [FTS] Speed (first 5): ['1760.0', '1760.0', '1760.0', '1760.0', '1760.0']
    [FTS] Pressure (first 5): ['636.71', '581.42', '567.10', '542.46', '523.88']
    [FTS] Packing cross section: 0.5" (shaft >= 1.0")
    [FTS] Contact area: 0.5 × 0.94 × 1.5000 × π = 2.214823 in²
    [FTS] shaft_radius_ft: 0.062500
    [FTS] Loss HP (first 5): ['2.362854', '2.157674', '2.104536', '2.013089', '1.944139']
    [FTS] Loss HP range: 1.092941 — 2.362854
    [FTS] Power correction applied:
      Original power (first 5): ['82.6199', '110.6157', '134.6456', '160.1185', '169.6843']
      Loss HP       (first 5): ['2.362854', '2.157674', '2.104536', '2.013089', '1.944139']
      Corrected     (first 5): ['80.2571', '108.4581', '132.5411', '158.1054', '167.7402']
      Avg loss: 1.8229 HP
      Max loss: 2.3629 HP
    power BEFORE FTS: ['82.6199', '110.6157', '134.6456', '160.1185', '169.6843', '171.8410', '172.2358', '174.8471', '181.9949', '184.5373', '184.2454', '180.8146']
    power AFTER FTS:  ['80.2571', '108.4581', '132.5411', '158.1054', '167.7402', '169.9229', '170.3265', '172.9709', '180.3026', '183.0174', '182.9616', '179.7217']
    [STAGE NORM] 8-stage → dividing head & power by 8
      head BEFORE: ['636.71', '581.42', '567.10', '542.46', '523.88', '516.88', '514.49', '505.55', '456.02', '409.56', '345.94', '294.51']
      head AFTER:  ['79.59', '72.68', '70.89', '67.81', '65.48', '64.61', '64.31', '63.19', '57.00', '51.19', '43.24', '36.81']
      power BEFORE: ['80.2571', '108.4581', '132.5411', '158.1054', '167.7402', '169.9229', '170.3265', '172.9709', '180.3026', '183.0174', '182.9616', '179.7217']
      power AFTER:  ['10.0321', '13.5573', '16.5676', '19.7632', '20.9675', '21.2404', '21.2908', '21.6214', '22.5378', '22.8772', '22.8702', '22.4652']
    [AFFINITY]
      test_diameter:     8.8400
      baseline_diameter: 8.9600
      dia_ratio:         8.9600/8.8400 = 1.013575
      test_rpm:          1760.0
      baseline_rpm:      1775.0
      speed_ratio:       1775.0/1760.0 = 1.008523
      scaled_flow:  ['0.00', '387.74', '599.74', '848.39', '963.68', '999.16', '1006.70', '1047.39', '1225.69', '1367.28', '1541.43', '1661.39']
      scaled_head:  ['83.16', '75.94', '74.07', '70.85', '68.43', '67.51', '67.20', '66.03', '59.56', '53.49', '45.19', '38.47']
      scaled_power: ['10.7156', '14.4809', '17.6964', '21.1097', '22.3961', '22.6875', '22.7414', '23.0944', '24.0733', '24.4358', '24.4284', '23.9958']
    [FINAL] plotted_flow:  [0.00 → 1661.39]
    [FINAL] plotted_head:  [83.16 → 38.47]
    [FINAL] plotted_power: [10.7156 → 23.9958]
    [FINAL] plotted_eff:   [0.00 → 66.73]

  ── [LOAD+SCALE] 99271665530010A1P ──
    trim=8.9600, stages=8, rpm=1760.0, filing='Fig.1 to 0.03'
    columns: ['curve_no', 'flow', 'speed', 'power_in', 'power_bowl_motor', 'power_bowl_dyno', 'power_pump_motor', 'power_pump_dyno', 'tdh_bowl', 'tdh_pump', 'eff_bowl_motor', 'eff_bowl_dyno', 'eff_pump_motor', 'eff_pump_dyno', 'eff_overall', 'npsha']
    rows: 12
    flow: 12 pts
      values: ['7.86', '337.77', '629.43', '811.98', '943.65', '991.48', '1040.52', '1243.38', '1477.50', '1570.89', '1722.00', '1888.07']
    head ('tdh_bowl'): 12 pts
      values: ['678.08', '624.57', '602.80', '590.33', '571.64', '562.75', '551.39', '492.52', '410.19', '374.25', '304.03', '209.82']
    power ('power_bowl_dyno'): all zero/negative — trying fallback
    power FALLBACK ('power_bowl_motor'): 12 pts
      values: ['87.6857', '113.6812', '149.4415', '171.1277', '183.8326', '187.6454', '190.8731', '200.4938', '205.1854', '205.3815', '203.4528', '195.5483']
    efficiency ('eff_bowl_motor'): 12 pts
      values: ['1.53', '46.78', '64.00', '70.61', '73.97', '74.96', '75.77', '77.00', '74.46', '72.16', '64.87', '51.07']
    [FTS] Checking packing/bearing loss...
    [FTS] file: C:\Users\107087\AppData\Local\Temp\px_detail_2dpdyve9\99271665530010A1P.xls
    [FTS] friction coefficient: 0.1
    [FTS] BA is all zeros — computing packing loss
    [FTS] Line shaft diameter: 1.9375"
    [FTS] Using 'tdh_bowl' for discharge pressure
    [FTS] Speed (first 5): ['1760.0', '1760.0', '1760.0', '1760.0', '1760.0']
    [FTS] Pressure (first 5): ['678.08', '624.57', '602.80', '590.33', '571.64']
    [FTS] Packing cross section: 0.5" (shaft >= 1.0")
    [FTS] Contact area: 0.5 × 0.94 × 1.9375 × π = 2.860813 in²
    [FTS] shaft_radius_ft: 0.080729
    [FTS] Loss HP (first 5): ['4.198337', '3.867032', '3.732249', '3.655020', '3.539338']
    [FTS] Loss HP range: 1.299089 — 4.198337
    [FTS] Power correction applied:
      Original power (first 5): ['87.6857', '113.6812', '149.4415', '171.1277', '183.8326']
      Loss HP       (first 5): ['4.198337', '3.867032', '3.732249', '3.655020', '3.539338']
      Corrected     (first 5): ['83.4873', '109.8142', '145.7092', '167.4727', '180.2933']
      Avg loss: 3.0815 HP
      Max loss: 4.1983 HP
    power BEFORE FTS: ['87.6857', '113.6812', '149.4415', '171.1277', '183.8326', '187.6454', '190.8731', '200.4938', '205.1854', '205.3815', '203.4528', '195.5483']
    power AFTER FTS:  ['83.4873', '109.8142', '145.7092', '167.4727', '180.2933', '184.1611', '187.4592', '197.4444', '202.6457', '203.0643', '201.5704', '194.2492']
    [STAGE NORM] 8-stage → dividing head & power by 8
      head BEFORE: ['678.08', '624.57', '602.80', '590.33', '571.64', '562.75', '551.39', '492.52', '410.19', '374.25', '304.03', '209.82']
      head AFTER:  ['84.76', '78.07', '75.35', '73.79', '71.46', '70.34', '68.92', '61.56', '51.27', '46.78', '38.00', '26.23']
      power BEFORE: ['83.4873', '109.8142', '145.7092', '167.4727', '180.2933', '184.1611', '187.4592', '197.4444', '202.6457', '203.0643', '201.5704', '194.2492']
      power AFTER:  ['10.4359', '13.7268', '18.2137', '20.9341', '22.5367', '23.0201', '23.4324', '24.6805', '25.3307', '25.3830', '25.1963', '24.2812']
    [AFFINITY]
      test_diameter:     8.9600
      baseline_diameter: 8.9600
      dia_ratio:         8.9600/8.9600 = 1.000000
      test_rpm:          1760.0
      baseline_rpm:      1775.0
      speed_ratio:       1775.0/1760.0 = 1.008523
      scaled_flow:  ['7.93', '340.65', '634.79', '818.90', '951.69', '999.93', '1049.38', '1253.97', '1490.10', '1584.27', '1736.68', '1904.16']
      scaled_head:  ['86.21', '79.41', '76.64', '75.05', '72.68', '71.55', '70.10', '62.62', '52.15', '47.58', '38.65', '26.68']
      scaled_power: ['10.7050', '14.0807', '18.6833', '21.4739', '23.1178', '23.6138', '24.0366', '25.3170', '25.9839', '26.0376', '25.8460', '24.9073']
    [FINAL] plotted_flow:  [7.93 → 1904.16]
    [FINAL] plotted_head:  [86.21 → 26.68]
    [FINAL] plotted_power: [10.7050 → 24.9073]
    [FINAL] plotted_eff:   [1.53 → 51.07]

  ── [LOAD+SCALE] 99271577210010A1P ──
    trim=8.8700, stages=3, rpm=1785.0, filing='Fig.1 to 0.03'
    columns: ['curve_no', 'flow', 'speed', 'power_in', 'power_bowl_motor', 'power_bowl_dyno', 'power_pump_motor', 'power_pump_dyno', 'tdh_bowl', 'tdh_pump', 'eff_bowl_motor', 'eff_bowl_dyno', 'eff_pump_motor', 'eff_pump_dyno', 'eff_overall', 'npsha']
    rows: 11
    flow: 11 pts
      values: ['3.32', '543.06', '817.98', '1089.74', '1335.59', '1396.32', '1418.16', '1449.11', '1558.91', '1650.61', '1764.08']
    head ('tdh_bowl'): 11 pts
      values: ['251.36', '227.02', '220.65', '204.45', '177.53', '169.79', '167.04', '163.21', '147.32', '132.51', '113.46']
    power ('power_bowl_dyno'): 11 pts
      values: ['29.0067', '49.4424', '62.2282', '71.1045', '76.0918', '76.7398', '76.9850', '77.2399', '77.8682', '77.8746', '77.9116']
    efficiency ('eff_bowl_dyno'): 11 pts
      values: ['0.73', '62.95', '73.22', '79.10', '78.67', '78.00', '77.68', '77.30', '74.46', '70.90', '64.85']
    [FTS] Checking packing/bearing loss...
    [FTS] file: C:\Users\107087\AppData\Local\Temp\px_detail_2dpdyve9\99271577210010A1P.xls
    [FTS] friction coefficient: 0.1
    [FTS] BA has 12 non-zero values — loss already applied, skipping
    [STAGE NORM] 3-stage → dividing head & power by 3
      head BEFORE: ['251.36', '227.02', '220.65', '204.45', '177.53', '169.79', '167.04', '163.21', '147.32', '132.51', '113.46']
      head AFTER:  ['83.79', '75.67', '73.55', '68.15', '59.18', '56.60', '55.68', '54.40', '49.11', '44.17', '37.82']
      power BEFORE: ['29.0067', '49.4424', '62.2282', '71.1045', '76.0918', '76.7398', '76.9850', '77.2399', '77.8682', '77.8746', '77.9116']
      power AFTER:  ['9.6689', '16.4808', '20.7427', '23.7015', '25.3639', '25.5799', '25.6617', '25.7466', '25.9561', '25.9582', '25.9705']
    [AFFINITY]
      test_diameter:     8.8700
      baseline_diameter: 8.9600
      dia_ratio:         8.9600/8.8700 = 1.010147
      test_rpm:          1785.0
      baseline_rpm:      1775.0
      speed_ratio:       1775.0/1785.0 = 0.994398
      scaled_flow:  ['3.34', '545.50', '821.65', '1094.63', '1341.58', '1402.59', '1424.52', '1455.61', '1565.90', '1658.01', '1772.00']
      scaled_head:  ['84.54', '76.36', '74.21', '68.76', '59.71', '57.11', '56.18', '54.89', '49.55', '44.57', '38.16']
      scaled_power: ['9.7997', '16.7037', '21.0232', '24.0220', '25.7069', '25.9258', '26.0087', '26.0948', '26.3071', '26.3092', '26.3217']
    [FINAL] plotted_flow:  [3.34 → 1772.00]
    [FINAL] plotted_head:  [84.54 → 38.16]
    [FINAL] plotted_power: [9.7997 → 26.3217]
    [FINAL] plotted_eff:   [0.73 → 64.85]

  ── [LOAD+SCALE] 9927165597A1P ──
    trim=8.8940, stages=5, rpm=1760.0, filing='Fig.1 to 0.03'
    columns: ['curve_no', 'flow', 'speed', 'power_in', 'power_bowl_motor', 'power_bowl_dyno', 'power_pump_motor', 'power_pump_dyno', 'tdh_bowl', 'tdh_pump', 'eff_bowl_motor', 'eff_bowl_dyno', 'eff_pump_motor', 'eff_pump_dyno', 'eff_overall', 'npsha']
    rows: 17
    flow: 17 pts
      values: ['22.55', '459.35', '619.59', '756.94', '847.64', '952.37', '1001.78', '1004.52', '1033.78', '1108.27', '1186.44', '1261.65', '1452.99', '1502.52', '1513.26', '1639.30', '1749.73']
    head ('tdh_bowl'): 17 pts
      values: ['409.13', '373.79', '370.58', '364.68', '359.39', '352.07', '346.51', '348.27', '343.39', '333.29', '321.01', '307.96', '269.02', '260.61', '257.86', '228.25', '198.81']
    power ('power_bowl_dyno'): all zero/negative — trying fallback
    power FALLBACK ('power_bowl_motor'): 17 pts
      values: ['50.4036', '76.0556', '89.3050', '98.7686', '104.5736', '110.2994', '113.0889', '112.5240', '114.4029', '117.5183', '120.4640', '122.2441', '124.6601', '125.3616', '125.3097', '125.0922', '124.0266']
    efficiency ('eff_bowl_motor'): 17 pts
      values: ['4.61', '56.91', '64.81', '70.45', '73.44', '76.63', '77.38', '78.38', '78.22', '79.23', '79.70', '80.12', '79.04', '78.74', '78.50', '75.40', '70.70']
    [FTS] Checking packing/bearing loss...
    [FTS] file: C:\Users\107087\AppData\Local\Temp\px_detail_2dpdyve9\9927165597A1P.xls
    [FTS] friction coefficient: 0.1
    [FTS] BA is all zeros — computing packing loss
    [FTS] Line shaft diameter: 1.5000"
    [FTS] Using 'tdh_bowl' for discharge pressure
    [FTS] Speed (first 5): ['1760.0', '1760.0', '1760.0', '1760.0', '1760.0']
    [FTS] Pressure (first 5): ['409.13', '373.79', '370.58', '364.68', '359.39']
    [FTS] Packing cross section: 0.5" (shaft >= 1.0")
    [FTS] Contact area: 0.5 × 0.94 × 1.5000 × π = 2.214823 in²
    [FTS] shaft_radius_ft: 0.062500
    [FTS] Loss HP (first 5): ['1.518291', '1.387161', '1.375247', '1.353343', '1.333718']
    [FTS] Loss HP range: 0.737785 — 1.518291
    [FTS] Power correction applied:
      Original power (first 5): ['50.4036', '76.0556', '89.3050', '98.7686', '104.5736']
      Loss HP       (first 5): ['1.518291', '1.387161', '1.375247', '1.353343', '1.333718']
      Corrected     (first 5): ['48.8854', '74.6684', '87.9297', '97.4153', '103.2399']
      Avg loss: 1.1885 HP
      Max loss: 1.5183 HP
    power BEFORE FTS: ['50.4036', '76.0556', '89.3050', '98.7686', '104.5736', '110.2994', '113.0889', '112.5240', '114.4029', '117.5183', '120.4640', '122.2441', '124.6601', '125.3616', '125.3097', '125.0922', '124.0266']
    power AFTER FTS:  ['48.8854', '74.6684', '87.9297', '97.4153', '103.2399', '108.9928', '111.8030', '111.2316', '113.1286', '116.2815', '119.2727', '121.1012', '123.6618', '124.3945', '124.3528', '124.2451', '123.2889']
    [STAGE NORM] 5-stage → dividing head & power by 5
      head BEFORE: ['409.13', '373.79', '370.58', '364.68', '359.39', '352.07', '346.51', '348.27', '343.39', '333.29', '321.01', '307.96', '269.02', '260.61', '257.86', '228.25', '198.81']
      head AFTER:  ['81.83', '74.76', '74.12', '72.94', '71.88', '70.41', '69.30', '69.65', '68.68', '66.66', '64.20', '61.59', '53.80', '52.12', '51.57', '45.65', '39.76']
      power BEFORE: ['48.8854', '74.6684', '87.9297', '97.4153', '103.2399', '108.9928', '111.8030', '111.2316', '113.1286', '116.2815', '119.2727', '121.1012', '123.6618', '124.3945', '124.3528', '124.2451', '123.2889']
      power AFTER:  ['9.7771', '14.9337', '17.5859', '19.4831', '20.6480', '21.7986', '22.3606', '22.2463', '22.6257', '23.2563', '23.8545', '24.2202', '24.7324', '24.8789', '24.8706', '24.8490', '24.6578']
    [AFFINITY]
      test_diameter:     8.8940
      baseline_diameter: 8.9600
      dia_ratio:         8.9600/8.8940 = 1.007421
      test_rpm:          1760.0
      baseline_rpm:      1775.0
      speed_ratio:       1775.0/1760.0 = 1.008523
      scaled_flow:  ['22.91', '466.70', '629.51', '769.05', '861.21', '967.61', '1017.81', '1020.60', '1050.32', '1126.01', '1205.43', '1281.84', '1476.25', '1526.57', '1537.49', '1665.54', '1777.74']
      scaled_head:  ['84.47', '77.17', '76.51', '75.29', '74.20', '72.69', '71.54', '71.90', '70.89', '68.81', '66.27', '63.58', '55.54', '53.80', '53.24', '47.12', '41.04']
      scaled_power: ['10.2541', '15.6623', '18.4440', '20.4337', '21.6554', '22.8622', '23.4516', '23.3318', '23.7297', '24.3910', '25.0185', '25.4020', '25.9391', '26.0928', '26.0841', '26.0615', '25.8609']
    [FINAL] plotted_flow:  [22.91 → 1777.74]
    [FINAL] plotted_head:  [84.47 → 41.04]
    [FINAL] plotted_power: [10.2541 → 25.8609]
    [FINAL] plotted_eff:   [4.61 → 70.70]

  ── [LOAD+SCALE] 9927164693A1P ──
    trim=8.8150, stages=8, rpm=1760.0, filing='Fig.1 to 0.03'
    columns: ['curve_no', 'flow', 'speed', 'power_in', 'power_bowl_motor', 'power_bowl_dyno', 'power_pump_motor', 'power_pump_dyno', 'tdh_bowl', 'tdh_pump', 'eff_bowl_motor', 'eff_bowl_dyno', 'eff_pump_motor', 'eff_pump_dyno', 'eff_overall', 'npsha']
    rows: 13
    flow: 13 pts
      values: ['0.00', '406.96', '597.32', '740.52', '867.43', '982.72', '993.54', '1025.77', '1161.28', '1319.88', '1493.22', '1604.87', '1764.09']
    head ('tdh_bowl'): 13 pts
      values: ['637.95', '582.35', '571.87', '561.14', '546.13', '527.53', '525.10', '518.35', '484.18', '433.82', '368.40', '323.54', '241.76']
    power ('power_bowl_dyno'): all zero/negative — trying fallback
    power FALLBACK ('power_bowl_motor'): 13 pts
      values: ['82.4307', '112.4514', '134.6480', '149.2031', '161.3058', '169.8311', '170.3098', '172.2728', '178.6023', '182.6839', '182.8535', '180.8262', '173.4463']
    efficiency ('eff_bowl_motor'): 13 pts
      values: ['0.00', '53.13', '63.95', '70.21', '74.03', '76.95', '77.22', '77.81', '79.36', '79.01', '75.84', '72.39', '61.99']
    [FTS] Checking packing/bearing loss...
    [FTS] file: C:\Users\107087\AppData\Local\Temp\px_detail_2dpdyve9\9927164693A1P.xls
    [FTS] friction coefficient: 0.1
    [FTS] BA is all zeros — computing packing loss
    [FTS] Line shaft diameter: 1.5000"
    [FTS] Using 'tdh_bowl' for discharge pressure
    [FTS] Speed (first 5): ['1760.0', '1760.0', '1760.0', '1760.0', '1760.0']
    [FTS] Pressure (first 5): ['637.95', '582.35', '571.87', '561.14', '546.13']
    [FTS] Packing cross section: 0.5" (shaft >= 1.0")
    [FTS] Contact area: 0.5 × 0.94 × 1.5000 × π = 2.214823 in²
    [FTS] shaft_radius_ft: 0.062500
    [FTS] Loss HP (first 5): ['2.367454', '2.161118', '2.122229', '2.082419', '2.026709']
    [FTS] Loss HP range: 0.897172 — 2.367454
    [FTS] Power correction applied:
      Original power (first 5): ['82.4307', '112.4514', '134.6480', '149.2031', '161.3058']
      Loss HP       (first 5): ['2.367454', '2.161118', '2.122229', '2.082419', '2.026709']
      Corrected     (first 5): ['80.0632', '110.2903', '132.5258', '147.1207', '159.2791']
      Avg loss: 1.8047 HP
      Max loss: 2.3675 HP
    power BEFORE FTS: ['82.4307', '112.4514', '134.6480', '149.2031', '161.3058', '169.8311', '170.3098', '172.2728', '178.6023', '182.6839', '182.8535', '180.8262', '173.4463']
    power AFTER FTS:  ['80.0632', '110.2903', '132.5258', '147.1207', '159.2791', '167.8734', '168.3611', '170.3491', '176.8055', '181.0740', '181.4863', '179.6256', '172.5491']
    [STAGE NORM] 8-stage → dividing head & power by 8
      head BEFORE: ['637.95', '582.35', '571.87', '561.14', '546.13', '527.53', '525.10', '518.35', '484.18', '433.82', '368.40', '323.54', '241.76']
      head AFTER:  ['79.74', '72.79', '71.48', '70.14', '68.27', '65.94', '65.64', '64.79', '60.52', '54.23', '46.05', '40.44', '30.22']
      power BEFORE: ['80.0632', '110.2903', '132.5258', '147.1207', '159.2791', '167.8734', '168.3611', '170.3491', '176.8055', '181.0740', '181.4863', '179.6256', '172.5491']
      power AFTER:  ['10.0079', '13.7863', '16.5657', '18.3901', '19.9099', '20.9842', '21.0451', '21.2936', '22.1007', '22.6342', '22.6858', '22.4532', '21.5686']
    [AFFINITY]
      test_diameter:     8.8150
      baseline_diameter: 8.9600
      dia_ratio:         8.9600/8.8150 = 1.016449
      test_rpm:          1760.0
      baseline_rpm:      1775.0
      speed_ratio:       1775.0/1760.0 = 1.008523
      scaled_flow:  ['0.00', '417.18', '612.32', '759.12', '889.21', '1007.39', '1018.49', '1051.53', '1190.44', '1353.02', '1530.72', '1645.17', '1808.39']
      scaled_head:  ['83.80', '76.50', '75.12', '73.71', '71.74', '69.29', '68.97', '68.09', '63.60', '56.99', '48.39', '42.50', '31.76']
      scaled_power: ['10.7810', '14.8512', '17.8453', '19.8106', '21.4478', '22.6051', '22.6708', '22.9385', '23.8078', '24.3826', '24.4381', '24.1876', '23.2347']
    [FINAL] plotted_flow:  [0.00 → 1808.39]
    [FINAL] plotted_head:  [83.80 → 31.76]
    [FINAL] plotted_power: [10.7810 → 23.2347]
    [FINAL] plotted_eff:   [0.00 → 61.99]

  ── [LOAD+SCALE] 9927160070A1P ──
    trim=8.9156, stages=9, rpm=1760.0, filing='Fig.1 to 0.03'
    columns: ['curve_no', 'flow', 'speed', 'power_in', 'power_bowl_motor', 'power_bowl_dyno', 'power_pump_motor', 'power_pump_dyno', 'tdh_bowl', 'tdh_pump', 'eff_bowl_motor', 'eff_bowl_dyno', 'eff_pump_motor', 'eff_pump_dyno', 'eff_overall', 'npsha']
    rows: 13
    flow: 13 pts
      values: ['0.00', '376.55', '703.53', '821.40', '980.59', '986.63', '1010.39', '1043.08', '1170.56', '1374.49', '1488.80', '1730.69', '1915.69']
    head ('tdh_bowl'): 13 pts
      values: ['743.93', '680.50', '661.51', '649.66', '626.77', '622.42', '621.39', '615.64', '582.85', '513.40', '468.21', '360.35', '252.43']
    power ('power_bowl_dyno'): all zero/negative — trying fallback
    power FALLBACK ('power_bowl_motor'): 13 pts
      values: ['101.3250', '128.4498', '173.4623', '187.0460', '203.9095', '205.2385', '205.7553', '208.8650', '217.2398', '224.4515', '225.7739', '223.3924', '214.2211']
    efficiency ('eff_bowl_motor'): 13 pts
      values: ['0.00', '50.29', '67.63', '71.92', '75.98', '75.43', '76.92', '77.51', '79.17', '79.26', '77.83', '70.38', '56.91']
    [FTS] Checking packing/bearing loss...
    [FTS] file: C:\Users\107087\AppData\Local\Temp\px_detail_2dpdyve9\9927160070A1P.xls
    [FTS] friction coefficient: 0.1
    [FTS] BA is all zeros — computing packing loss
    [FTS] Line shaft diameter: 1.9375"
    [FTS] Using 'tdh_bowl' for discharge pressure
    [FTS] Speed (first 5): ['1760.0', '1760.0', '1760.0', '1760.0', '1760.0']
    [FTS] Pressure (first 5): ['743.93', '680.50', '661.51', '649.66', '626.77']
    [FTS] Packing cross section: 0.5" (shaft >= 1.0")
    [FTS] Contact area: 0.5 × 0.94 × 1.9375 × π = 2.860813 in²
    [FTS] shaft_radius_ft: 0.080729
    [FTS] Loss HP (first 5): ['4.606058', '4.213359', '4.095734', '4.022414', '3.880654']
    [FTS] Loss HP range: 1.562908 — 4.606058
    [FTS] Power correction applied:
      Original power (first 5): ['101.3250', '128.4498', '173.4623', '187.0460', '203.9095']
      Loss HP       (first 5): ['4.606058', '4.213359', '4.095734', '4.022414', '3.880654']
      Corrected     (first 5): ['96.7189', '124.2364', '169.3666', '183.0236', '200.0289']
      Avg loss: 3.5240 HP
      Max loss: 4.6061 HP
    power BEFORE FTS: ['101.3250', '128.4498', '173.4623', '187.0460', '203.9095', '205.2385', '205.7553', '208.8650', '217.2398', '224.4515', '225.7739', '223.3924', '214.2211']
    power AFTER FTS:  ['96.7189', '124.2364', '169.3666', '183.0236', '200.0289', '201.3847', '201.9080', '205.0532', '213.6310', '221.2727', '222.8750', '221.1613', '212.6582']
    [STAGE NORM] 9-stage → dividing head & power by 9
      head BEFORE: ['743.93', '680.50', '661.51', '649.66', '626.77', '622.42', '621.39', '615.64', '582.85', '513.40', '468.21', '360.35', '252.43']
      head AFTER:  ['82.66', '75.61', '73.50', '72.18', '69.64', '69.16', '69.04', '68.40', '64.76', '57.04', '52.02', '40.04', '28.05']
      power BEFORE: ['96.7189', '124.2364', '169.3666', '183.0236', '200.0289', '201.3847', '201.9080', '205.0532', '213.6310', '221.2727', '222.8750', '221.1613', '212.6582']
      power AFTER:  ['10.7465', '13.8040', '18.8185', '20.3360', '22.2254', '22.3761', '22.4342', '22.7837', '23.7368', '24.5859', '24.7639', '24.5735', '23.6287']
    [AFFINITY]
      test_diameter:     8.9156
      baseline_diameter: 8.9600
      dia_ratio:         8.9600/8.9156 = 1.004985
      test_rpm:          1760.0
      baseline_rpm:      1775.0
      speed_ratio:       1775.0/1760.0 = 1.008523
      scaled_flow:  ['0.00', '381.66', '713.06', '832.53', '993.88', '1000.00', '1024.08', '1057.21', '1186.43', '1393.11', '1508.98', '1754.14', '1941.65']
      scaled_head:  ['84.91', '77.67', '75.51', '74.15', '71.54', '71.05', '70.93', '70.27', '66.53', '58.60', '53.44', '41.13', '28.81']
      scaled_power: ['11.1894', '14.3728', '19.5939', '21.1739', '23.1412', '23.2981', '23.3586', '23.7225', '24.7148', '25.5989', '25.7843', '25.5860', '24.6023']
    [FINAL] plotted_flow:  [0.00 → 1941.65]
    [FINAL] plotted_head:  [84.91 → 28.81]
    [FINAL] plotted_power: [11.1894 → 24.6023]
    [FINAL] plotted_eff:   [0.00 → 56.91]

  ── [LOAD+SCALE] 99272092820010A1P ──
    trim=8.9600, stages=4, rpm=1760.0, filing='Fig1. To 0.03125'
    columns: ['curve_no', 'flow', 'speed', 'power_in', 'power_bowl_motor', 'power_bowl_dyno', 'power_pump_motor', 'power_pump_dyno', 'tdh_bowl', 'tdh_pump', 'eff_bowl_motor', 'eff_bowl_dyno', 'eff_pump_motor', 'eff_pump_dyno', 'eff_overall', 'npsha']
    rows: 11
    flow: 11 pts
      values: ['0.00', '597.94', '812.50', '966.38', '1007.81', '1033.02', '1233.60', '1514.40', '1631.22', '1713.65', '1816.09']
    head ('tdh_bowl'): 11 pts
      values: ['344.97', '299.77', '293.65', '283.30', '279.36', '276.41', '252.96', '208.21', '187.32', '171.34', '146.27']
    power ('power_bowl_dyno'): all zero/negative — trying fallback
    power FALLBACK ('power_bowl_motor'): 11 pts
      values: ['46.4529', '69.8659', '81.7039', '88.8052', '90.3348', '91.3802', '97.1188', '100.1866', '100.3539', '100.3260', '98.7757']
    efficiency ('eff_bowl_motor'): 11 pts
      values: ['0.00', '64.68', '73.62', '77.72', '78.57', '78.77', '81.00', '79.34', '76.75', '73.78', '67.79']
    [STAGE NORM] 4-stage → dividing head & power by 4
      head BEFORE: ['344.97', '299.77', '293.65', '283.30', '279.36', '276.41', '252.96', '208.21', '187.32', '171.34', '146.27']
      head AFTER:  ['86.24', '74.94', '73.41', '70.83', '69.84', '69.10', '63.24', '52.05', '46.83', '42.83', '36.57']
      power BEFORE: ['46.4529', '69.8659', '81.7039', '88.8052', '90.3348', '91.3802', '97.1188', '100.1866', '100.3539', '100.3260', '98.7757']
      power AFTER:  ['11.6132', '17.4665', '20.4260', '22.2013', '22.5837', '22.8451', '24.2797', '25.0467', '25.0885', '25.0815', '24.6939']
    [AFFINITY]
      test_diameter:     8.9600
      baseline_diameter: 8.9600
      dia_ratio:         8.9600/8.9600 = 1.000000
      test_rpm:          1760.0
      baseline_rpm:      1775.0
      speed_ratio:       1775.0/1760.0 = 1.008523
      scaled_flow:  ['0.00', '603.04', '819.42', '974.62', '1016.40', '1041.83', '1244.11', '1527.31', '1645.13', '1728.25', '1831.57']
      scaled_head:  ['87.72', '76.23', '74.67', '72.04', '71.04', '70.29', '64.32', '52.94', '47.63', '43.57', '37.19']
      scaled_power: ['11.9127', '17.9169', '20.9527', '22.7738', '23.1661', '23.4342', '24.9058', '25.6925', '25.7354', '25.7283', '25.3307']
    [FINAL] plotted_flow:  [0.00 → 1831.57]
    [FINAL] plotted_head:  [87.72 → 37.19]
    [FINAL] plotted_power: [11.9127 → 25.3307]
    [FINAL] plotted_eff:   [0.00 → 67.79]

  ── [LOAD+SCALE] 99272116990010A1P ──
    trim=8.8600, stages=8, rpm=1760.0, filing='Fig1. To 0.03125'
    columns: ['curve_no', 'flow', 'speed', 'power_in', 'power_bowl_motor', 'power_bowl_dyno', 'power_pump_motor', 'power_pump_dyno', 'tdh_bowl', 'tdh_pump', 'eff_bowl_motor', 'eff_bowl_dyno', 'eff_pump_motor', 'eff_pump_dyno', 'eff_overall', 'npsha']
    rows: 9
    flow: 9 pts
      values: ['8.49', '630.10', '804.98', '974.78', '1005.84', '1027.13', '1296.12', '1503.15', '1767.98']
    head ('tdh_bowl'): 9 pts
      values: ['655.02', '579.33', '566.80', '540.10', '534.25', '529.42', '461.31', '398.97', '300.29']
    power ('power_bowl_dyno'): all zero/negative — trying fallback
    power FALLBACK ('power_bowl_motor'): 9 pts
      values: ['94.6079', '146.4920', '164.2223', '177.6904', '179.5828', '180.9102', '192.6393', '195.4505', '192.1520']
    efficiency ('eff_bowl_motor'): 9 pts
      values: ['1.48', '62.82', '70.04', '74.69', '75.43', '75.77', '78.24', '77.35', '69.65']
    [STAGE NORM] 8-stage → dividing head & power by 8
      head BEFORE: ['655.02', '579.33', '566.80', '540.10', '534.25', '529.42', '461.31', '398.97', '300.29']
      head AFTER:  ['81.88', '72.42', '70.85', '67.51', '66.78', '66.18', '57.66', '49.87', '37.54']
      power BEFORE: ['94.6079', '146.4920', '164.2223', '177.6904', '179.5828', '180.9102', '192.6393', '195.4505', '192.1520']
      power AFTER:  ['11.8260', '18.3115', '20.5278', '22.2113', '22.4478', '22.6138', '24.0799', '24.4313', '24.0190']
    [AFFINITY]
      test_diameter:     8.8600
      baseline_diameter: 8.9600
      dia_ratio:         8.9600/8.8600 = 1.011287
      test_rpm:          1760.0
      baseline_rpm:      1775.0
      speed_ratio:       1775.0/1760.0 = 1.008523
      scaled_flow:  ['8.66', '642.64', '821.01', '994.18', '1025.87', '1047.58', '1321.92', '1533.07', '1803.17']
      scaled_head:  ['85.17', '75.33', '73.70', '70.23', '69.47', '68.84', '59.98', '51.88', '39.05']
      scaled_power: ['12.5463', '19.4269', '21.7782', '23.5643', '23.8152', '23.9913', '25.5467', '25.9195', '25.4821']
    [FINAL] plotted_flow:  [8.66 → 1803.17]
    [FINAL] plotted_head:  [85.17 → 39.05]
    [FINAL] plotted_power: [12.5463 → 25.4821]
    [FINAL] plotted_eff:   [1.48 → 69.65]

  ── [LOAD+SCALE] 99272131020010A1P ──
    trim=8.8200, stages=4, rpm=1760.0, filing='Fig1. To 0.03125'
    columns: ['curve_no', 'flow', 'speed', 'power_in', 'power_bowl_motor', 'power_bowl_dyno', 'power_pump_motor', 'power_pump_dyno', 'tdh_bowl', 'tdh_pump', 'eff_bowl_motor', 'eff_bowl_dyno', 'eff_pump_motor', 'eff_pump_dyno', 'eff_overall', 'npsha']
    rows: 10
    flow: 10 pts
      values: ['9.46', '603.87', '801.15', '977.75', '998.32', '1018.17', '1180.34', '1491.38', '1678.40', '1802.50']
    head ('tdh_bowl'): 10 pts
      values: ['305.72', '273.45', '264.92', '249.55', '246.90', '245.56', '225.94', '180.60', '144.83', '116.86']
    power ('power_bowl_dyno'): all zero/negative — trying fallback
    power FALLBACK ('power_bowl_motor'): 10 pts
      values: ['40.8617', '64.6398', '73.4086', '79.5843', '79.1423', '79.7633', '82.9844', '84.9902', '83.1909', '80.3231']
    efficiency ('eff_bowl_motor'): 10 pts
      values: ['1.78', '64.40', '72.88', '77.29', '78.51', '79.02', '81.02', '79.89', '73.66', '66.11']
    [STAGE NORM] 4-stage → dividing head & power by 4
      head BEFORE: ['305.72', '273.45', '264.92', '249.55', '246.90', '245.56', '225.94', '180.60', '144.83', '116.86']
      head AFTER:  ['76.43', '68.36', '66.23', '62.39', '61.73', '61.39', '56.49', '45.15', '36.21', '29.22']
      power BEFORE: ['40.8617', '64.6398', '73.4086', '79.5843', '79.1423', '79.7633', '82.9844', '84.9902', '83.1909', '80.3231']
      power AFTER:  ['10.2154', '16.1600', '18.3521', '19.8961', '19.7856', '19.9408', '20.7461', '21.2475', '20.7977', '20.0808']
    [AFFINITY]
      test_diameter:     8.8200
      baseline_diameter: 8.9600
      dia_ratio:         8.9600/8.8200 = 1.015873
      test_rpm:          1760.0
      baseline_rpm:      1775.0
      speed_ratio:       1775.0/1760.0 = 1.008523
      scaled_flow:  ['9.69', '618.68', '820.80', '1001.73', '1022.81', '1043.14', '1209.29', '1527.96', '1719.57', '1846.71']
      scaled_head:  ['80.22', '71.76', '69.52', '65.49', '64.79', '64.44', '59.29', '47.39', '38.01', '30.67']
      scaled_power: ['10.9858', '17.3786', '19.7361', '21.3965', '21.2777', '21.4446', '22.3106', '22.8499', '22.3661', '21.5951']
    [FINAL] plotted_flow:  [9.69 → 1846.71]
    [FINAL] plotted_head:  [80.22 → 30.67]
    [FINAL] plotted_power: [10.9858 → 21.5951]
    [FINAL] plotted_eff:   [1.78 → 66.11]

  ── [LOAD+SCALE] 99272145210010A1P ──
    trim=8.9600, stages=3, rpm=1760.0, filing='Fig1. To 0.03125'
    columns: ['curve_no', 'flow', 'speed', 'power_in', 'power_bowl_motor', 'power_bowl_dyno', 'power_pump_motor', 'power_pump_dyno', 'tdh_bowl', 'tdh_pump', 'eff_bowl_motor', 'eff_bowl_dyno', 'eff_pump_motor', 'eff_pump_dyno', 'eff_overall', 'npsha']
    rows: 11
    flow: 11 pts
      values: ['8.02', '602.44', '792.90', '970.22', '991.43', '1032.81', '1204.33', '1516.10', '1608.36', '1746.38', '1862.53']
    head ('tdh_bowl'): 11 pts
      values: ['256.04', '226.78', '223.28', '215.07', '213.61', '210.89', '197.22', '161.96', '150.81', '133.07', '108.94']
    power ('power_bowl_dyno'): all zero/negative — trying fallback
    power FALLBACK ('power_bowl_motor'): 11 pts
      values: ['36.5126', '54.7813', '62.1503', '68.1806', '68.7715', '69.7979', '73.8594', '77.5612', '77.8601', '77.3641', '75.6617']
    efficiency ('eff_bowl_motor'): 11 pts
      values: ['1.42', '62.87', '71.81', '77.15', '77.63', '78.67', '81.07', '79.81', '78.53', '75.73', '67.61']
    [STAGE NORM] 3-stage → dividing head & power by 3
      head BEFORE: ['256.04', '226.78', '223.28', '215.07', '213.61', '210.89', '197.22', '161.96', '150.81', '133.07', '108.94']
      head AFTER:  ['85.35', '75.59', '74.43', '71.69', '71.20', '70.30', '65.74', '53.99', '50.27', '44.36', '36.31']
      power BEFORE: ['36.5126', '54.7813', '62.1503', '68.1806', '68.7715', '69.7979', '73.8594', '77.5612', '77.8601', '77.3641', '75.6617']
      power AFTER:  ['12.1709', '18.2604', '20.7168', '22.7269', '22.9238', '23.2660', '24.6198', '25.8537', '25.9534', '25.7880', '25.2206']
    [AFFINITY]
      test_diameter:     8.9600
      baseline_diameter: 8.9600
      dia_ratio:         8.9600/8.9600 = 1.000000
      test_rpm:          1760.0
      baseline_rpm:      1775.0
      speed_ratio:       1775.0/1760.0 = 1.008523
      scaled_flow:  ['8.09', '607.57', '799.65', '978.49', '999.88', '1041.61', '1214.59', '1529.02', '1622.07', '1761.26', '1878.40']
      scaled_head:  ['86.81', '76.89', '75.70', '72.92', '72.42', '71.50', '66.86', '54.91', '51.13', '45.12', '36.94']
      scaled_power: ['12.4847', '18.7313', '21.2510', '23.3129', '23.5150', '23.8659', '25.2547', '26.5204', '26.6226', '26.4530', '25.8709']
    [FINAL] plotted_flow:  [8.09 → 1878.40]
    [FINAL] plotted_head:  [86.81 → 36.94]
    [FINAL] plotted_power: [12.4847 → 25.8709]
    [FINAL] plotted_eff:   [1.42 → 67.61]

  ── [LOAD+SCALE] 99272172120010A1P ──
    trim=8.8200, stages=5, rpm=1760.0, filing='Fig1. To 0.03125'
    columns: ['curve_no', 'flow', 'speed', 'power_in', 'power_bowl_motor', 'power_bowl_dyno', 'power_pump_motor', 'power_pump_dyno', 'tdh_bowl', 'tdh_pump', 'eff_bowl_motor', 'eff_bowl_dyno', 'eff_pump_motor', 'eff_pump_dyno', 'eff_overall', 'npsha']
    rows: 12
    flow: 12 pts
      values: ['0.00', '609.86', '822.52', '976.49', '998.56', '1004.43', '1027.04', '1198.23', '1351.53', '1503.29', '1595.44', '1657.11']
    head ('tdh_bowl'): 12 pts
      values: ['404.70', '357.18', '347.54', '332.18', '329.85', '328.76', '325.89', '302.00', '274.33', '241.42', '221.35', '205.56']
    power ('power_bowl_dyno'): all zero/negative — trying fallback
    power FALLBACK ('power_bowl_motor'): 12 pts
      values: ['54.2624', '83.9045', '96.8108', '103.9614', '104.7579', '105.1631', '105.8573', '111.1231', '113.8053', '114.4211', '114.0581', '113.4875']
    efficiency ('eff_bowl_motor'): 12 pts
      values: ['0.00', '65.45', '74.44', '78.65', '79.26', '79.16', '79.71', '82.09', '82.13', '79.96', '78.05', '75.66']
    [STAGE NORM] 5-stage → dividing head & power by 5
      head BEFORE: ['404.70', '357.18', '347.54', '332.18', '329.85', '328.76', '325.89', '302.00', '274.33', '241.42', '221.35', '205.56']
      head AFTER:  ['80.94', '71.44', '69.51', '66.44', '65.97', '65.75', '65.18', '60.40', '54.87', '48.28', '44.27', '41.11']
      power BEFORE: ['54.2624', '83.9045', '96.8108', '103.9614', '104.7579', '105.1631', '105.8573', '111.1231', '113.8053', '114.4211', '114.0581', '113.4875']
      power AFTER:  ['10.8525', '16.7809', '19.3622', '20.7923', '20.9516', '21.0326', '21.1715', '22.2246', '22.7611', '22.8842', '22.8116', '22.6975']
    [AFFINITY]
      test_diameter:     8.8200
      baseline_diameter: 8.9600
      dia_ratio:         8.9600/8.8200 = 1.015873
      test_rpm:          1760.0
      baseline_rpm:      1775.0
      speed_ratio:       1775.0/1760.0 = 1.008523
      scaled_flow:  ['0.00', '624.82', '842.70', '1000.44', '1023.06', '1029.07', '1052.23', '1227.63', '1384.69', '1540.17', '1634.58', '1697.76']
      scaled_head:  ['84.96', '74.98', '72.96', '69.74', '69.25', '69.02', '68.42', '63.40', '57.59', '50.68', '46.47', '43.15']
      scaled_power: ['11.6709', '18.0464', '20.8223', '22.3603', '22.5316', '22.6188', '22.7681', '23.9006', '24.4775', '24.6100', '24.5319', '24.4092']
    [FINAL] plotted_flow:  [0.00 → 1697.76]
    [FINAL] plotted_head:  [84.96 → 43.15]
    [FINAL] plotted_power: [11.6709 → 24.4092]
    [FINAL] plotted_eff:   [0.00 → 75.66]

  ── [LOAD+SCALE] 99272188670010A1P ──
    trim=8.9000, stages=7, rpm=1760.0, filing='Fig1. To 0.03125'
    columns: ['curve_no', 'flow', 'speed', 'power_in', 'power_bowl_motor', 'power_bowl_dyno', 'power_pump_motor', 'power_pump_dyno', 'tdh_bowl', 'tdh_pump', 'eff_bowl_motor', 'eff_bowl_dyno', 'eff_pump_motor', 'eff_pump_dyno', 'eff_overall', 'npsha']
    rows: 13
    flow: 13 pts
      values: ['0.00', '600.72', '789.18', '982.28', '1002.48', '1018.05', '1214.27', '1401.35', '1497.81', '1608.00', '1740.61', '1853.44', '1946.18']
    head ('tdh_bowl'): 13 pts
      values: ['578.89', '516.02', '506.67', '485.37', '482.37', '479.47', '442.30', '394.77', '367.37', '336.16', '292.80', '245.73', '200.57']
    power ('power_bowl_dyno'): all zero/negative — trying fallback
    power FALLBACK ('power_bowl_motor'): 13 pts
      values: ['73.2128', '118.0264', '136.2188', '151.8541', '153.0813', '154.0085', '164.2578', '169.6165', '170.6004', '170.4658', '170.5736', '167.6101', '162.6721']
    efficiency ('eff_bowl_motor'): 13 pts
      values: ['0.00', '66.21', '74.00', '79.15', '79.63', '79.90', '82.42', '82.22', '81.31', '79.94', '75.32', '68.50', '60.49']
    [STAGE NORM] 7-stage → dividing head & power by 7
      head BEFORE: ['578.89', '516.02', '506.67', '485.37', '482.37', '479.47', '442.30', '394.77', '367.37', '336.16', '292.80', '245.73', '200.57']
      head AFTER:  ['82.70', '73.72', '72.38', '69.34', '68.91', '68.50', '63.19', '56.40', '52.48', '48.02', '41.83', '35.10', '28.65']
      power BEFORE: ['73.2128', '118.0264', '136.2188', '151.8541', '153.0813', '154.0085', '164.2578', '169.6165', '170.6004', '170.4658', '170.5736', '167.6101', '162.6721']
      power AFTER:  ['10.4590', '16.8609', '19.4598', '21.6934', '21.8688', '22.0012', '23.4654', '24.2309', '24.3715', '24.3523', '24.3677', '23.9443', '23.2389']
    [AFFINITY]
      test_diameter:     8.9000
      baseline_diameter: 8.9600
      dia_ratio:         8.9600/8.9000 = 1.006742
      test_rpm:          1760.0
      baseline_rpm:      1775.0
      speed_ratio:       1775.0/1760.0 = 1.008523
      scaled_flow:  ['0.00', '609.93', '801.27', '997.33', '1017.84', '1033.65', '1232.88', '1422.83', '1520.76', '1632.64', '1767.28', '1881.84', '1976.00']
      scaled_head:  ['85.25', '75.99', '74.62', '71.48', '71.04', '70.61', '65.14', '58.14', '54.10', '49.51', '43.12', '36.19', '29.54']
      scaled_power: ['10.9471', '17.6479', '20.3681', '22.7059', '22.8894', '23.0281', '24.5606', '25.3619', '25.5090', '25.4889', '25.5050', '25.0619', '24.3235']
    [FINAL] plotted_flow:  [0.00 → 1976.00]
    [FINAL] plotted_head:  [85.25 → 29.54]
    [FINAL] plotted_power: [10.9471 → 24.3235]
    [FINAL] plotted_eff:   [0.00 → 60.49]

  ── [LOAD+SCALE] 99272195800010A1P ──
    trim=8.9600, stages=3, rpm=1760.0, filing='Fig1. To 0.03125'
    columns: ['curve_no', 'flow', 'speed', 'power_in', 'power_bowl_motor', 'power_bowl_dyno', 'power_pump_motor', 'power_pump_dyno', 'tdh_bowl', 'tdh_pump', 'eff_bowl_motor', 'eff_bowl_dyno', 'eff_pump_motor', 'eff_pump_dyno', 'eff_overall', 'npsha']
    rows: 11
    flow: 11 pts
      values: ['0.00', '400.10', '797.69', '971.93', '1004.64', '1025.94', '1214.27', '1516.02', '1646.03', '1746.49', '1849.81']
    head ('tdh_bowl'): 11 pts
      values: ['249.26', '227.52', '218.75', '210.22', '207.87', '206.41', '190.68', '155.64', '136.81', '120.17', '97.92']
    power ('power_bowl_dyno'): all zero/negative — trying fallback
    power FALLBACK ('power_bowl_motor'): 11 pts
      values: ['31.8194', '44.0071', '61.5911', '67.7527', '68.6528', '69.3279', '73.7099', '77.1698', '77.1010', '76.7822', '75.2609']
    efficiency ('eff_bowl_motor'): 11 pts
      values: ['0.00', '52.15', '71.42', '76.02', '76.68', '77.00', '79.18', '77.08', '73.63', '68.91', '60.67']
    [STAGE NORM] 3-stage → dividing head & power by 3
      head BEFORE: ['249.26', '227.52', '218.75', '210.22', '207.87', '206.41', '190.68', '155.64', '136.81', '120.17', '97.92']
      head AFTER:  ['83.09', '75.84', '72.92', '70.07', '69.29', '68.80', '63.56', '51.88', '45.60', '40.06', '32.64']
      power BEFORE: ['31.8194', '44.0071', '61.5911', '67.7527', '68.6528', '69.3279', '73.7099', '77.1698', '77.1010', '76.7822', '75.2609']
      power AFTER:  ['10.6065', '14.6690', '20.5304', '22.5842', '22.8843', '23.1093', '24.5700', '25.7233', '25.7003', '25.5941', '25.0870']
    [AFFINITY]
      test_diameter:     8.9600
      baseline_diameter: 8.9600
      dia_ratio:         8.9600/8.9600 = 1.000000
      test_rpm:          1760.0
      baseline_rpm:      1775.0
      speed_ratio:       1775.0/1760.0 = 1.008523
      scaled_flow:  ['0.00', '403.51', '804.49', '980.21', '1013.20', '1034.68', '1224.62', '1528.94', '1660.06', '1761.37', '1865.58']
      scaled_head:  ['84.51', '77.14', '74.16', '71.27', '70.48', '69.98', '64.65', '52.77', '46.38', '40.74', '33.20']
      scaled_power: ['10.8800', '15.0473', '21.0598', '23.1666', '23.4744', '23.7052', '25.2036', '26.3866', '26.3631', '26.2540', '25.7339']
    [FINAL] plotted_flow:  [0.00 → 1865.58]
    [FINAL] plotted_head:  [84.51 → 33.20]
    [FINAL] plotted_power: [10.8800 → 25.7339]
    [FINAL] plotted_eff:   [0.00 → 60.67]

  ── [LOAD+SCALE] 99272195800010B1P ──
    trim=8.9600, stages=3, rpm=1760.0, filing='Fig1. To 0.03125'
    columns: ['curve_no', 'flow', 'speed', 'power_in', 'power_bowl_motor', 'power_bowl_dyno', 'power_pump_motor', 'power_pump_dyno', 'tdh_bowl', 'tdh_pump', 'eff_bowl_motor', 'eff_bowl_dyno', 'eff_pump_motor', 'eff_pump_dyno', 'eff_overall', 'npsha']
    rows: 11
    flow: 11 pts
      values: ['0.00', '406.02', '792.41', '975.32', '1004.14', '1024.72', '1220.05', '1517.95', '1640.52', '1737.92', '1845.97']
    head ('tdh_bowl'): 11 pts
      values: ['252.83', '226.72', '218.05', '208.55', '206.27', '205.08', '189.23', '152.98', '135.75', '119.49', '97.16']
    power ('power_bowl_dyno'): all zero/negative — trying fallback
    power FALLBACK ('power_bowl_motor'): 11 pts
      values: ['33.8500', '44.0307', '60.8187', '67.1742', '68.0331', '68.5655', '73.0129', '76.3650', '76.3988', '76.0151', '74.6304']
    efficiency ('eff_bowl_motor'): 11 pts
      values: ['0.00', '52.70', '71.62', '76.33', '76.75', '77.27', '79.71', '76.66', '73.48', '68.87', '60.58']
    [STAGE NORM] 3-stage → dividing head & power by 3
      head BEFORE: ['252.83', '226.72', '218.05', '208.55', '206.27', '205.08', '189.23', '152.98', '135.75', '119.49', '97.16']
      head AFTER:  ['84.28', '75.57', '72.68', '69.52', '68.76', '68.36', '63.08', '50.99', '45.25', '39.83', '32.39']
      power BEFORE: ['33.8500', '44.0307', '60.8187', '67.1742', '68.0331', '68.5655', '73.0129', '76.3650', '76.3988', '76.0151', '74.6304']
      power AFTER:  ['11.2833', '14.6769', '20.2729', '22.3914', '22.6777', '22.8552', '24.3376', '25.4550', '25.4663', '25.3384', '24.8768']
    [AFFINITY]
      test_diameter:     8.9600
      baseline_diameter: 8.9600
      dia_ratio:         8.9600/8.9600 = 1.000000
      test_rpm:          1760.0
      baseline_rpm:      1775.0
      speed_ratio:       1775.0/1760.0 = 1.008523
      scaled_flow:  ['0.00', '409.48', '799.16', '983.63', '1012.70', '1033.46', '1230.45', '1530.89', '1654.50', '1752.74', '1861.70']
      scaled_head:  ['85.72', '76.87', '73.93', '70.71', '69.93', '69.53', '64.16', '51.87', '46.02', '40.51', '32.94']
      scaled_power: ['11.5743', '15.0554', '20.7957', '22.9688', '23.2625', '23.4445', '24.9652', '26.1114', '26.1230', '25.9918', '25.5183']
    [FINAL] plotted_flow:  [0.00 → 1861.70]
    [FINAL] plotted_head:  [85.72 → 32.94]
    [FINAL] plotted_power: [11.5743 → 25.5183]
    [FINAL] plotted_eff:   [0.00 → 60.58]

  ── [LOAD+SCALE] 99272195800010B1P ──
    trim=8.9600, stages=3, rpm=1760.0, filing='Fig1. To 0.03125'
    columns: ['curve_no', 'flow', 'speed', 'power_in', 'power_bowl_motor', 'power_bowl_dyno', 'power_pump_motor', 'power_pump_dyno', 'tdh_bowl', 'tdh_pump', 'eff_bowl_motor', 'eff_bowl_dyno', 'eff_pump_motor', 'eff_pump_dyno', 'eff_overall', 'npsha']
    rows: 11
    flow: 11 pts
      values: ['0.00', '406.02', '792.41', '975.32', '1004.14', '1024.72', '1220.05', '1517.95', '1640.52', '1737.92', '1845.97']
    head ('tdh_bowl'): 11 pts
      values: ['252.83', '226.72', '218.05', '208.55', '206.27', '205.08', '189.23', '152.98', '135.75', '119.49', '97.16']
    power ('power_bowl_dyno'): all zero/negative — trying fallback
    power FALLBACK ('power_bowl_motor'): 11 pts
      values: ['33.8500', '44.0307', '60.8187', '67.1742', '68.0331', '68.5655', '73.0129', '76.3650', '76.3988', '76.0151', '74.6304']
    efficiency ('eff_bowl_motor'): 11 pts
      values: ['0.00', '52.70', '71.62', '76.33', '76.75', '77.27', '79.71', '76.66', '73.48', '68.87', '60.58']
    [STAGE NORM] 3-stage → dividing head & power by 3
      head BEFORE: ['252.83', '226.72', '218.05', '208.55', '206.27', '205.08', '189.23', '152.98', '135.75', '119.49', '97.16']
      head AFTER:  ['84.28', '75.57', '72.68', '69.52', '68.76', '68.36', '63.08', '50.99', '45.25', '39.83', '32.39']
      power BEFORE: ['33.8500', '44.0307', '60.8187', '67.1742', '68.0331', '68.5655', '73.0129', '76.3650', '76.3988', '76.0151', '74.6304']
      power AFTER:  ['11.2833', '14.6769', '20.2729', '22.3914', '22.6777', '22.8552', '24.3376', '25.4550', '25.4663', '25.3384', '24.8768']
    [AFFINITY]
      test_diameter:     8.9600
      baseline_diameter: 8.9600
      dia_ratio:         8.9600/8.9600 = 1.000000
      test_rpm:          1760.0
      baseline_rpm:      1775.0
      speed_ratio:       1775.0/1760.0 = 1.008523
      scaled_flow:  ['0.00', '409.48', '799.16', '983.63', '1012.70', '1033.46', '1230.45', '1530.89', '1654.50', '1752.74', '1861.70']
      scaled_head:  ['85.72', '76.87', '73.93', '70.71', '69.93', '69.53', '64.16', '51.87', '46.02', '40.51', '32.94']
      scaled_power: ['11.5743', '15.0554', '20.7957', '22.9688', '23.2625', '23.4445', '24.9652', '26.1114', '26.1230', '25.9918', '25.5183']
    [FINAL] plotted_flow:  [0.00 → 1861.70]
    [FINAL] plotted_head:  [85.72 → 32.94]
    [FINAL] plotted_power: [11.5743 → 25.5183]
    [FINAL] plotted_eff:   [0.00 → 60.58]

  ── [LOAD+SCALE] 99272206500010A1P ──
    trim=8.8800, stages=5, rpm=1760.0, filing='Fig1. To 0.03125'
    columns: ['curve_no', 'flow', 'speed', 'power_in', 'power_bowl_motor', 'power_bowl_dyno', 'power_pump_motor', 'power_pump_dyno', 'tdh_bowl', 'tdh_pump', 'eff_bowl_motor', 'eff_bowl_dyno', 'eff_pump_motor', 'eff_pump_dyno', 'eff_overall', 'npsha']
    rows: 11
    flow: 11 pts
      values: ['0.00', '594.86', '805.91', '970.03', '1005.58', '1021.71', '1197.10', '1355.08', '1504.16', '1598.32', '1705.61']
    head ('tdh_bowl'): 11 pts
      values: ['415.51', '360.59', '351.49', '334.77', '330.46', '328.15', '302.50', '272.32', '238.30', '213.77', '186.19']
    power ('power_bowl_dyno'): all zero/negative — trying fallback
    power FALLBACK ('power_bowl_motor'): 11 pts
      values: ['56.9658', '83.6865', '97.0342', '105.5591', '107.0263', '107.7728', '113.7017', '116.6692', '117.6151', '116.6398', '116.1012']
    efficiency ('eff_bowl_motor'): 11 pts
      values: ['0.00', '64.61', '73.59', '77.55', '78.27', '78.42', '80.29', '79.73', '76.83', '73.84', '68.95']
    [STAGE NORM] 5-stage → dividing head & power by 5
      head BEFORE: ['415.51', '360.59', '351.49', '334.77', '330.46', '328.15', '302.50', '272.32', '238.30', '213.77', '186.19']
      head AFTER:  ['83.10', '72.12', '70.30', '66.95', '66.09', '65.63', '60.50', '54.46', '47.66', '42.75', '37.24']
      power BEFORE: ['56.9658', '83.6865', '97.0342', '105.5591', '107.0263', '107.7728', '113.7017', '116.6692', '117.6151', '116.6398', '116.1012']
      power AFTER:  ['11.3932', '16.7373', '19.4068', '21.1118', '21.4053', '21.5546', '22.7403', '23.3338', '23.5230', '23.3280', '23.2202']
    [AFFINITY]
      test_diameter:     8.8800
      baseline_diameter: 8.9600
      dia_ratio:         8.9600/8.8800 = 1.009009
      test_rpm:          1760.0
      baseline_rpm:      1775.0
      speed_ratio:       1775.0/1760.0 = 1.008523
      scaled_flow:  ['0.00', '605.34', '820.10', '987.11', '1023.29', '1039.70', '1218.18', '1378.94', '1530.65', '1626.47', '1735.64']
      scaled_head:  ['86.05', '74.68', '72.79', '69.33', '68.44', '67.96', '62.65', '56.40', '49.35', '44.27', '38.56']
      scaled_power: ['12.0057', '17.6371', '20.4502', '22.2468', '22.5560', '22.7134', '23.9629', '24.5883', '24.7876', '24.5821', '24.4686']
    [FINAL] plotted_flow:  [0.00 → 1735.64]
    [FINAL] plotted_head:  [86.05 → 38.56]
    [FINAL] plotted_power: [12.0057 → 24.4686]
    [FINAL] plotted_eff:   [0.00 → 68.95]

  ── [LOAD+SCALE] 99272174140010A1P ──
    trim=8.9600, stages=4, rpm=1785.0, filing='Fig1. To 0.03125'
    columns: ['curve_no', 'flow', 'speed', 'power_in', 'power_bowl_motor', 'power_bowl_dyno', 'power_pump_motor', 'power_pump_dyno', 'tdh_bowl', 'tdh_pump', 'eff_bowl_motor', 'eff_bowl_dyno', 'eff_pump_motor', 'eff_pump_dyno', 'eff_overall', 'npsha']
    rows: 13
    flow: 13 pts
      values: ['0.00', '442.79', '689.53', '863.93', '1077.80', '1100.81', '1105.01', '1118.25', '1276.44', '1492.74', '1674.99', '1815.45', '1858.71']
    head ('tdh_bowl'): 13 pts
      values: ['344.04', '308.98', '303.02', '296.15', '278.10', '275.52', '275.02', '273.68', '254.70', '218.57', '186.03', '152.94', '111.67']
    power ('power_bowl_dyno'): all zero/negative — trying fallback
    power FALLBACK ('power_bowl_motor'): 13 pts
      values: ['44.7286', '61.1757', '75.9879', '85.8353', '94.6785', '95.3040', '95.5527', '96.0065', '99.9383', '102.7783', '102.5046', '101.5657', '94.9484']
    efficiency ('eff_bowl_motor'): 13 pts
      values: ['0.00', '56.46', '69.42', '75.25', '79.92', '80.34', '80.29', '80.47', '82.13', '80.14', '76.74', '69.01', '55.19']
    [STAGE NORM] 4-stage → dividing head & power by 4
      head BEFORE: ['344.04', '308.98', '303.02', '296.15', '278.10', '275.52', '275.02', '273.68', '254.70', '218.57', '186.03', '152.94', '111.67']
      head AFTER:  ['86.01', '77.25', '75.75', '74.04', '69.52', '68.88', '68.76', '68.42', '63.68', '54.64', '46.51', '38.23', '27.92']
      power BEFORE: ['44.7286', '61.1757', '75.9879', '85.8353', '94.6785', '95.3040', '95.5527', '96.0065', '99.9383', '102.7783', '102.5046', '101.5657', '94.9484']
      power AFTER:  ['11.1821', '15.2939', '18.9970', '21.4588', '23.6696', '23.8260', '23.8882', '24.0016', '24.9846', '25.6946', '25.6261', '25.3914', '23.7371']
    [AFFINITY]
      test_diameter:     8.9600
      baseline_diameter: 8.9600
      dia_ratio:         8.9600/8.9600 = 1.000000
      test_rpm:          1785.0
      baseline_rpm:      1775.0
      speed_ratio:       1775.0/1785.0 = 0.994398
      scaled_flow:  ['0.00', '440.31', '685.67', '859.09', '1071.76', '1094.64', '1098.82', '1111.98', '1269.29', '1484.38', '1665.61', '1805.28', '1848.29']
      scaled_head:  ['85.05', '76.38', '74.91', '73.21', '68.75', '68.11', '67.99', '67.65', '62.96', '54.03', '45.99', '37.81', '27.60']
      scaled_power: ['10.9953', '15.0383', '18.6795', '21.1002', '23.2740', '23.4278', '23.4889', '23.6005', '24.5670', '25.2652', '25.1979', '24.9671', '23.3404']
    [FINAL] plotted_flow:  [0.00 → 1848.29]
    [FINAL] plotted_head:  [85.05 → 27.60]
    [FINAL] plotted_power: [10.9953 → 23.3404]
    [FINAL] plotted_eff:   [0.00 → 55.19]

  ── [LOAD+SCALE] 99272230080010A1P ──
    trim=8.9600, stages=5, rpm=1760.0, filing='Fig1. To 0.03125'
    columns: ['curve_no', 'flow', 'speed', 'power_in', 'power_bowl_motor', 'power_bowl_dyno', 'power_pump_motor', 'power_pump_dyno', 'tdh_bowl', 'tdh_pump', 'eff_bowl_motor', 'eff_bowl_dyno', 'eff_pump_motor', 'eff_pump_dyno', 'eff_overall', 'npsha']
    rows: 11
    flow: 11 pts
      values: ['0.00', '615.43', '790.55', '976.59', '1004.35', '1028.76', '1218.10', '1405.69', '1496.65', '1644.95', '1769.65']
    head ('tdh_bowl'): 11 pts
      values: ['425.85', '368.99', '362.25', '345.61', '342.52', '339.17', '312.75', '275.28', '253.86', '216.23', '182.59']
    power ('power_bowl_dyno'): all zero/negative — trying fallback
    power FALLBACK ('power_bowl_motor'): 11 pts
      values: ['58.5221', '88.1626', '100.0318', '110.5385', '111.8462', '112.9296', '119.9334', '123.4318', '123.8896', '123.3318', '122.2121']
    efficiency ('eff_bowl_motor'): 11 pts
      values: ['0.00', '64.93', '72.17', '76.97', '77.54', '77.89', '80.07', '79.03', '77.31', '72.70', '66.65']
    [STAGE NORM] 5-stage → dividing head & power by 5
      head BEFORE: ['425.85', '368.99', '362.25', '345.61', '342.52', '339.17', '312.75', '275.28', '253.86', '216.23', '182.59']
      head AFTER:  ['85.17', '73.80', '72.45', '69.12', '68.50', '67.83', '62.55', '55.06', '50.77', '43.25', '36.52']
      power BEFORE: ['58.5221', '88.1626', '100.0318', '110.5385', '111.8462', '112.9296', '119.9334', '123.4318', '123.8896', '123.3318', '122.2121']
      power AFTER:  ['11.7044', '17.6325', '20.0064', '22.1077', '22.3692', '22.5859', '23.9867', '24.6864', '24.7779', '24.6664', '24.4424']
    [AFFINITY]
      test_diameter:     8.9600
      baseline_diameter: 8.9600
      dia_ratio:         8.9600/8.9600 = 1.000000
      test_rpm:          1760.0
      baseline_rpm:      1775.0
      speed_ratio:       1775.0/1760.0 = 1.008523
      scaled_flow:  ['0.00', '620.68', '797.29', '984.91', '1012.91', '1037.53', '1228.48', '1417.67', '1509.41', '1658.97', '1784.74']
      scaled_head:  ['86.63', '75.06', '73.69', '70.30', '69.68', '69.00', '63.62', '56.00', '51.64', '43.99', '37.14']
      scaled_power: ['12.0062', '18.0872', '20.5223', '22.6778', '22.9461', '23.1683', '24.6052', '25.3229', '25.4169', '25.3024', '25.0727']
    [FINAL] plotted_flow:  [0.00 → 1784.74]
    [FINAL] plotted_head:  [86.63 → 37.14]
    [FINAL] plotted_power: [12.0062 → 25.0727]
    [FINAL] plotted_eff:   [0.00 → 66.65]

  ── Group: PX baseline=8.6425, 115 tests, affinity=True ──

  ── [LOAD+SCALE] 99272093690010A1P ──
    trim=8.6400, stages=4, rpm=1760.0, filing='Fig1. To 0.03125'
    columns: ['curve_no', 'flow', 'speed', 'power_in', 'power_bowl_motor', 'power_bowl_dyno', 'power_pump_motor', 'power_pump_dyno', 'tdh_bowl', 'tdh_pump', 'eff_bowl_motor', 'eff_bowl_dyno', 'eff_pump_motor', 'eff_pump_dyno', 'eff_overall', 'npsha']
    rows: 10
    flow: 10 pts
      values: ['20.30', '602.00', '798.22', '956.27', '1002.85', '1041.67', '1200.09', '1517.59', '1623.31', '1727.78']
    head ('tdh_bowl'): 10 pts
      values: ['319.15', '276.70', '268.89', '256.62', '252.48', '248.58', '230.09', '178.96', '157.91', '134.08']
    power ('power_bowl_dyno'): all zero/negative — trying fallback
    power FALLBACK ('power_bowl_motor'): 10 pts
      values: ['43.3070', '65.1624', '74.0656', '79.4335', '80.6398', '81.4841', '85.0640', '86.5193', '85.4494', '83.9374']
    efficiency ('eff_bowl_motor'): 10 pts
      values: ['3.77', '64.44', '73.05', '77.88', '79.15', '80.11', '81.83', '79.13', '75.62', '69.58']
    [STAGE NORM] 4-stage → dividing head & power by 4
      head BEFORE: ['319.15', '276.70', '268.89', '256.62', '252.48', '248.58', '230.09', '178.96', '157.91', '134.08']
      head AFTER:  ['79.79', '69.18', '67.22', '64.16', '63.12', '62.14', '57.52', '44.74', '39.48', '33.52']
      power BEFORE: ['43.3070', '65.1624', '74.0656', '79.4335', '80.6398', '81.4841', '85.0640', '86.5193', '85.4494', '83.9374']
      power AFTER:  ['10.8268', '16.2906', '18.5164', '19.8584', '20.1599', '20.3710', '21.2660', '21.6298', '21.3623', '20.9843']
    [AFFINITY]
      test_diameter:     8.6400
      baseline_diameter: 8.6425
      dia_ratio:         8.6425/8.6400 = 1.000289
      test_rpm:          1760.0
      baseline_rpm:      1775.0
      speed_ratio:       1775.0/1760.0 = 1.008523
      scaled_flow:  ['20.48', '607.31', '805.26', '964.70', '1011.68', '1050.85', '1210.66', '1530.97', '1637.62', '1743.01']
      scaled_head:  ['81.20', '70.40', '68.41', '65.29', '64.24', '63.24', '58.54', '45.53', '40.18', '34.11']
      scaled_power: ['11.1156', '16.7252', '19.0104', '20.3881', '20.6978', '20.9145', '21.8333', '22.2069', '21.9322', '21.5442']
    [FINAL] plotted_flow:  [20.48 → 1743.01]
    [FINAL] plotted_head:  [81.20 → 34.11]
    [FINAL] plotted_power: [11.1156 → 21.5442]
    [FINAL] plotted_eff:   [3.77 → 69.58]

  ── [LOAD+SCALE] 99272088080010A1P ──
    trim=8.6000, stages=3, rpm=1760.0, filing='Fig1. To 0.03125'
    columns: ['curve_no', 'flow', 'speed', 'power_in', 'power_bowl_motor', 'power_bowl_dyno', 'power_pump_motor', 'power_pump_dyno', 'tdh_bowl', 'tdh_pump', 'eff_bowl_motor', 'eff_bowl_dyno', 'eff_pump_motor', 'eff_pump_dyno', 'eff_overall', 'npsha']
    rows: 10
    flow: 10 pts
      values: ['13.74', '588.28', '805.31', '961.33', '990.60', '1023.91', '1230.60', '1506.48', '1621.32', '1742.46']
    head ('tdh_bowl'): 10 pts
      values: ['239.64', '206.92', '200.62', '191.13', '188.75', '186.35', '167.38', '133.30', '116.27', '96.01']
    power ('power_bowl_dyno'): all zero/negative — trying fallback
    power FALLBACK ('power_bowl_motor'): 10 pts
      values: ['32.3124', '47.7079', '55.0407', '59.2451', '59.9033', '60.5579', '63.8745', '64.7943', '63.9143', '62.5151']
    efficiency ('eff_bowl_motor'): 10 pts
      values: ['2.57', '64.32', '74.00', '78.18', '78.69', '79.43', '81.29', '78.13', '74.35', '67.46']
    [STAGE NORM] 3-stage → dividing head & power by 3
      head BEFORE: ['239.64', '206.92', '200.62', '191.13', '188.75', '186.35', '167.38', '133.30', '116.27', '96.01']
      head AFTER:  ['79.88', '68.97', '66.87', '63.71', '62.92', '62.12', '55.79', '44.43', '38.76', '32.00']
      power BEFORE: ['32.3124', '47.7079', '55.0407', '59.2451', '59.9033', '60.5579', '63.8745', '64.7943', '63.9143', '62.5151']
      power AFTER:  ['10.7708', '15.9026', '18.3469', '19.7484', '19.9678', '20.1860', '21.2915', '21.5981', '21.3048', '20.8384']
    [AFFINITY]
      test_diameter:     8.6000
      baseline_diameter: 8.6425
      dia_ratio:         8.6425/8.6000 = 1.004942
      test_rpm:          1760.0
      baseline_rpm:      1775.0
      speed_ratio:       1775.0/1760.0 = 1.008523
      scaled_flow:  ['13.93', '596.23', '816.19', '974.32', '1003.98', '1037.74', '1247.22', '1526.83', '1643.22', '1765.99']
      scaled_head:  ['82.05', '70.85', '68.69', '65.44', '64.63', '63.81', '57.31', '45.64', '39.81', '32.87']
      scaled_power: ['11.2132', '16.5557', '19.1004', '20.5594', '20.7879', '21.0150', '22.1659', '22.4851', '22.1797', '21.6942']
    [FINAL] plotted_flow:  [13.93 → 1765.99]
    [FINAL] plotted_head:  [82.05 → 32.87]
    [FINAL] plotted_power: [11.2132 → 21.6942]
    [FINAL] plotted_eff:   [2.57 → 67.46]

  ── [LOAD+SCALE] 99272076300010A1P ──
    trim=8.7600, stages=4, rpm=1760.0, filing='Fig1. To 0.03125'
    columns: ['curve_no', 'flow', 'speed', 'power_in', 'power_bowl_motor', 'power_bowl_dyno', 'power_pump_motor', 'power_pump_dyno', 'tdh_bowl', 'tdh_pump', 'eff_bowl_motor', 'eff_bowl_dyno', 'eff_pump_motor', 'eff_pump_dyno', 'eff_overall', 'npsha']
    rows: 10
    flow: 10 pts
      values: ['18.79', '594.44', '790.22', '950.60', '989.86', '995.19', '1031.11', '1196.38', '1509.90', '1602.26']
    head ('tdh_bowl'): 10 pts
      values: ['309.29', '272.26', '264.90', '252.38', '249.06', '248.35', '244.55', '224.77', '175.21', '156.97']
    power ('power_bowl_dyno'): all zero/negative — trying fallback
    power FALLBACK ('power_bowl_motor'): 10 pts
      values: ['40.7623', '62.9942', '71.7497', '77.4047', '78.5662', '78.7121', '79.6748', '82.8578', '84.3611', '82.9870']
    efficiency ('eff_bowl_motor'): 10 pts
      values: ['3.59', '64.77', '73.55', '78.13', '79.10', '79.15', '79.78', '81.81', '79.05', '76.40']
    [STAGE NORM] 4-stage → dividing head & power by 4
      head BEFORE: ['309.29', '272.26', '264.90', '252.38', '249.06', '248.35', '244.55', '224.77', '175.21', '156.97']
      head AFTER:  ['77.32', '68.06', '66.22', '63.09', '62.26', '62.09', '61.14', '56.19', '43.80', '39.24']
      power BEFORE: ['40.7623', '62.9942', '71.7497', '77.4047', '78.5662', '78.7121', '79.6748', '82.8578', '84.3611', '82.9870']
      power AFTER:  ['10.1906', '15.7485', '17.9374', '19.3512', '19.6416', '19.6780', '19.9187', '20.7144', '21.0903', '20.7467']
    [AFFINITY]
      test_diameter:     8.7600
      baseline_diameter: 8.6425
      dia_ratio:         8.6425/8.7600 = 0.986587
      test_rpm:          1760.0
      baseline_rpm:      1775.0
      speed_ratio:       1775.0/1760.0 = 1.008523
      scaled_flow:  ['18.69', '591.47', '786.26', '945.84', '984.91', '990.21', '1025.95', '1190.40', '1502.34', '1594.24']
      scaled_head:  ['76.55', '67.39', '65.56', '62.46', '61.64', '61.47', '60.53', '55.63', '43.37', '38.85']
      scaled_power: ['10.0383', '15.5133', '17.6694', '19.0621', '19.3481', '19.3840', '19.6211', '20.4050', '20.7752', '20.4368']
    [FINAL] plotted_flow:  [18.69 → 1594.24]
    [FINAL] plotted_head:  [76.55 → 38.85]
    [FINAL] plotted_power: [10.0383 → 20.4368]
    [FINAL] plotted_eff:   [3.59 → 76.40]

  ── [LOAD+SCALE] 99272056010010A1P ──
    trim=8.6200, stages=5, rpm=1760.0, filing='Fig1. To 0.03125'
    columns: ['curve_no', 'flow', 'speed', 'power_in', 'power_bowl_motor', 'power_bowl_dyno', 'power_pump_motor', 'power_pump_dyno', 'tdh_bowl', 'tdh_pump', 'eff_bowl_motor', 'eff_bowl_dyno', 'eff_pump_motor', 'eff_pump_dyno', 'eff_overall', 'npsha']
    rows: 12
    flow: 12 pts
      values: ['0.00', '576.32', '787.95', '955.48', '995.41', '1035.31', '1191.09', '1385.26', '1516.44', '1606.91', '1709.33', '1709.33']
    head ('tdh_bowl'): 12 pts
      values: ['384.65', '341.41', '330.26', '309.67', '303.70', '296.44', '266.87', '222.05', '186.88', '156.35', '120.85', '120.85']
    power ('power_bowl_dyno'): all zero/negative — trying fallback
    power FALLBACK ('power_bowl_motor'): 12 pts
      values: ['45.7306', '74.9771', '86.4780', '93.1053', '94.2512', '95.1695', '97.7048', '98.9144', '97.3073', '94.2283', '91.1968', '91.1968']
    efficiency ('eff_bowl_motor'): 12 pts
      values: ['0.00', '66.16', '75.86', '80.11', '80.86', '81.29', '82.01', '78.39', '73.42', '67.22', '57.10', '57.10']
    [STAGE NORM] 5-stage → dividing head & power by 5
      head BEFORE: ['384.65', '341.41', '330.26', '309.67', '303.70', '296.44', '266.87', '222.05', '186.88', '156.35', '120.85', '120.85']
      head AFTER:  ['76.93', '68.28', '66.05', '61.93', '60.74', '59.29', '53.37', '44.41', '37.38', '31.27', '24.17', '24.17']
      power BEFORE: ['45.7306', '74.9771', '86.4780', '93.1053', '94.2512', '95.1695', '97.7048', '98.9144', '97.3073', '94.2283', '91.1968', '91.1968']
      power AFTER:  ['9.1461', '14.9954', '17.2956', '18.6211', '18.8502', '19.0339', '19.5410', '19.7829', '19.4615', '18.8457', '18.2394', '18.2394']
    [AFFINITY]
      test_diameter:     8.6200
      baseline_diameter: 8.6425
      dia_ratio:         8.6425/8.6200 = 1.002610
      test_rpm:          1760.0
      baseline_rpm:      1775.0
      speed_ratio:       1775.0/1760.0 = 1.008523
      scaled_flow:  ['0.00', '582.75', '796.74', '966.14', '1006.52', '1046.86', '1204.38', '1400.71', '1533.36', '1624.84', '1728.40', '1728.40']
      scaled_head:  ['78.66', '69.81', '67.53', '63.32', '62.10', '60.62', '54.57', '45.41', '38.21', '31.97', '24.71', '24.71']
      scaled_power: ['9.4556', '15.5029', '17.8809', '19.2512', '19.4881', '19.6780', '20.2022', '20.4523', '20.1200', '19.4834', '18.8566', '18.8566']
    [FINAL] plotted_flow:  [0.00 → 1728.40]
    [FINAL] plotted_head:  [78.66 → 24.71]
    [FINAL] plotted_power: [9.4556 → 18.8566]
    [FINAL] plotted_eff:   [0.00 → 57.10]

  ── [LOAD+SCALE] 99272052860010A1P ──
    trim=8.7400, stages=5, rpm=1760.0, filing='Fig1. To 0.03125'
    columns: ['curve_no', 'flow', 'speed', 'power_in', 'power_bowl_motor', 'power_bowl_dyno', 'power_pump_motor', 'power_pump_dyno', 'tdh_bowl', 'tdh_pump', 'eff_bowl_motor', 'eff_bowl_dyno', 'eff_pump_motor', 'eff_pump_dyno', 'eff_overall', 'npsha']
    rows: 11
    flow: 11 pts
      values: ['0.00', '589.75', '800.93', '961.38', '996.96', '1019.02', '1201.95', '1499.08', '1524.40', '1614.08', '1730.49']
    head ('tdh_bowl'): 11 pts
      values: ['423.48', '368.50', '359.36', '345.68', '341.49', '339.02', '310.40', '246.61', '240.76', '218.29', '185.09']
    power ('power_bowl_dyno'): all zero/negative — trying fallback
    power FALLBACK ('power_bowl_motor'): 11 pts
      values: ['55.4245', '84.2491', '97.3990', '106.0144', '107.4752', '108.1565', '114.2509', '117.9629', '117.9887', '117.5435', '116.1327']
    efficiency ('eff_bowl_motor'): 11 pts
      values: ['0.00', '65.03', '74.49', '79.02', '79.85', '80.52', '82.32', '79.00', '78.42', '75.56', '69.53']
    [STAGE NORM] 5-stage → dividing head & power by 5
      head BEFORE: ['423.48', '368.50', '359.36', '345.68', '341.49', '339.02', '310.40', '246.61', '240.76', '218.29', '185.09']
      head AFTER:  ['84.70', '73.70', '71.87', '69.14', '68.30', '67.80', '62.08', '49.32', '48.15', '43.66', '37.02']
      power BEFORE: ['55.4245', '84.2491', '97.3990', '106.0144', '107.4752', '108.1565', '114.2509', '117.9629', '117.9887', '117.5435', '116.1327']
      power AFTER:  ['11.0849', '16.8498', '19.4798', '21.2029', '21.4950', '21.6313', '22.8502', '23.5926', '23.5977', '23.5087', '23.2265']
    [AFFINITY]
      test_diameter:     8.7400
      baseline_diameter: 8.6425
      dia_ratio:         8.6425/8.7400 = 0.988844
      test_rpm:          1760.0
      baseline_rpm:      1775.0
      speed_ratio:       1775.0/1760.0 = 1.008523
      scaled_flow:  ['0.00', '588.15', '798.74', '958.75', '994.24', '1016.24', '1198.67', '1494.99', '1520.24', '1609.67', '1725.77']
      scaled_head:  ['84.24', '73.30', '71.48', '68.76', '67.93', '67.43', '61.74', '49.05', '47.89', '43.42', '36.82']
      scaled_power: ['10.9944', '16.7123', '19.3208', '21.0298', '21.3196', '21.4548', '22.6637', '23.4000', '23.4051', '23.3168', '23.0370']
    [FINAL] plotted_flow:  [0.00 → 1725.77]
    [FINAL] plotted_head:  [84.24 → 36.82]
    [FINAL] plotted_power: [10.9944 → 23.0370]
    [FINAL] plotted_eff:   [0.00 → 69.53]

  ── [LOAD+SCALE] 99272046600010A1P ──
    trim=8.6000, stages=3, rpm=1760.0, filing='Fig1. To 0.03125'
    columns: ['curve_no', 'flow', 'speed', 'power_in', 'power_bowl_motor', 'power_bowl_dyno', 'power_pump_motor', 'power_pump_dyno', 'tdh_bowl', 'tdh_pump', 'eff_bowl_motor', 'eff_bowl_dyno', 'eff_pump_motor', 'eff_pump_dyno', 'eff_overall', 'npsha']
    rows: 9
    flow: 9 pts
      values: ['0.52', '391.06', '769.87', '952.18', '992.61', '1018.15', '1196.61', '1509.49', '1607.03']
    head ('tdh_bowl'): 9 pts
      values: ['233.54', '208.95', '197.17', '183.35', '179.53', '176.39', '153.95', '105.54', '85.86']
    power ('power_bowl_dyno'): all zero/negative — trying fallback
    power FALLBACK ('power_bowl_motor'): 9 pts
      values: ['29.6637', '39.2045', '52.7746', '57.0495', '57.5895', '57.9670', '59.8666', '58.9898', '57.1379']
    efficiency ('eff_bowl_motor'): 9 pts
      values: ['0.10', '52.54', '72.51', '77.14', '78.01', '78.10', '77.57', '68.08', '60.87']
    [STAGE NORM] 3-stage → dividing head & power by 3
      head BEFORE: ['233.54', '208.95', '197.17', '183.35', '179.53', '176.39', '153.95', '105.54', '85.86']
      head AFTER:  ['77.85', '69.65', '65.72', '61.12', '59.84', '58.80', '51.32', '35.18', '28.62']
      power BEFORE: ['29.6637', '39.2045', '52.7746', '57.0495', '57.5895', '57.9670', '59.8666', '58.9898', '57.1379']
      power AFTER:  ['9.8879', '13.0682', '17.5915', '19.0165', '19.1965', '19.3223', '19.9555', '19.6633', '19.0460']
    [AFFINITY]
      test_diameter:     8.6000
      baseline_diameter: 8.6425
      dia_ratio:         8.6425/8.6000 = 1.004942
      test_rpm:          1760.0
      baseline_rpm:      1775.0
      speed_ratio:       1775.0/1760.0 = 1.008523
      scaled_flow:  ['0.52', '396.34', '780.27', '965.04', '1006.01', '1031.90', '1212.77', '1529.88', '1628.73']
      scaled_head:  ['79.96', '71.54', '67.51', '62.78', '61.47', '60.40', '52.71', '36.14', '29.40']
      scaled_power: ['10.2940', '13.6049', '18.3140', '19.7975', '19.9849', '20.1159', '20.7751', '20.4708', '19.8282']
    [FINAL] plotted_flow:  [0.52 → 1628.73]
    [FINAL] plotted_head:  [79.96 → 29.40]
    [FINAL] plotted_power: [10.2940 → 19.8282]
    [FINAL] plotted_eff:   [0.10 → 60.87]

  ── [LOAD+SCALE] 99272033440010A1P ──
    trim=8.6600, stages=5, rpm=1760.0, filing='Fig1. To 0.03125'
    columns: ['curve_no', 'flow', 'speed', 'power_in', 'power_bowl_motor', 'power_bowl_dyno', 'power_pump_motor', 'power_pump_dyno', 'tdh_bowl', 'tdh_pump', 'eff_bowl_motor', 'eff_bowl_dyno', 'eff_pump_motor', 'eff_pump_dyno', 'eff_overall', 'npsha']
    rows: 10
    flow: 10 pts
      values: ['13.23', '408.84', '799.07', '963.44', '993.23', '1036.14', '1243.52', '1500.01', '1609.97', '1720.19']
    head ('tdh_bowl'): 10 pts
      values: ['404.64', '361.54', '344.38', '325.75', '321.20', '314.06', '271.24', '203.88', '169.61', '129.15']
    power ('power_bowl_dyno'): all zero/negative — trying fallback
    power FALLBACK ('power_bowl_motor'): 10 pts
      values: ['51.8971', '69.8425', '96.7982', '104.3294', '105.4661', '106.7847', '110.3784', '110.0288', '107.4833', '103.6755']
    efficiency ('eff_bowl_motor'): 10 pts
      values: ['2.60', '53.35', '71.67', '75.83', '76.25', '76.82', '77.03', '70.07', '64.04', '54.02']
    [STAGE NORM] 5-stage → dividing head & power by 5
      head BEFORE: ['404.64', '361.54', '344.38', '325.75', '321.20', '314.06', '271.24', '203.88', '169.61', '129.15']
      head AFTER:  ['80.93', '72.31', '68.88', '65.15', '64.24', '62.81', '54.25', '40.78', '33.92', '25.83']
      power BEFORE: ['51.8971', '69.8425', '96.7982', '104.3294', '105.4661', '106.7847', '110.3784', '110.0288', '107.4833', '103.6755']
      power AFTER:  ['10.3794', '13.9685', '19.3596', '20.8659', '21.0932', '21.3569', '22.0757', '22.0058', '21.4967', '20.7351']
    [AFFINITY]
      test_diameter:     8.6600
      baseline_diameter: 8.6425
      dia_ratio:         8.6425/8.6600 = 0.997979
      test_rpm:          1760.0
      baseline_rpm:      1775.0
      speed_ratio:       1775.0/1760.0 = 1.008523
      scaled_flow:  ['13.31', '411.49', '804.25', '969.69', '999.67', '1042.86', '1251.59', '1509.74', '1620.41', '1731.34']
      scaled_head:  ['81.98', '73.25', '69.77', '66.00', '65.08', '63.63', '54.95', '41.31', '34.36', '26.17']
      scaled_power: ['10.5827', '14.2420', '19.7387', '21.2744', '21.5062', '21.7751', '22.5079', '22.4366', '21.9176', '21.1411']
    [FINAL] plotted_flow:  [13.31 → 1731.34]
    [FINAL] plotted_head:  [81.98 → 26.17]
    [FINAL] plotted_power: [10.5827 → 21.1411]
    [FINAL] plotted_eff:   [2.60 → 54.02]

  ── [LOAD+SCALE] 99271958330010A1P ──
    trim=8.6880, stages=5, rpm=1760.0, filing='Fig.1 to 0.03'
    columns: ['curve_no', 'flow', 'speed', 'power_in', 'power_bowl_motor', 'power_bowl_dyno', 'power_pump_motor', 'power_pump_dyno', 'tdh_bowl', 'tdh_pump', 'eff_bowl_motor', 'eff_bowl_dyno', 'eff_pump_motor', 'eff_pump_dyno', 'eff_overall', 'npsha']
    rows: 14
    flow: 14 pts
      values: ['0.70', '391.98', '593.58', '825.54', '976.67', '995.52', '1031.31', '1182.08', '1326.29', '1498.66', '1515.11', '1610.59', '1707.28', '1707.28']
    head ('tdh_bowl'): 14 pts
      values: ['399.86', '358.76', '349.24', '334.79', '316.31', '313.17', '307.80', '279.71', '244.43', '197.78', '191.96', '163.99', '128.78', '128.78']
    power ('power_bowl_dyno'): all zero/negative — trying fallback
    power FALLBACK ('power_bowl_motor'): 14 pts
      values: ['50.3040', '67.6891', '81.2675', '95.5853', '102.7193', '103.4292', '104.6672', '108.3696', '109.0486', '108.0434', '107.9194', '106.3592', '103.3514', '103.3514']
    efficiency ('eff_bowl_motor'): 14 pts
      values: ['0.14', '52.37', '64.30', '72.89', '75.82', '75.99', '76.45', '76.91', '74.94', '69.16', '67.94', '62.60', '53.63', '53.63']
    [STAGE NORM] 5-stage → dividing head & power by 5
      head BEFORE: ['399.86', '358.76', '349.24', '334.79', '316.31', '313.17', '307.80', '279.71', '244.43', '197.78', '191.96', '163.99', '128.78', '128.78']
      head AFTER:  ['79.97', '71.75', '69.85', '66.96', '63.26', '62.63', '61.56', '55.94', '48.89', '39.56', '38.39', '32.80', '25.76', '25.76']
      power BEFORE: ['50.3040', '67.6891', '81.2675', '95.5853', '102.7193', '103.4292', '104.6672', '108.3696', '109.0486', '108.0434', '107.9194', '106.3592', '103.3514', '103.3514']
      power AFTER:  ['10.0608', '13.5378', '16.2535', '19.1171', '20.5439', '20.6858', '20.9334', '21.6739', '21.8097', '21.6087', '21.5839', '21.2718', '20.6703', '20.6703']
    [AFFINITY]
      test_diameter:     8.6880
      baseline_diameter: 8.6425
      dia_ratio:         8.6425/8.6880 = 0.994763
      test_rpm:          1760.0
      baseline_rpm:      1775.0
      speed_ratio:       1775.0/1760.0 = 1.008523
      scaled_flow:  ['0.71', '393.26', '595.50', '828.22', '979.83', '998.75', '1034.65', '1185.92', '1330.59', '1503.52', '1520.02', '1615.81', '1712.81', '1712.81']
      scaled_head:  ['80.49', '72.22', '70.30', '67.39', '63.67', '63.04', '61.96', '56.31', '49.20', '39.81', '38.64', '33.01', '25.92', '25.92']
      scaled_power: ['10.1589', '13.6699', '16.4120', '19.3035', '20.7443', '20.8876', '21.1376', '21.8853', '22.0225', '21.8195', '21.7944', '21.4793', '20.8719', '20.8719']
    [FINAL] plotted_flow:  [0.71 → 1712.81]
    [FINAL] plotted_head:  [80.49 → 25.92]
    [FINAL] plotted_power: [10.1589 → 20.8719]
    [FINAL] plotted_eff:   [0.14 → 53.63]

  ── [LOAD+SCALE] 99271964520010A1P ──
    trim=8.6520, stages=5, rpm=1760.0, filing='Fig.1 to 0.03'
    columns: ['curve_no', 'flow', 'speed', 'power_in', 'power_bowl_motor', 'power_bowl_dyno', 'power_pump_motor', 'power_pump_dyno', 'tdh_bowl', 'tdh_pump', 'eff_bowl_motor', 'eff_bowl_dyno', 'eff_pump_motor', 'eff_pump_dyno', 'eff_overall', 'npsha']
    rows: 11
    flow: 11 pts
      values: ['0.98', '397.17', '600.62', '804.48', '951.76', '1003.18', '1040.23', '1181.73', '1339.43', '1508.39', '1587.03']
    head ('tdh_bowl'): 11 pts
      values: ['399.41', '355.84', '346.87', '333.48', '315.57', '306.95', '300.65', '271.47', '231.35', '181.16', '157.85']
    power ('power_bowl_dyno'): all zero/negative — trying fallback
    power FALLBACK ('power_bowl_motor'): 11 pts
      values: ['50.8812', '68.3698', '81.8151', '93.5630', '100.1471', '102.0327', '102.8906', '105.7939', '106.1652', '103.5147', '101.8206']
    efficiency ('eff_bowl_motor'): 11 pts
      values: ['0.19', '52.11', '64.19', '72.28', '75.60', '76.08', '76.62', '76.44', '73.58', '66.55', '62.02']
    [STAGE NORM] 5-stage → dividing head & power by 5
      head BEFORE: ['399.41', '355.84', '346.87', '333.48', '315.57', '306.95', '300.65', '271.47', '231.35', '181.16', '157.85']
      head AFTER:  ['79.88', '71.17', '69.37', '66.70', '63.11', '61.39', '60.13', '54.29', '46.27', '36.23', '31.57']
      power BEFORE: ['50.8812', '68.3698', '81.8151', '93.5630', '100.1471', '102.0327', '102.8906', '105.7939', '106.1652', '103.5147', '101.8206']
      power AFTER:  ['10.1762', '13.6740', '16.3630', '18.7126', '20.0294', '20.4065', '20.5781', '21.1588', '21.2330', '20.7029', '20.3641']
    [AFFINITY]
      test_diameter:     8.6520
      baseline_diameter: 8.6425
      dia_ratio:         8.6425/8.6520 = 0.998902
      test_rpm:          1760.0
      baseline_rpm:      1775.0
      speed_ratio:       1775.0/1760.0 = 1.008523
      scaled_flow:  ['0.99', '400.11', '605.08', '810.44', '958.82', '1010.62', '1047.94', '1190.49', '1349.37', '1519.58', '1598.80']
      scaled_head:  ['81.07', '72.23', '70.41', '67.69', '64.05', '62.30', '61.03', '55.10', '46.96', '36.77', '32.04']
      scaled_power: ['10.4043', '13.9804', '16.7297', '19.1320', '20.4783', '20.8639', '21.0393', '21.6330', '21.7089', '21.1669', '20.8205']
    [FINAL] plotted_flow:  [0.99 → 1598.80]
    [FINAL] plotted_head:  [81.07 → 32.04]
    [FINAL] plotted_power: [10.4043 → 20.8205]
    [FINAL] plotted_eff:   [0.19 → 62.02]

  ── [LOAD+SCALE] 99271959350010A1P ──
    trim=8.5700, stages=4, rpm=1760.0, filing='Fig.1 to 0.03'
    columns: ['curve_no', 'flow', 'speed', 'power_in', 'power_bowl_motor', 'power_bowl_dyno', 'power_pump_motor', 'power_pump_dyno', 'tdh_bowl', 'tdh_pump', 'eff_bowl_motor', 'eff_bowl_dyno', 'eff_pump_motor', 'eff_pump_dyno', 'eff_overall', 'npsha']
    rows: 11
    flow: 11 pts
      values: ['0.82', '395.23', '604.97', '806.47', '959.20', '999.01', '1044.40', '1197.40', '1360.64', '1509.37', '1624.55']
    head ('tdh_bowl'): 11 pts
      values: ['312.20', '277.20', '269.66', '260.08', '244.20', '238.63', '232.14', '208.00', '177.74', '142.70', '112.22']
    power ('power_bowl_dyno'): all zero/negative — trying fallback
    power FALLBACK ('power_bowl_motor'): 11 pts
      values: ['39.4000', '52.5777', '63.4580', '72.5438', '77.4623', '78.2294', '79.0974', '81.0091', '81.7481', '79.6294', '76.8627']
    efficiency ('eff_bowl_motor'): 11 pts
      values: ['0.16', '52.53', '64.81', '72.89', '76.23', '76.82', '77.27', '77.50', '74.58', '68.19', '59.79']
    [STAGE NORM] 4-stage → dividing head & power by 4
      head BEFORE: ['312.20', '277.20', '269.66', '260.08', '244.20', '238.63', '232.14', '208.00', '177.74', '142.70', '112.22']
      head AFTER:  ['78.05', '69.30', '67.41', '65.02', '61.05', '59.66', '58.03', '52.00', '44.43', '35.67', '28.05']
      power BEFORE: ['39.4000', '52.5777', '63.4580', '72.5438', '77.4623', '78.2294', '79.0974', '81.0091', '81.7481', '79.6294', '76.8627']
      power AFTER:  ['9.8500', '13.1444', '15.8645', '18.1360', '19.3656', '19.5574', '19.7744', '20.2523', '20.4370', '19.9073', '19.2157']
    [AFFINITY]
      test_diameter:     8.5700
      baseline_diameter: 8.6425
      dia_ratio:         8.6425/8.5700 = 1.008460
      test_rpm:          1760.0
      baseline_rpm:      1775.0
      speed_ratio:       1775.0/1760.0 = 1.008523
      scaled_flow:  ['0.83', '401.97', '615.29', '820.23', '975.56', '1016.05', '1062.21', '1217.82', '1383.85', '1535.12', '1652.26']
      scaled_head:  ['80.73', '71.68', '69.73', '67.26', '63.15', '61.71', '60.03', '53.79', '45.96', '36.90', '29.02']
      scaled_power: ['10.3626', '13.8285', '16.6901', '19.0798', '20.3734', '20.5752', '20.8034', '21.3062', '21.5006', '20.9433', '20.2157']
    [FINAL] plotted_flow:  [0.83 → 1652.26]
    [FINAL] plotted_head:  [80.73 → 29.02]
    [FINAL] plotted_power: [10.3626 → 20.2157]
    [FINAL] plotted_eff:   [0.16 → 59.79]

  ── [LOAD+SCALE] 99271935000010A1P ──
    trim=8.6700, stages=7, rpm=1760.0, filing='Fig.1 to 0.03'
    columns: ['curve_no', 'flow', 'speed', 'power_in', 'power_bowl_motor', 'power_bowl_dyno', 'power_pump_motor', 'power_pump_dyno', 'tdh_bowl', 'tdh_pump', 'eff_bowl_motor', 'eff_bowl_dyno', 'eff_pump_motor', 'eff_pump_dyno', 'eff_overall', 'npsha']
    rows: 13
    flow: 13 pts
      values: ['0.45', '501.93', '633.69', '846.17', '974.98', '1018.73', '1053.50', '1158.66', '1327.70', '1454.03', '1491.03', '1522.05', '1724.58']
    head ('tdh_bowl'): 13 pts
      values: ['551.03', '491.49', '484.99', '466.82', '444.41', '434.74', '425.50', '395.33', '342.73', '294.96', '279.81', '266.91', '168.17']
    power ('power_bowl_dyno'): all zero/negative — trying fallback
    power FALLBACK ('power_bowl_motor'): 13 pts
      values: ['63.8403', '100.8649', '113.3073', '130.9168', '137.9713', '139.7133', '140.6932', '143.3027', '145.5182', '144.8206', '143.9953', '143.1568', '133.2833']
    efficiency ('eff_bowl_motor'): 13 pts
      values: ['0.10', '61.66', '68.38', '76.06', '79.17', '79.91', '80.32', '80.58', '78.83', '74.66', '73.04', '71.54', '54.85']
    [STAGE NORM] 7-stage → dividing head & power by 7
      head BEFORE: ['551.03', '491.49', '484.99', '466.82', '444.41', '434.74', '425.50', '395.33', '342.73', '294.96', '279.81', '266.91', '168.17']
      head AFTER:  ['78.72', '70.21', '69.28', '66.69', '63.49', '62.11', '60.79', '56.48', '48.96', '42.14', '39.97', '38.13', '24.02']
      power BEFORE: ['63.8403', '100.8649', '113.3073', '130.9168', '137.9713', '139.7133', '140.6932', '143.3027', '145.5182', '144.8206', '143.9953', '143.1568', '133.2833']
      power AFTER:  ['9.1200', '14.4093', '16.1868', '18.7024', '19.7102', '19.9590', '20.0990', '20.4718', '20.7883', '20.6887', '20.5708', '20.4510', '19.0405']
    [AFFINITY]
      test_diameter:     8.6700
      baseline_diameter: 8.6425
      dia_ratio:         8.6425/8.6700 = 0.996828
      test_rpm:          1760.0
      baseline_rpm:      1775.0
      speed_ratio:       1775.0/1760.0 = 1.008523
      scaled_flow:  ['0.45', '504.60', '637.07', '850.67', '980.17', '1024.16', '1059.11', '1164.82', '1334.77', '1461.77', '1498.97', '1530.15', '1733.76']
      scaled_head:  ['79.56', '70.96', '70.02', '67.40', '64.16', '62.77', '61.43', '57.08', '49.48', '42.59', '40.40', '38.54', '24.28']
      scaled_power: ['9.2665', '14.6406', '16.4467', '19.0027', '20.0267', '20.2795', '20.4217', '20.8005', '21.1221', '21.0208', '20.9011', '20.7794', '19.3462']
    [FINAL] plotted_flow:  [0.45 → 1733.76]
    [FINAL] plotted_head:  [79.56 → 24.28]
    [FINAL] plotted_power: [9.2665 → 19.3462]
    [FINAL] plotted_eff:   [0.10 → 54.85]

  ── [LOAD+SCALE] 99271935550010A1P ──
    trim=8.7000, stages=7, rpm=1760.0, filing='Fig.1 to 0.03'
    columns: ['curve_no', 'flow', 'speed', 'power_in', 'power_bowl_motor', 'power_bowl_dyno', 'power_pump_motor', 'power_pump_dyno', 'tdh_bowl', 'tdh_pump', 'eff_bowl_motor', 'eff_bowl_dyno', 'eff_pump_motor', 'eff_pump_dyno', 'eff_overall', 'npsha']
    rows: 12
    flow: 12 pts
      values: ['0.53', '394.94', '607.20', '795.15', '966.23', '980.35', '1018.50', '1210.25', '1379.13', '1507.39', '1611.79', '1689.30']
    head ('tdh_bowl'): 12 pts
      values: ['560.89', '501.26', '491.06', '477.69', '450.83', '447.73', '438.72', '384.33', '327.41', '278.69', '232.96', '192.25']
    power ('power_bowl_dyno'): all zero/negative — trying fallback
    power FALLBACK ('power_bowl_motor'): 12 pts
      values: ['71.0065', '95.2566', '115.7398', '132.2555', '143.6965', '144.2227', '146.1598', '150.9979', '152.6286', '150.9106', '147.6866', '143.4700']
    efficiency ('eff_bowl_motor'): 12 pts
      values: ['0.11', '52.39', '64.94', '72.40', '76.42', '76.72', '77.07', '77.65', '74.58', '70.17', '64.09', '57.06']
    [STAGE NORM] 7-stage → dividing head & power by 7
      head BEFORE: ['560.89', '501.26', '491.06', '477.69', '450.83', '447.73', '438.72', '384.33', '327.41', '278.69', '232.96', '192.25']
      head AFTER:  ['80.13', '71.61', '70.15', '68.24', '64.40', '63.96', '62.67', '54.90', '46.77', '39.81', '33.28', '27.46']
      power BEFORE: ['71.0065', '95.2566', '115.7398', '132.2555', '143.6965', '144.2227', '146.1598', '150.9979', '152.6286', '150.9106', '147.6866', '143.4700']
      power AFTER:  ['10.1438', '13.6081', '16.5343', '18.8936', '20.5281', '20.6032', '20.8800', '21.5711', '21.8041', '21.5587', '21.0981', '20.4957']
    [AFFINITY]
      test_diameter:     8.7000
      baseline_diameter: 8.6425
      dia_ratio:         8.6425/8.7000 = 0.993391
      test_rpm:          1760.0
      baseline_rpm:      1775.0
      speed_ratio:       1775.0/1760.0 = 1.008523
      scaled_flow:  ['0.54', '395.68', '608.33', '796.63', '968.03', '982.17', '1020.40', '1212.50', '1381.69', '1510.19', '1614.79', '1692.43']
      scaled_head:  ['80.43', '71.87', '70.41', '68.50', '64.64', '64.20', '62.91', '55.11', '46.95', '39.96', '33.40', '27.57']
      scaled_power: ['10.2004', '13.6840', '16.6266', '18.9991', '20.6427', '20.7182', '20.9965', '21.6915', '21.9258', '21.6790', '21.2158', '20.6101']
    [FINAL] plotted_flow:  [0.54 → 1692.43]
    [FINAL] plotted_head:  [80.43 → 27.57]
    [FINAL] plotted_power: [10.2004 → 20.6101]
    [FINAL] plotted_eff:   [0.11 → 57.06]

  ── [LOAD+SCALE] 99271915920010A1P ──
    trim=8.7033, stages=6, rpm=1760.0, filing='Fig.1 to 0.03'
    columns: ['curve_no', 'flow', 'speed', 'power_in', 'power_bowl_motor', 'power_bowl_dyno', 'power_pump_motor', 'power_pump_dyno', 'tdh_bowl', 'tdh_pump', 'eff_bowl_motor', 'eff_bowl_dyno', 'eff_pump_motor', 'eff_pump_dyno', 'eff_overall', 'npsha']
    rows: 13
    flow: 13 pts
      values: ['0.51', '393.79', '595.64', '797.67', '976.05', '992.76', '1028.62', '1185.38', '1342.57', '1500.10', '1519.56', '1613.38', '1687.05']
    head ('tdh_bowl'): 13 pts
      values: ['490.95', '435.10', '422.60', '407.55', '380.87', '377.41', '371.55', '334.12', '285.99', '233.64', '225.51', '190.10', '157.27']
    power ('power_bowl_dyno'): all zero/negative — trying fallback
    power FALLBACK ('power_bowl_motor'): 13 pts
      values: ['63.2823', '82.5411', '98.3633', '113.0401', '122.9363', '123.5605', '125.1215', '129.1346', '130.0470', '128.4870', '127.7777', '125.6036', '122.5013']
    efficiency ('eff_bowl_motor'): 13 pts
      values: ['0.10', '52.33', '64.51', '72.50', '76.23', '76.44', '77.00', '77.32', '74.43', '68.76', '67.61', '61.56', '54.60']
    [STAGE NORM] 6-stage → dividing head & power by 6
      head BEFORE: ['490.95', '435.10', '422.60', '407.55', '380.87', '377.41', '371.55', '334.12', '285.99', '233.64', '225.51', '190.10', '157.27']
      head AFTER:  ['81.83', '72.52', '70.43', '67.93', '63.48', '62.90', '61.93', '55.69', '47.66', '38.94', '37.59', '31.68', '26.21']
      power BEFORE: ['63.2823', '82.5411', '98.3633', '113.0401', '122.9363', '123.5605', '125.1215', '129.1346', '130.0470', '128.4870', '127.7777', '125.6036', '122.5013']
      power AFTER:  ['10.5471', '13.7569', '16.3939', '18.8400', '20.4894', '20.5934', '20.8536', '21.5224', '21.6745', '21.4145', '21.2963', '20.9339', '20.4169']
    [AFFINITY]
      test_diameter:     8.7033
      baseline_diameter: 8.6425
      dia_ratio:         8.6425/8.7033 = 0.993010
      test_rpm:          1760.0
      baseline_rpm:      1775.0
      speed_ratio:       1775.0/1760.0 = 1.008523
      scaled_flow:  ['0.51', '394.37', '596.51', '798.85', '977.48', '994.22', '1030.14', '1187.13', '1344.55', '1502.31', '1521.80', '1615.76', '1689.53']
      scaled_head:  ['82.07', '72.73', '70.64', '68.13', '63.67', '63.09', '62.11', '55.85', '47.80', '39.06', '37.70', '31.78', '26.29']
      scaled_power: ['10.5937', '13.8178', '16.4665', '18.9234', '20.5801', '20.6846', '20.9459', '21.6177', '21.7704', '21.5093', '21.3906', '21.0266', '20.5073']
    [FINAL] plotted_flow:  [0.51 → 1689.53]
    [FINAL] plotted_head:  [82.07 → 26.29]
    [FINAL] plotted_power: [10.5937 → 20.5073]
    [FINAL] plotted_eff:   [0.10 → 54.60]

  ── [LOAD+SCALE] 99271914720010A1P ──
    trim=8.7575, stages=4, rpm=1760.0, filing='Fig.1 to 0.03'
    columns: ['curve_no', 'flow', 'speed', 'power_in', 'power_bowl_motor', 'power_bowl_dyno', 'power_pump_motor', 'power_pump_dyno', 'tdh_bowl', 'tdh_pump', 'eff_bowl_motor', 'eff_bowl_dyno', 'eff_pump_motor', 'eff_pump_dyno', 'eff_overall', 'npsha']
    rows: 12
    flow: 12 pts
      values: ['7.40', '386.45', '597.68', '804.68', '974.83', '1010.81', '1026.61', '1184.96', '1339.57', '1513.89', '1610.31', '1727.01']
    head ('tdh_bowl'): 12 pts
      values: ['328.02', '293.04', '285.46', '277.11', '263.32', '259.52', '257.45', '235.54', '206.18', '168.71', '148.64', '118.34']
    power ('power_bowl_dyno'): all zero/negative — trying fallback
    power FALLBACK ('power_bowl_motor'): 12 pts
      values: ['41.8243', '55.3572', '66.7100', '77.3263', '84.3460', '85.4398', '85.9073', '89.5792', '90.9225', '90.3272', '89.4060', '87.2783']
    efficiency ('eff_bowl_motor'): 12 pts
      values: ['1.46', '51.57', '64.47', '72.70', '76.72', '77.40', '77.56', '78.55', '76.58', '71.28', '67.49', '59.03']
    [STAGE NORM] 4-stage → dividing head & power by 4
      head BEFORE: ['328.02', '293.04', '285.46', '277.11', '263.32', '259.52', '257.45', '235.54', '206.18', '168.71', '148.64', '118.34']
      head AFTER:  ['82.01', '73.26', '71.36', '69.28', '65.83', '64.88', '64.36', '58.89', '51.54', '42.18', '37.16', '29.58']
      power BEFORE: ['41.8243', '55.3572', '66.7100', '77.3263', '84.3460', '85.4398', '85.9073', '89.5792', '90.9225', '90.3272', '89.4060', '87.2783']
      power AFTER:  ['10.4561', '13.8393', '16.6775', '19.3316', '21.0865', '21.3599', '21.4768', '22.3948', '22.7306', '22.5818', '22.3515', '21.8196']
    [AFFINITY]
      test_diameter:     8.7575
      baseline_diameter: 8.6425
      dia_ratio:         8.6425/8.7575 = 0.986868
      test_rpm:          1760.0
      baseline_rpm:      1775.0
      speed_ratio:       1775.0/1760.0 = 1.008523
      scaled_flow:  ['7.36', '384.63', '594.86', '800.88', '970.22', '1006.04', '1021.76', '1179.36', '1333.25', '1506.75', '1602.70', '1718.86']
      scaled_head:  ['81.23', '72.57', '70.69', '68.63', '65.21', '64.27', '63.76', '58.33', '51.06', '41.78', '36.81', '29.31']
      scaled_power: ['10.3087', '13.6442', '16.4424', '19.0591', '20.7893', '21.0589', '21.1741', '22.0791', '22.4102', '22.2635', '22.0365', '21.5120']
    [FINAL] plotted_flow:  [7.36 → 1718.86]
    [FINAL] plotted_head:  [81.23 → 29.31]
    [FINAL] plotted_power: [10.3087 → 21.5120]
    [FINAL] plotted_eff:   [1.46 → 59.03]

  ── [LOAD+SCALE] 99271902460010A1P ──
    trim=8.5300, stages=4, rpm=1760.0, filing='Fig.1 to 0.03'
    columns: ['curve_no', 'flow', 'speed', 'power_in', 'power_bowl_motor', 'power_bowl_dyno', 'power_pump_motor', 'power_pump_dyno', 'tdh_bowl', 'tdh_pump', 'eff_bowl_motor', 'eff_bowl_dyno', 'eff_pump_motor', 'eff_pump_dyno', 'eff_overall', 'npsha']
    rows: 11
    flow: 11 pts
      values: ['24.44', '402.34', '626.79', '794.77', '963.20', '996.75', '1021.98', '1183.89', '1355.40', '1503.46', '1623.55']
    head ('tdh_bowl'): 11 pts
      values: ['300.04', '272.58', '264.67', '256.48', '240.81', '236.13', '232.77', '207.91', '178.95', '146.91', '115.79']
    power ('power_bowl_dyno'): all zero/negative — trying fallback
    power FALLBACK ('power_bowl_motor'): 11 pts
      values: ['35.2125', '51.0388', '61.9418', '69.1724', '74.5004', '75.1379', '75.5291', '77.4693', '78.4613', '77.1648', '74.1405']
    efficiency ('eff_bowl_motor'): 11 pts
      values: ['5.25', '54.17', '67.51', '74.29', '78.48', '78.96', '79.40', '80.10', '77.93', '72.16', '63.92']
    [STAGE NORM] 4-stage → dividing head & power by 4
      head BEFORE: ['300.04', '272.58', '264.67', '256.48', '240.81', '236.13', '232.77', '207.91', '178.95', '146.91', '115.79']
      head AFTER:  ['75.01', '68.14', '66.17', '64.12', '60.20', '59.03', '58.19', '51.98', '44.74', '36.73', '28.95']
      power BEFORE: ['35.2125', '51.0388', '61.9418', '69.1724', '74.5004', '75.1379', '75.5291', '77.4693', '78.4613', '77.1648', '74.1405']
      power AFTER:  ['8.8031', '12.7597', '15.4855', '17.2931', '18.6251', '18.7845', '18.8823', '19.3673', '19.6153', '19.2912', '18.5351']
    [AFFINITY]
      test_diameter:     8.5300
      baseline_diameter: 8.6425
      dia_ratio:         8.6425/8.5300 = 1.013189
      test_rpm:          1760.0
      baseline_rpm:      1775.0
      speed_ratio:       1775.0/1760.0 = 1.008523
      scaled_flow:  ['24.97', '411.12', '640.47', '812.11', '984.22', '1018.51', '1044.29', '1209.73', '1384.98', '1536.27', '1658.98']
      scaled_head:  ['78.32', '71.15', '69.09', '66.95', '62.86', '61.64', '60.76', '54.27', '46.71', '38.35', '30.22']
      scaled_power: ['9.3922', '13.6135', '16.5216', '18.4502', '19.8713', '20.0414', '20.1457', '20.6632', '20.9278', '20.5820', '19.7753']
    [FINAL] plotted_flow:  [24.97 → 1658.98]
    [FINAL] plotted_head:  [78.32 → 30.22]
    [FINAL] plotted_power: [9.3922 → 19.7753]
    [FINAL] plotted_eff:   [5.25 → 63.92]

  ── [LOAD+SCALE] 99271909300010B1P ──
    trim=8.6933, stages=9, rpm=1760.0, filing='Fig.1 to 0.03'
    columns: ['curve_no', 'flow', 'speed', 'power_in', 'power_bowl_motor', 'power_bowl_dyno', 'power_pump_motor', 'power_pump_dyno', 'tdh_bowl', 'tdh_pump', 'eff_bowl_motor', 'eff_bowl_dyno', 'eff_pump_motor', 'eff_pump_dyno', 'eff_overall', 'npsha']
    rows: 11
    flow: 11 pts
      values: ['16.37', '398.76', '627.09', '827.97', '969.37', '993.51', '1032.37', '1205.37', '1348.69', '1511.11', '1594.14']
    head ('tdh_bowl'): 11 pts
      values: ['717.77', '644.68', '629.18', '607.31', '578.12', '571.40', '560.24', '502.31', '440.65', '362.49', '317.60']
    power ('power_bowl_dyno'): all zero/negative — trying fallback
    power FALLBACK ('power_bowl_motor'): 11 pts
      values: ['89.4213', '123.5098', '151.6143', '173.6470', '184.8555', '186.1292', '188.7485', '195.6006', '196.7193', '194.0906', '191.4504']
    efficiency ('eff_bowl_motor'): 11 pts
      values: ['3.31', '52.47', '65.60', '73.00', '76.42', '76.89', '77.25', '78.03', '76.16', '71.14', '66.67']
    [STAGE NORM] 9-stage → dividing head & power by 9
      head BEFORE: ['717.77', '644.68', '629.18', '607.31', '578.12', '571.40', '560.24', '502.31', '440.65', '362.49', '317.60']
      head AFTER:  ['79.75', '71.63', '69.91', '67.48', '64.24', '63.49', '62.25', '55.81', '48.96', '40.28', '35.29']
      power BEFORE: ['89.4213', '123.5098', '151.6143', '173.6470', '184.8555', '186.1292', '188.7485', '195.6006', '196.7193', '194.0906', '191.4504']
      power AFTER:  ['9.9357', '13.7233', '16.8460', '19.2941', '20.5395', '20.6810', '20.9721', '21.7334', '21.8577', '21.5656', '21.2723']
    [AFFINITY]
      test_diameter:     8.6933
      baseline_diameter: 8.6425
      dia_ratio:         8.6425/8.6933 = 0.994153
      test_rpm:          1760.0
      baseline_rpm:      1775.0
      speed_ratio:       1775.0/1760.0 = 1.008523
      scaled_flow:  ['16.42', '399.81', '628.74', '830.15', '971.91', '996.12', '1035.08', '1208.53', '1352.23', '1515.08', '1598.32']
      scaled_head:  ['80.17', '72.01', '70.28', '67.83', '64.57', '63.82', '62.58', '56.11', '49.22', '40.49', '35.47']
      scaled_power: ['10.0142', '13.8317', '16.9791', '19.4465', '20.7017', '20.8443', '21.1377', '21.9050', '22.0303', '21.7359', '21.4403']
    [FINAL] plotted_flow:  [16.42 → 1598.32]
    [FINAL] plotted_head:  [80.17 → 35.47]
    [FINAL] plotted_power: [10.0142 → 21.4403]
    [FINAL] plotted_eff:   [3.31 → 66.67]

  ── [LOAD+SCALE] 99271902750010A1P ──
    trim=8.6880, stages=5, rpm=1760.0, filing='Fig.1 to 0.03'
    columns: ['curve_no', 'flow', 'speed', 'power_in', 'power_bowl_motor', 'power_bowl_dyno', 'power_pump_motor', 'power_pump_dyno', 'tdh_bowl', 'tdh_pump', 'eff_bowl_motor', 'eff_bowl_dyno', 'eff_pump_motor', 'eff_pump_dyno', 'eff_overall', 'npsha']
    rows: 11
    flow: 11 pts
      values: ['5.06', '393.30', '583.27', '779.18', '965.65', '984.59', '1023.14', '1199.81', '1320.93', '1515.28', '1619.17']
    head ('tdh_bowl'): 11 pts
      values: ['395.15', '355.56', '347.45', '336.88', '319.35', '317.05', '311.46', '281.90', '252.53', '202.38', '172.48']
    power ('power_bowl_dyno'): all zero/negative — trying fallback
    power FALLBACK ('power_bowl_motor'): 11 pts
      values: ['48.4760', '66.1024', '79.1287', '91.6449', '101.2070', '101.9298', '103.1354', '108.1131', '109.1922', '108.3117', '107.0184']
    efficiency ('eff_bowl_motor'): 11 pts
      values: ['1.04', '53.33', '64.56', '72.20', '76.81', '77.20', '77.89', '78.86', '77.01', '71.37', '65.78']
    [STAGE NORM] 5-stage → dividing head & power by 5
      head BEFORE: ['395.15', '355.56', '347.45', '336.88', '319.35', '317.05', '311.46', '281.90', '252.53', '202.38', '172.48']
      head AFTER:  ['79.03', '71.11', '69.49', '67.38', '63.87', '63.41', '62.29', '56.38', '50.51', '40.48', '34.50']
      power BEFORE: ['48.4760', '66.1024', '79.1287', '91.6449', '101.2070', '101.9298', '103.1354', '108.1131', '109.1922', '108.3117', '107.0184']
      power AFTER:  ['9.6952', '13.2205', '15.8257', '18.3290', '20.2414', '20.3860', '20.6271', '21.6226', '21.8384', '21.6623', '21.4037']
    [AFFINITY]
      test_diameter:     8.6880
      baseline_diameter: 8.6425
      dia_ratio:         8.6425/8.6880 = 0.994763
      test_rpm:          1760.0
      baseline_rpm:      1775.0
      speed_ratio:       1775.0/1760.0 = 1.008523
      scaled_flow:  ['5.08', '394.58', '585.16', '781.71', '968.78', '987.78', '1026.46', '1203.70', '1325.21', '1520.19', '1624.42']
      scaled_head:  ['79.54', '71.57', '69.94', '67.81', '64.29', '63.82', '62.70', '56.75', '50.83', '40.74', '34.72']
      scaled_power: ['9.7898', '13.3494', '15.9801', '18.5078', '20.4389', '20.5848', '20.8283', '21.8335', '22.0515', '21.8736', '21.6125']
    [FINAL] plotted_flow:  [5.08 → 1624.42]
    [FINAL] plotted_head:  [79.54 → 34.72]
    [FINAL] plotted_power: [9.7898 → 21.6125]
    [FINAL] plotted_eff:   [1.04 → 65.78]

  ── [LOAD+SCALE] 99271909300010A1P ──
    trim=8.6933, stages=9, rpm=1760.0, filing='Fig.1 to 0.03'
    columns: ['curve_no', 'flow', 'speed', 'power_in', 'power_bowl_motor', 'power_bowl_dyno', 'power_pump_motor', 'power_pump_dyno', 'tdh_bowl', 'tdh_pump', 'eff_bowl_motor', 'eff_bowl_dyno', 'eff_pump_motor', 'eff_pump_dyno', 'eff_overall', 'npsha']
    rows: 15
    flow: 15 pts
      values: ['0.00', '535.13', '807.40', '889.64', '961.69', '1002.47', '1041.04', '1070.79', '1127.88', '1310.67', '1480.49', '1500.15', '1504.75', '1560.97', '1782.23']
    head ('tdh_bowl'): 15 pts
      values: ['713.83', '635.48', '609.85', '596.22', '579.50', '567.96', '555.74', '546.62', '529.61', '456.41', '373.19', '360.62', '360.16', '328.14', '180.23']
    power ('power_bowl_dyno'): all zero/negative — trying fallback
    power FALLBACK ('power_bowl_motor'): 15 pts
      values: ['86.7537', '137.0647', '169.7847', '177.5228', '182.7093', '185.5002', '187.4913', '189.1072', '190.9928', '194.7086', '192.3895', '191.5141', '191.3570', '189.0448', '175.2887']
    efficiency ('eff_bowl_motor'): 15 pts
      values: ['0.00', '62.55', '73.11', '75.32', '76.89', '77.37', '77.79', '78.03', '78.84', '77.45', '72.39', '71.21', '71.39', '68.30', '46.19']
    [STAGE NORM] 9-stage → dividing head & power by 9
      head BEFORE: ['713.83', '635.48', '609.85', '596.22', '579.50', '567.96', '555.74', '546.62', '529.61', '456.41', '373.19', '360.62', '360.16', '328.14', '180.23']
      head AFTER:  ['79.31', '70.61', '67.76', '66.25', '64.39', '63.11', '61.75', '60.74', '58.85', '50.71', '41.47', '40.07', '40.02', '36.46', '20.03']
      power BEFORE: ['86.7537', '137.0647', '169.7847', '177.5228', '182.7093', '185.5002', '187.4913', '189.1072', '190.9928', '194.7086', '192.3895', '191.5141', '191.3570', '189.0448', '175.2887']
      power AFTER:  ['9.6393', '15.2294', '18.8650', '19.7248', '20.3010', '20.6111', '20.8324', '21.0119', '21.2214', '21.6343', '21.3766', '21.2793', '21.2619', '21.0050', '19.4765']
    [AFFINITY]
      test_diameter:     8.6933
      baseline_diameter: 8.6425
      dia_ratio:         8.6425/8.6933 = 0.994153
      test_rpm:          1760.0
      baseline_rpm:      1775.0
      speed_ratio:       1775.0/1760.0 = 1.008523
      scaled_flow:  ['0.00', '536.54', '809.52', '891.97', '964.22', '1005.10', '1043.77', '1073.60', '1130.84', '1314.11', '1484.37', '1504.09', '1508.70', '1565.06', '1786.91']
      scaled_head:  ['79.73', '70.98', '68.12', '66.60', '64.73', '63.44', '62.07', '61.06', '59.15', '50.98', '41.68', '40.28', '40.23', '36.65', '20.13']
      scaled_power: ['9.7154', '15.3497', '19.0139', '19.8805', '20.4614', '20.7739', '20.9969', '21.1778', '21.3890', '21.8051', '21.5454', '21.4474', '21.4298', '21.1709', '19.6303']
    [FINAL] plotted_flow:  [0.00 → 1786.91]
    [FINAL] plotted_head:  [79.73 → 20.13]
    [FINAL] plotted_power: [9.7154 → 19.6303]
    [FINAL] plotted_eff:   [0.00 → 46.19]

  ── [LOAD+SCALE] 99271894230010A1P ──
    trim=8.5100, stages=6, rpm=1760.0, filing='Fig.1 to 0.03'
    columns: ['curve_no', 'flow', 'speed', 'power_in', 'power_bowl_motor', 'power_bowl_dyno', 'power_pump_motor', 'power_pump_dyno', 'tdh_bowl', 'tdh_pump', 'eff_bowl_motor', 'eff_bowl_dyno', 'eff_pump_motor', 'eff_pump_dyno', 'eff_overall', 'npsha']
    rows: 11
    flow: 11 pts
      values: ['1.81', '414.58', '617.51', '790.42', '963.67', '1013.05', '1044.09', '1183.99', '1341.86', '1502.74', '1606.47']
    head ('tdh_bowl'): 11 pts
      values: ['447.04', '404.56', '394.52', '382.40', '356.39', '346.42', '339.56', '304.97', '259.96', '200.89', '164.60']
    power ('power_bowl_dyno'): all zero/negative — trying fallback
    power FALLBACK ('power_bowl_motor'): 11 pts
      values: ['52.0748', '76.5886', '91.6715', '102.5263', '110.4918', '111.7367', '112.2632', '114.3447', '114.7232', '111.2918', '107.7485']
    efficiency ('eff_bowl_motor'): 11 pts
      values: ['0.39', '55.28', '67.09', '74.43', '78.47', '79.29', '79.73', '79.72', '76.76', '68.48', '61.96']
    [STAGE NORM] 6-stage → dividing head & power by 6
      head BEFORE: ['447.04', '404.56', '394.52', '382.40', '356.39', '346.42', '339.56', '304.97', '259.96', '200.89', '164.60']
      head AFTER:  ['74.51', '67.43', '65.75', '63.73', '59.40', '57.74', '56.59', '50.83', '43.33', '33.48', '27.43']
      power BEFORE: ['52.0748', '76.5886', '91.6715', '102.5263', '110.4918', '111.7367', '112.2632', '114.3447', '114.7232', '111.2918', '107.7485']
      power AFTER:  ['8.6791', '12.7648', '15.2786', '17.0877', '18.4153', '18.6228', '18.7105', '19.0575', '19.1205', '18.5486', '17.9581']
    [AFFINITY]
      test_diameter:     8.5100
      baseline_diameter: 8.6425
      dia_ratio:         8.6425/8.5100 = 1.015570
      test_rpm:          1760.0
      baseline_rpm:      1775.0
      speed_ratio:       1775.0/1760.0 = 1.008523
      scaled_flow:  ['1.86', '424.62', '632.47', '809.56', '987.02', '1037.59', '1069.38', '1212.67', '1374.37', '1539.15', '1645.38']
      scaled_head:  ['78.16', '70.73', '68.98', '66.86', '62.31', '60.57', '59.37', '53.32', '45.45', '35.12', '28.78']
      scaled_power: ['9.3253', '13.7151', '16.4161', '18.3599', '19.7863', '20.0093', '20.1036', '20.4763', '20.5441', '19.9296', '19.2951']
    [FINAL] plotted_flow:  [1.86 → 1645.38]
    [FINAL] plotted_head:  [78.16 → 28.78]
    [FINAL] plotted_power: [9.3253 → 19.2951]
    [FINAL] plotted_eff:   [0.39 → 61.96]

  ── [LOAD+SCALE] 99271877070010A1P ──
    trim=8.6300, stages=4, rpm=1760.0, filing='Fig.1 to 0.03'
    columns: ['curve_no', 'flow', 'speed', 'power_in', 'power_bowl_motor', 'power_bowl_dyno', 'power_pump_motor', 'power_pump_dyno', 'tdh_bowl', 'tdh_pump', 'eff_bowl_motor', 'eff_bowl_dyno', 'eff_pump_motor', 'eff_pump_dyno', 'eff_overall', 'npsha']
    rows: 12
    flow: 12 pts
      values: ['0.30', '392.61', '599.49', '784.82', '969.39', '992.39', '1038.44', '1189.85', '1366.84', '1502.12', '1519.95', '1633.45']
    head ('tdh_bowl'): 12 pts
      values: ['312.74', '278.46', '272.54', '264.00', '245.33', '243.03', '236.48', '213.18', '180.08', '150.36', '145.13', '114.69']
    power ('power_bowl_dyno'): all zero/negative — trying fallback
    power FALLBACK ('power_bowl_motor'): 12 pts
      values: ['39.0914', '53.1011', '64.1360', '72.8993', '78.9349', '79.3006', '80.3739', '82.0381', '82.6405', '81.3267', '80.7505', '78.3930']
    efficiency ('eff_bowl_motor'): 12 pts
      values: ['0.06', '51.90', '64.22', '71.65', '75.95', '76.67', '77.02', '77.94', '75.08', '70.01', '68.87', '60.24']
    [STAGE NORM] 4-stage → dividing head & power by 4
      head BEFORE: ['312.74', '278.46', '272.54', '264.00', '245.33', '243.03', '236.48', '213.18', '180.08', '150.36', '145.13', '114.69']
      head AFTER:  ['78.19', '69.62', '68.14', '66.00', '61.33', '60.76', '59.12', '53.29', '45.02', '37.59', '36.28', '28.67']
      power BEFORE: ['39.0914', '53.1011', '64.1360', '72.8993', '78.9349', '79.3006', '80.3739', '82.0381', '82.6405', '81.3267', '80.7505', '78.3930']
      power AFTER:  ['9.7728', '13.2753', '16.0340', '18.2248', '19.7337', '19.8252', '20.0935', '20.5095', '20.6601', '20.3317', '20.1876', '19.5983']
    [AFFINITY]
      test_diameter:     8.6300
      baseline_diameter: 8.6425
      dia_ratio:         8.6425/8.6300 = 1.001448
      test_rpm:          1760.0
      baseline_rpm:      1775.0
      speed_ratio:       1775.0/1760.0 = 1.008523
      scaled_flow:  ['0.30', '396.53', '605.47', '792.65', '979.06', '1002.29', '1048.81', '1201.73', '1380.49', '1517.12', '1535.13', '1649.76']
      scaled_head:  ['79.75', '71.01', '69.50', '67.33', '62.56', '61.98', '60.31', '54.36', '45.92', '38.34', '37.01', '29.25']
      scaled_power: ['10.0685', '13.6769', '16.5190', '18.7761', '20.3307', '20.4249', '20.7013', '21.1299', '21.2851', '20.9467', '20.7983', '20.1911']
    [FINAL] plotted_flow:  [0.30 → 1649.76]
    [FINAL] plotted_head:  [79.75 → 29.25]
    [FINAL] plotted_power: [10.0685 → 20.1911]
    [FINAL] plotted_eff:   [0.06 → 60.24]

  ── [LOAD+SCALE] 99271877010010B1P ──
    trim=8.7775, stages=8, rpm=1760.0, filing='Fig.1 to 0.03'
    columns: ['curve_no', 'flow', 'speed', 'power_in', 'power_bowl_motor', 'power_bowl_dyno', 'power_pump_motor', 'power_pump_dyno', 'tdh_bowl', 'tdh_pump', 'eff_bowl_motor', 'eff_bowl_dyno', 'eff_pump_motor', 'eff_pump_dyno', 'eff_overall', 'npsha']
    rows: 11
    flow: 11 pts
      values: ['0.51', '399.63', '610.48', '791.56', '966.36', '1000.52', '1022.47', '1196.09', '1342.97', '1504.50', '1601.75']
    head ('tdh_bowl'): 11 pts
      values: ['676.31', '588.44', '579.72', '565.18', '531.34', '522.24', '515.62', '459.56', '397.17', '320.52', '268.49']
    power ('power_bowl_dyno'): all zero/negative — trying fallback
    power FALLBACK ('power_bowl_motor'): 11 pts
      values: ['86.6036', '111.6257', '136.4138', '156.1439', '169.6781', '171.5894', '172.9551', '179.7481', '180.3435', '178.1700', '175.2979']
    efficiency ('eff_bowl_motor'): 11 pts
      values: ['0.10', '53.11', '65.40', '72.23', '76.29', '76.76', '76.84', '77.09', '74.56', '68.23', '61.84']
    [STAGE NORM] 8-stage → dividing head & power by 8
      head BEFORE: ['676.31', '588.44', '579.72', '565.18', '531.34', '522.24', '515.62', '459.56', '397.17', '320.52', '268.49']
      head AFTER:  ['84.54', '73.55', '72.47', '70.65', '66.42', '65.28', '64.45', '57.44', '49.65', '40.07', '33.56']
      power BEFORE: ['86.6036', '111.6257', '136.4138', '156.1439', '169.6781', '171.5894', '172.9551', '179.7481', '180.3435', '178.1700', '175.2979']
      power AFTER:  ['10.8255', '13.9532', '17.0517', '19.5180', '21.2098', '21.4487', '21.6194', '22.4685', '22.5429', '22.2713', '21.9122']
    [AFFINITY]
      test_diameter:     8.7775
      baseline_diameter: 8.6425
      dia_ratio:         8.6425/8.7775 = 0.984620
      test_rpm:          1760.0
      baseline_rpm:      1775.0
      speed_ratio:       1775.0/1760.0 = 1.008523
      scaled_flow:  ['0.51', '396.84', '606.21', '786.03', '959.61', '993.53', '1015.33', '1187.73', '1333.59', '1493.99', '1590.55']
      scaled_head:  ['83.36', '72.53', '71.46', '69.66', '65.49', '64.37', '63.55', '56.64', '48.95', '39.51', '33.09']
      scaled_power: ['10.6001', '13.6627', '16.6967', '19.1116', '20.7682', '21.0021', '21.1693', '22.0007', '22.0736', '21.8076', '21.4560']
    [FINAL] plotted_flow:  [0.51 → 1590.55]
    [FINAL] plotted_head:  [83.36 → 33.09]
    [FINAL] plotted_power: [10.6001 → 21.4560]
    [FINAL] plotted_eff:   [0.10 → 61.84]

  ── [LOAD+SCALE] 99271844890010A1P ──
    trim=8.7000, stages=2, rpm=1760.0, filing='Fig.1 to 0.03'
    columns: ['curve_no', 'flow', 'speed', 'power_in', 'power_bowl_motor', 'power_bowl_dyno', 'power_pump_motor', 'power_pump_dyno', 'tdh_bowl', 'tdh_pump', 'eff_bowl_motor', 'eff_bowl_dyno', 'eff_pump_motor', 'eff_pump_dyno', 'eff_overall', 'npsha']
    rows: 11
    flow: 11 pts
      values: ['0.35', '401.93', '580.65', '785.97', '957.12', '991.35', '1029.32', '1191.68', '1507.54', '1604.71', '1692.83']
    head ('tdh_bowl'): 11 pts
      values: ['161.99', '142.96', '140.51', '137.52', '129.98', '128.16', '125.78', '115.46', '85.60', '73.49', '62.08']
    power ('power_bowl_dyno'): 11 pts
      values: ['20.9367', '27.9643', '33.1882', '38.7494', '42.3068', '42.8454', '43.3749', '45.5374', '47.0556', '46.5689', '45.8697']
    efficiency ('eff_bowl_dyno'): 11 pts
      values: ['0.07', '51.80', '61.97', '70.32', '74.13', '74.75', '75.25', '76.17', '69.13', '63.84', '57.76']
    [STAGE NORM] 2-stage → dividing head & power by 2
      head BEFORE: ['161.99', '142.96', '140.51', '137.52', '129.98', '128.16', '125.78', '115.46', '85.60', '73.49', '62.08']
      head AFTER:  ['81.00', '71.48', '70.25', '68.76', '64.99', '64.08', '62.89', '57.73', '42.80', '36.74', '31.04']
      power BEFORE: ['20.9367', '27.9643', '33.1882', '38.7494', '42.3068', '42.8454', '43.3749', '45.5374', '47.0556', '46.5689', '45.8697']
      power AFTER:  ['10.4683', '13.9822', '16.5941', '19.3747', '21.1534', '21.4227', '21.6875', '22.7687', '23.5278', '23.2844', '22.9349']
    [AFFINITY]
      test_diameter:     8.7000
      baseline_diameter: 8.6425
      dia_ratio:         8.6425/8.7000 = 0.993391
      test_rpm:          1760.0
      baseline_rpm:      1775.0
      speed_ratio:       1775.0/1760.0 = 1.008523
      scaled_flow:  ['0.36', '402.67', '581.73', '787.43', '958.89', '993.19', '1031.23', '1193.89', '1510.34', '1607.69', '1695.98']
      scaled_head:  ['81.30', '71.75', '70.51', '69.01', '65.23', '64.32', '63.13', '57.94', '42.96', '36.88', '31.16']
      scaled_power: ['10.5268', '14.0602', '16.6867', '19.4828', '21.2715', '21.5423', '21.8085', '22.8958', '23.6591', '23.4144', '23.0629']
    [FINAL] plotted_flow:  [0.36 → 1695.98]
    [FINAL] plotted_head:  [81.30 → 31.16]
    [FINAL] plotted_power: [10.5268 → 23.0629]
    [FINAL] plotted_eff:   [0.07 → 57.76]

  ── [LOAD+SCALE] 99271894220010A1P ──
    trim=8.4900, stages=5, rpm=1760.0, filing='Fig.1 to 0.03'
    columns: ['curve_no', 'flow', 'speed', 'power_in', 'power_bowl_motor', 'power_bowl_dyno', 'power_pump_motor', 'power_pump_dyno', 'tdh_bowl', 'tdh_pump', 'eff_bowl_motor', 'eff_bowl_dyno', 'eff_pump_motor', 'eff_pump_dyno', 'eff_overall', 'npsha']
    rows: 12
    flow: 12 pts
      values: ['0.62', '394.14', '603.41', '794.55', '975.77', '990.90', '1006.58', '1028.04', '1187.99', '1341.77', '1513.61', '1595.74']
    head ('tdh_bowl'): 12 pts
      values: ['377.57', '336.62', '328.35', '315.80', '289.00', '286.13', '283.64', '280.14', '246.28', '206.99', '153.72', '123.68']
    power ('power_bowl_dyno'): all zero/negative — trying fallback
    power FALLBACK ('power_bowl_motor'): 12 pts
      values: ['44.7770', '62.8798', '75.5245', '85.6686', '91.3283', '91.6083', '91.9698', '92.3485', '94.4466', '93.9982', '90.1583', '87.1061']
    efficiency ('eff_bowl_motor'): 12 pts
      values: ['0.13', '53.19', '66.13', '73.83', '77.84', '78.02', '78.26', '78.62', '78.09', '74.48', '65.06', '57.12']
    [STAGE NORM] 5-stage → dividing head & power by 5
      head BEFORE: ['377.57', '336.62', '328.35', '315.80', '289.00', '286.13', '283.64', '280.14', '246.28', '206.99', '153.72', '123.68']
      head AFTER:  ['75.51', '67.32', '65.67', '63.16', '57.80', '57.23', '56.73', '56.03', '49.26', '41.40', '30.74', '24.74']
      power BEFORE: ['44.7770', '62.8798', '75.5245', '85.6686', '91.3283', '91.6083', '91.9698', '92.3485', '94.4466', '93.9982', '90.1583', '87.1061']
      power AFTER:  ['8.9554', '12.5760', '15.1049', '17.1337', '18.2657', '18.3217', '18.3940', '18.4697', '18.8893', '18.7996', '18.0317', '17.4212']
    [AFFINITY]
      test_diameter:     8.4900
      baseline_diameter: 8.6425
      dia_ratio:         8.6425/8.4900 = 1.017962
      test_rpm:          1760.0
      baseline_rpm:      1775.0
      speed_ratio:       1775.0/1760.0 = 1.008523
      scaled_flow:  ['0.63', '404.64', '619.48', '815.71', '1001.76', '1017.30', '1033.39', '1055.42', '1219.64', '1377.51', '1553.93', '1638.25']
      scaled_head:  ['79.59', '70.96', '69.22', '66.57', '60.92', '60.31', '59.79', '59.05', '51.91', '43.63', '32.40', '26.07']
      scaled_power: ['9.6903', '13.6080', '16.3444', '18.5398', '19.7646', '19.8252', '19.9034', '19.9854', '20.4394', '20.3424', '19.5114', '18.8508']
    [FINAL] plotted_flow:  [0.63 → 1638.25]
    [FINAL] plotted_head:  [79.59 → 26.07]
    [FINAL] plotted_power: [9.6903 → 18.8508]
    [FINAL] plotted_eff:   [0.13 → 57.12]

  ── [LOAD+SCALE] 99271877010010A1P ──
    trim=8.6825, stages=8, rpm=1760.0, filing='Fig.1 to 0.03'
    columns: ['curve_no', 'flow', 'speed', 'power_in', 'power_bowl_motor', 'power_bowl_dyno', 'power_pump_motor', 'power_pump_dyno', 'tdh_bowl', 'tdh_pump', 'eff_bowl_motor', 'eff_bowl_dyno', 'eff_pump_motor', 'eff_pump_dyno', 'eff_overall', 'npsha']
    rows: 11
    flow: 11 pts
      values: ['0.67', '393.14', '624.47', '789.72', '966.33', '1001.14', '1020.09', '1185.88', '1336.09', '1508.16', '1594.47']
    head ('tdh_bowl'): 11 pts
      values: ['660.15', '576.52', '561.31', '545.32', '511.13', '499.94', '493.36', '439.29', '377.68', '293.64', '244.00']
    power ('power_bowl_dyno'): all zero/negative — trying fallback
    power FALLBACK ('power_bowl_motor'): 11 pts
      values: ['84.8311', '108.4669', '133.6889', '150.6643', '163.1913', '165.5692', '166.3902', '171.8041', '172.1986', '168.6197', '165.8159']
    efficiency ('eff_bowl_motor'): 11 pts
      values: ['0.13', '52.68', '66.10', '72.06', '76.30', '76.21', '76.25', '76.44', '73.87', '66.21', '59.15']
    [STAGE NORM] 8-stage → dividing head & power by 8
      head BEFORE: ['660.15', '576.52', '561.31', '545.32', '511.13', '499.94', '493.36', '439.29', '377.68', '293.64', '244.00']
      head AFTER:  ['82.52', '72.06', '70.16', '68.16', '63.89', '62.49', '61.67', '54.91', '47.21', '36.70', '30.50']
      power BEFORE: ['84.8311', '108.4669', '133.6889', '150.6643', '163.1913', '165.5692', '166.3902', '171.8041', '172.1986', '168.6197', '165.8159']
      power AFTER:  ['10.6039', '13.5584', '16.7111', '18.8330', '20.3989', '20.6961', '20.7988', '21.4755', '21.5248', '21.0775', '20.7270']
    [AFFINITY]
      test_diameter:     8.6825
      baseline_diameter: 8.6425
      dia_ratio:         8.6425/8.6825 = 0.995393
      test_rpm:          1760.0
      baseline_rpm:      1775.0
      speed_ratio:       1775.0/1760.0 = 1.008523
      scaled_flow:  ['0.67', '394.66', '626.89', '792.78', '970.08', '1005.02', '1024.04', '1190.47', '1341.27', '1514.00', '1600.65']
      scaled_head:  ['83.16', '72.62', '70.71', '68.69', '64.39', '62.98', '62.15', '55.34', '47.58', '36.99', '30.74']
      scaled_power: ['10.7277', '13.7167', '16.9062', '19.0529', '20.6371', '20.9378', '21.0416', '21.7262', '21.7761', '21.3235', '20.9690']
    [FINAL] plotted_flow:  [0.67 → 1600.65]
    [FINAL] plotted_head:  [83.16 → 30.74]
    [FINAL] plotted_power: [10.7277 → 20.9690]
    [FINAL] plotted_eff:   [0.13 → 59.15]

  ── [LOAD+SCALE] 99271894700010A1P ──
    trim=8.6900, stages=3, rpm=1760.0, filing='Fig.1 to 0.03'
    columns: ['curve_no', 'flow', 'speed', 'power_in', 'power_bowl_motor', 'power_bowl_dyno', 'power_pump_motor', 'power_pump_dyno', 'tdh_bowl', 'tdh_pump', 'eff_bowl_motor', 'eff_bowl_dyno', 'eff_pump_motor', 'eff_pump_dyno', 'eff_overall', 'npsha']
    rows: 11
    flow: 11 pts
      values: ['0.07', '388.43', '591.14', '798.02', '956.06', '994.79', '1041.19', '1210.66', '1505.52', '1611.72', '1663.30']
    head ('tdh_bowl'): 11 pts
      values: ['241.10', '214.01', '209.49', '203.19', '191.98', '188.38', '183.96', '166.16', '122.42', '102.99', '90.55']
    power ('power_bowl_dyno'): all zero/negative — trying fallback
    power FALLBACK ('power_bowl_motor'): 11 pts
      values: ['30.5988', '39.9397', '48.3147', '56.0396', '60.2330', '60.9896', '61.8664', '64.2548', '64.4151', '63.3671', '62.2968']
    efficiency ('eff_bowl_motor'): 11 pts
      values: ['0.01', '52.47', '64.61', '72.94', '76.82', '77.46', '78.05', '78.92', '72.13', '66.04', '60.95']
    [STAGE NORM] 3-stage → dividing head & power by 3
      head BEFORE: ['241.10', '214.01', '209.49', '203.19', '191.98', '188.38', '183.96', '166.16', '122.42', '102.99', '90.55']
      head AFTER:  ['80.37', '71.34', '69.83', '67.73', '63.99', '62.79', '61.32', '55.39', '40.81', '34.33', '30.18']
      power BEFORE: ['30.5988', '39.9397', '48.3147', '56.0396', '60.2330', '60.9896', '61.8664', '64.2548', '64.4151', '63.3671', '62.2968']
      power AFTER:  ['10.1996', '13.3132', '16.1049', '18.6799', '20.0777', '20.3299', '20.6221', '21.4183', '21.4717', '21.1224', '20.7656']
    [AFFINITY]
      test_diameter:     8.6900
      baseline_diameter: 8.6425
      dia_ratio:         8.6425/8.6900 = 0.994534
      test_rpm:          1760.0
      baseline_rpm:      1775.0
      speed_ratio:       1775.0/1760.0 = 1.008523
      scaled_flow:  ['0.07', '389.60', '592.92', '800.42', '958.94', '997.78', '1044.33', '1214.30', '1510.06', '1616.57', '1668.31']
      scaled_head:  ['80.85', '71.77', '70.25', '68.14', '64.38', '63.17', '61.69', '55.72', '41.05', '34.54', '30.37']
      scaled_power: ['10.2920', '13.4338', '16.2508', '18.8490', '20.2595', '20.5140', '20.8089', '21.6123', '21.6662', '21.3137', '20.9537']
    [FINAL] plotted_flow:  [0.07 → 1668.31]
    [FINAL] plotted_head:  [80.85 → 30.37]
    [FINAL] plotted_power: [10.2920 → 20.9537]
    [FINAL] plotted_eff:   [0.01 → 60.95]

  ── [LOAD+SCALE] 99271848820012A1P ──
    trim=8.6300, stages=4, rpm=1760.0, filing='Fig.1 to 0.03'
    columns: ['curve_no', 'flow', 'speed', 'power_in', 'power_bowl_motor', 'power_bowl_dyno', 'power_pump_motor', 'power_pump_dyno', 'tdh_bowl', 'tdh_pump', 'eff_bowl_motor', 'eff_bowl_dyno', 'eff_pump_motor', 'eff_pump_dyno', 'eff_overall', 'npsha']
    rows: 11
    flow: 11 pts
      values: ['0.42', '396.73', '592.34', '793.28', '977.52', '987.97', '1032.38', '1187.15', '1359.06', '1511.98', '1592.22']
    head ('tdh_bowl'): 11 pts
      values: ['325.25', '285.94', '278.75', '268.94', '249.92', '248.12', '242.71', '218.64', '184.61', '149.23', '126.47']
    power ('power_bowl_dyno'): all zero/negative — trying fallback
    power FALLBACK ('power_bowl_motor'): 11 pts
      values: ['42.0538', '54.4201', '64.4953', '73.9108', '79.8301', '80.1100', '81.1140', '83.6156', '84.3241', '82.5345', '80.7053']
    efficiency ('eff_bowl_motor'): 11 pts
      values: ['0.08', '52.55', '64.54', '72.77', '77.15', '77.14', '77.87', '78.25', '75.00', '68.92', '62.90']
    [STAGE NORM] 4-stage → dividing head & power by 4
      head BEFORE: ['325.25', '285.94', '278.75', '268.94', '249.92', '248.12', '242.71', '218.64', '184.61', '149.23', '126.47']
      head AFTER:  ['81.31', '71.48', '69.69', '67.24', '62.48', '62.03', '60.68', '54.66', '46.15', '37.31', '31.62']
      power BEFORE: ['42.0538', '54.4201', '64.4953', '73.9108', '79.8301', '80.1100', '81.1140', '83.6156', '84.3241', '82.5345', '80.7053']
      power AFTER:  ['10.5134', '13.6050', '16.1238', '18.4777', '19.9575', '20.0275', '20.2785', '20.9039', '21.0810', '20.6336', '20.1763']
    [AFFINITY]
      test_diameter:     8.6300
      baseline_diameter: 8.6425
      dia_ratio:         8.6425/8.6300 = 1.001448
      test_rpm:          1760.0
      baseline_rpm:      1775.0
      speed_ratio:       1775.0/1760.0 = 1.008523
      scaled_flow:  ['0.42', '400.69', '598.25', '801.20', '987.28', '997.83', '1042.68', '1199.00', '1372.63', '1527.08', '1608.11']
      scaled_head:  ['82.94', '72.92', '71.09', '68.58', '63.73', '63.27', '61.90', '55.76', '47.08', '38.06', '32.25']
      scaled_power: ['10.8315', '14.0166', '16.6116', '19.0367', '20.5613', '20.6333', '20.8919', '21.5363', '21.7187', '21.2578', '20.7867']
    [FINAL] plotted_flow:  [0.42 → 1608.11]
    [FINAL] plotted_head:  [82.94 → 32.25]
    [FINAL] plotted_power: [10.8315 → 20.7867]
    [FINAL] plotted_eff:   [0.08 → 62.90]

  ── [LOAD+SCALE] 99271868300011A1P ──
    trim=8.5900, stages=6, rpm=1760.0, filing='Fig.1 to 0.03'
    columns: ['curve_no', 'flow', 'speed', 'power_in', 'power_bowl_motor', 'power_bowl_dyno', 'power_pump_motor', 'power_pump_dyno', 'tdh_bowl', 'tdh_pump', 'eff_bowl_motor', 'eff_bowl_dyno', 'eff_pump_motor', 'eff_pump_dyno', 'eff_overall', 'npsha']
    rows: 11
    flow: 11 pts
      values: ['0.78', '405.83', '630.51', '802.41', '951.34', '987.77', '1018.53', '1198.16', '1377.99', '1507.22', '1608.53']
    head ('tdh_bowl'): 11 pts
      values: ['460.62', '412.42', '404.55', '392.20', '367.72', '360.44', '352.91', '310.35', '255.06', '207.52', '164.05']
    power ('power_bowl_dyno'): all zero/negative — trying fallback
    power FALLBACK ('power_bowl_motor'): 11 pts
      values: ['55.7156', '78.9015', '97.3595', '109.0594', '115.5842', '116.8093', '117.7630', '121.1077', '120.8165', '117.4856', '113.4483']
    efficiency ('eff_bowl_motor'): 11 pts
      values: ['0.16', '53.47', '66.05', '72.74', '76.30', '76.84', '76.94', '77.40', '73.33', '67.11', '58.64']
    [STAGE NORM] 6-stage → dividing head & power by 6
      head BEFORE: ['460.62', '412.42', '404.55', '392.20', '367.72', '360.44', '352.91', '310.35', '255.06', '207.52', '164.05']
      head AFTER:  ['76.77', '68.74', '67.43', '65.37', '61.29', '60.07', '58.82', '51.73', '42.51', '34.59', '27.34']
      power BEFORE: ['55.7156', '78.9015', '97.3595', '109.0594', '115.5842', '116.8093', '117.7630', '121.1077', '120.8165', '117.4856', '113.4483']
      power AFTER:  ['9.2859', '13.1502', '16.2266', '18.1766', '19.2640', '19.4682', '19.6272', '20.1846', '20.1361', '19.5809', '18.9080']
    [AFFINITY]
      test_diameter:     8.5900
      baseline_diameter: 8.6425
      dia_ratio:         8.6425/8.5900 = 1.006112
      test_rpm:          1760.0
      baseline_rpm:      1775.0
      speed_ratio:       1775.0/1760.0 = 1.008523
      scaled_flow:  ['0.79', '411.79', '639.77', '814.20', '965.31', '1002.27', '1033.48', '1215.76', '1398.23', '1529.36', '1632.15']
      scaled_head:  ['79.04', '70.77', '69.42', '67.30', '63.10', '61.85', '60.56', '53.26', '43.77', '35.61', '28.15']
      scaled_power: ['9.7011', '13.7382', '16.9521', '18.9892', '20.1253', '20.3386', '20.5047', '21.0871', '21.0364', '20.4564', '19.7534']
    [FINAL] plotted_flow:  [0.79 → 1632.15]
    [FINAL] plotted_head:  [79.04 → 28.15]
    [FINAL] plotted_power: [9.7011 → 19.7534]
    [FINAL] plotted_eff:   [0.16 → 58.64]

  ── [LOAD+SCALE] 99271877120010A1P ──
    trim=8.6300, stages=4, rpm=1760.0, filing='Fig.1 to 0.03'
    columns: ['curve_no', 'flow', 'speed', 'power_in', 'power_bowl_motor', 'power_bowl_dyno', 'power_pump_motor', 'power_pump_dyno', 'tdh_bowl', 'tdh_pump', 'eff_bowl_motor', 'eff_bowl_dyno', 'eff_pump_motor', 'eff_pump_dyno', 'eff_overall', 'npsha']
    rows: 12
    flow: 12 pts
      values: ['0.37', '401.42', '601.85', '789.61', '979.61', '1005.11', '1038.64', '1184.19', '1363.79', '1499.38', '1501.87', '1612.01']
    head ('tdh_bowl'): 12 pts
      values: ['323.72', '282.40', '276.30', '268.06', '249.02', '245.60', '241.37', '219.36', '186.61', '156.02', '154.87', '126.22']
    power ('power_bowl_dyno'): all zero/negative — trying fallback
    power FALLBACK ('power_bowl_motor'): 12 pts
      values: ['42.3769', '53.8425', '64.3556', '73.1616', '79.3622', '80.0548', '80.7806', '83.3758', '84.6818', '83.5078', '83.4548', '81.2796']
    efficiency ('eff_bowl_motor'): 12 pts
      values: ['0.07', '53.08', '65.14', '72.93', '77.49', '77.73', '78.23', '78.54', '75.76', '70.62', '70.26', '63.11']
    [STAGE NORM] 4-stage → dividing head & power by 4
      head BEFORE: ['323.72', '282.40', '276.30', '268.06', '249.02', '245.60', '241.37', '219.36', '186.61', '156.02', '154.87', '126.22']
      head AFTER:  ['80.93', '70.60', '69.07', '67.02', '62.26', '61.40', '60.34', '54.84', '46.65', '39.01', '38.72', '31.56']
      power BEFORE: ['42.3769', '53.8425', '64.3556', '73.1616', '79.3622', '80.0548', '80.7806', '83.3758', '84.6818', '83.5078', '83.4548', '81.2796']
      power AFTER:  ['10.5942', '13.4606', '16.0889', '18.2904', '19.8406', '20.0137', '20.1951', '20.8440', '21.1705', '20.8770', '20.8637', '20.3199']
    [AFFINITY]
      test_diameter:     8.6300
      baseline_diameter: 8.6425
      dia_ratio:         8.6425/8.6300 = 1.001448
      test_rpm:          1760.0
      baseline_rpm:      1775.0
      speed_ratio:       1775.0/1760.0 = 1.008523
      scaled_flow:  ['0.37', '405.42', '607.85', '797.49', '989.39', '1015.15', '1049.01', '1196.01', '1377.41', '1514.35', '1516.86', '1628.11']
      scaled_head:  ['82.55', '72.02', '70.46', '68.36', '63.51', '62.63', '61.55', '55.94', '47.59', '39.79', '39.50', '32.19']
      scaled_power: ['10.9147', '13.8678', '16.5756', '18.8437', '20.4407', '20.6191', '20.8061', '21.4745', '21.8109', '21.5085', '21.4948', '20.9346']
    [FINAL] plotted_flow:  [0.37 → 1628.11]
    [FINAL] plotted_head:  [82.55 → 32.19]
    [FINAL] plotted_power: [10.9147 → 20.9346]
    [FINAL] plotted_eff:   [0.07 → 63.11]

  ── [LOAD+SCALE] 99271850470010A1P ──
    trim=8.5200, stages=3, rpm=1750.0, filing='Fig.1 to 0.03'
    columns: ['curve_no', 'flow', 'speed', 'power_in', 'power_bowl_motor', 'power_bowl_dyno', 'power_pump_motor', 'power_pump_dyno', 'tdh_bowl', 'tdh_pump', 'eff_bowl_motor', 'eff_bowl_dyno', 'eff_pump_motor', 'eff_pump_dyno', 'eff_overall', 'npsha']
    rows: 10
    flow: 10 pts
      values: ['0.49', '439.16', '674.52', '888.81', '1049.94', '1102.02', '1143.66', '1362.85', '1604.86', '1608.47']
    head ('tdh_bowl'): 10 pts
      values: ['229.39', '199.22', '192.95', '180.74', '162.60', '156.22', '150.25', '117.57', '66.51', '66.50']
    power ('power_bowl_dyno'): all zero/negative — trying fallback
    power FALLBACK ('power_bowl_motor'): 10 pts
      values: ['27.3818', '38.5840', '47.4684', '53.5469', '56.3265', '56.9370', '57.3494', '57.9128', '54.8728', '54.8774']
    efficiency ('eff_bowl_motor'): 10 pts
      values: ['0.10', '57.24', '69.22', '75.74', '76.52', '76.34', '75.64', '69.85', '49.11', '49.20']
    [STAGE NORM] 3-stage → dividing head & power by 3
      head BEFORE: ['229.39', '199.22', '192.95', '180.74', '162.60', '156.22', '150.25', '117.57', '66.51', '66.50']
      head AFTER:  ['76.46', '66.41', '64.32', '60.25', '54.20', '52.07', '50.08', '39.19', '22.17', '22.17']
      power BEFORE: ['27.3818', '38.5840', '47.4684', '53.5469', '56.3265', '56.9370', '57.3494', '57.9128', '54.8728', '54.8774']
      power AFTER:  ['9.1273', '12.8613', '15.8228', '17.8490', '18.7755', '18.9790', '19.1165', '19.3043', '18.2909', '18.2925']
    [AFFINITY]
      test_diameter:     8.5200
      baseline_diameter: 8.6425
      dia_ratio:         8.6425/8.5200 = 1.014378
      test_rpm:          1750.0
      baseline_rpm:      1775.0
      speed_ratio:       1775.0/1750.0 = 1.014286
      scaled_flow:  ['0.51', '451.83', '693.99', '914.47', '1080.25', '1133.83', '1176.68', '1402.20', '1651.19', '1654.91']
      scaled_head:  ['80.94', '70.30', '68.08', '63.78', '57.38', '55.12', '53.02', '41.48', '23.47', '23.46']
      scaled_power: ['9.9408', '14.0077', '17.2331', '19.4399', '20.4490', '20.6706', '20.8203', '21.0249', '19.9212', '19.9229']
    [FINAL] plotted_flow:  [0.51 → 1654.91]
    [FINAL] plotted_head:  [80.94 → 23.46]
    [FINAL] plotted_power: [9.9408 → 19.9229]
    [FINAL] plotted_eff:   [0.10 → 49.20]

  ── [LOAD+SCALE] 99271857420012A1P ──
    trim=8.5700, stages=4, rpm=1760.0, filing='Fig.1 to 0.03'
    columns: ['curve_no', 'flow', 'speed', 'power_in', 'power_bowl_motor', 'power_bowl_dyno', 'power_pump_motor', 'power_pump_dyno', 'tdh_bowl', 'tdh_pump', 'eff_bowl_motor', 'eff_bowl_dyno', 'eff_pump_motor', 'eff_pump_dyno', 'eff_overall', 'npsha']
    rows: 10
    flow: 10 pts
      values: ['0.53', '394.21', '595.52', '776.20', '942.00', '982.59', '1009.48', '1171.65', '1503.60', '1579.39']
    head ('tdh_bowl'): 10 pts
      values: ['317.36', '276.90', '270.26', '262.59', '246.23', '241.69', '238.10', '213.21', '145.80', '125.42']
    power ('power_bowl_dyno'): all zero/negative — trying fallback
    power FALLBACK ('power_bowl_motor'): 10 pts
      values: ['40.1030', '51.8974', '62.0924', '70.2612', '76.1060', '76.9200', '77.3774', '79.9185', '79.1350', '77.4246']
    efficiency ('eff_bowl_motor'): 10 pts
      values: ['0.11', '53.02', '65.34', '73.13', '76.83', '77.83', '78.31', '78.80', '69.84', '64.49']
    [STAGE NORM] 4-stage → dividing head & power by 4
      head BEFORE: ['317.36', '276.90', '270.26', '262.59', '246.23', '241.69', '238.10', '213.21', '145.80', '125.42']
      head AFTER:  ['79.34', '69.22', '67.56', '65.65', '61.56', '60.42', '59.52', '53.30', '36.45', '31.35']
      power BEFORE: ['40.1030', '51.8974', '62.0924', '70.2612', '76.1060', '76.9200', '77.3774', '79.9185', '79.1350', '77.4246']
      power AFTER:  ['10.0257', '12.9744', '15.5231', '17.5653', '19.0265', '19.2300', '19.3443', '19.9796', '19.7837', '19.3561']
    [AFFINITY]
      test_diameter:     8.5700
      baseline_diameter: 8.6425
      dia_ratio:         8.6425/8.5700 = 1.008460
      test_rpm:          1760.0
      baseline_rpm:      1775.0
      speed_ratio:       1775.0/1760.0 = 1.008523
      scaled_flow:  ['0.54', '400.93', '605.67', '789.43', '958.07', '999.35', '1026.70', '1191.64', '1529.24', '1606.33']
      scaled_head:  ['82.07', '71.61', '69.89', '67.91', '63.67', '62.50', '61.57', '55.14', '37.70', '32.43']
      scaled_power: ['10.5475', '13.6496', '16.3309', '18.4794', '20.0167', '20.2308', '20.3510', '21.0194', '20.8133', '20.3635']
    [FINAL] plotted_flow:  [0.54 → 1606.33]
    [FINAL] plotted_head:  [82.07 → 32.43]
    [FINAL] plotted_power: [10.5475 → 20.3635]
    [FINAL] plotted_eff:   [0.11 → 64.49]

  ── [LOAD+SCALE] 99271825120012A1P ──
    trim=8.7575, stages=4, rpm=1760.0, filing='Fig.1 to 0.03'
    columns: ['curve_no', 'flow', 'speed', 'power_in', 'power_bowl_motor', 'power_bowl_dyno', 'power_pump_motor', 'power_pump_dyno', 'tdh_bowl', 'tdh_pump', 'eff_bowl_motor', 'eff_bowl_dyno', 'eff_pump_motor', 'eff_pump_dyno', 'eff_overall', 'npsha']
    rows: 11
    flow: 11 pts
      values: ['0.00', '397.18', '600.84', '788.94', '971.96', '1002.01', '1046.03', '1202.78', '1349.58', '1509.66', '1600.40']
    head ('tdh_bowl'): 11 pts
      values: ['329.04', '291.31', '287.41', '279.08', '263.50', '259.74', '254.21', '230.94', '202.14', '167.27', '144.74']
    power ('power_bowl_dyno'): all zero/negative — trying fallback
    power FALLBACK ('power_bowl_motor'): 11 pts
      values: ['38.2693', '52.0384', '64.5077', '74.5012', '82.0992', '83.2617', '84.4825', '87.7610', '88.7647', '87.8689', '86.8877']
    efficiency ('eff_bowl_motor'): 11 pts
      values: ['0.00', '56.05', '67.48', '74.50', '78.64', '78.80', '79.35', '79.79', '77.48', '72.45', '67.21']
    [STAGE NORM] 4-stage → dividing head & power by 4
      head BEFORE: ['329.04', '291.31', '287.41', '279.08', '263.50', '259.74', '254.21', '230.94', '202.14', '167.27', '144.74']
      head AFTER:  ['82.26', '72.83', '71.85', '69.77', '65.87', '64.93', '63.55', '57.74', '50.54', '41.82', '36.18']
      power BEFORE: ['38.2693', '52.0384', '64.5077', '74.5012', '82.0992', '83.2617', '84.4825', '87.7610', '88.7647', '87.8689', '86.8877']
      power AFTER:  ['9.5673', '13.0096', '16.1269', '18.6253', '20.5248', '20.8154', '21.1206', '21.9403', '22.1912', '21.9672', '21.7219']
    [AFFINITY]
      test_diameter:     8.7575
      baseline_diameter: 8.6425
      dia_ratio:         8.6425/8.7575 = 0.986868
      test_rpm:          1760.0
      baseline_rpm:      1775.0
      speed_ratio:       1775.0/1760.0 = 1.008523
      scaled_flow:  ['0.00', '395.31', '598.00', '785.22', '967.38', '997.28', '1041.09', '1197.10', '1343.20', '1502.54', '1592.84']
      scaled_head:  ['81.49', '72.14', '71.18', '69.11', '65.25', '64.32', '62.96', '57.19', '50.06', '41.42', '35.84']
      scaled_power: ['9.4325', '12.8262', '15.8996', '18.3628', '20.2355', '20.5220', '20.8229', '21.6310', '21.8784', '21.6576', '21.4157']
    [FINAL] plotted_flow:  [0.00 → 1592.84]
    [FINAL] plotted_head:  [81.49 → 35.84]
    [FINAL] plotted_power: [9.4325 → 21.4157]
    [FINAL] plotted_eff:   [0.00 → 67.21]

  ── [LOAD+SCALE] 99271827490012A1P ──
    trim=8.5743, stages=7, rpm=1760.0, filing='Fig.1 to 0.03'
    columns: ['curve_no', 'flow', 'speed', 'power_in', 'power_bowl_motor', 'power_bowl_dyno', 'power_pump_motor', 'power_pump_dyno', 'tdh_bowl', 'tdh_pump', 'eff_bowl_motor', 'eff_bowl_dyno', 'eff_pump_motor', 'eff_pump_dyno', 'eff_overall', 'npsha']
    rows: 12
    flow: 12 pts
      values: ['0.00', '404.19', '591.08', '804.20', '953.45', '989.52', '1021.29', '1182.06', '1345.89', '1508.43', '1583.91', '1658.10']
    head ('tdh_bowl'): 12 pts
      values: ['539.48', '482.41', '472.38', '452.80', '428.42', '418.62', '411.37', '367.75', '310.29', '241.92', '209.49', '174.13']
    power ('power_bowl_dyno'): all zero/negative — trying fallback
    power FALLBACK ('power_bowl_motor'): 12 pts
      values: ['63.4792', '90.3548', '108.0613', '125.7276', '134.5890', '136.2811', '137.6585', '142.1681', '142.7987', '139.0299', '136.6378', '133.4028']
    efficiency ('eff_bowl_motor'): 12 pts
      values: ['0.00', '54.40', '65.14', '73.01', '76.51', '76.62', '76.94', '77.08', '73.72', '66.17', '61.22', '54.56']
    [STAGE NORM] 7-stage → dividing head & power by 7
      head BEFORE: ['539.48', '482.41', '472.38', '452.80', '428.42', '418.62', '411.37', '367.75', '310.29', '241.92', '209.49', '174.13']
      head AFTER:  ['77.07', '68.92', '67.48', '64.69', '61.20', '59.80', '58.77', '52.54', '44.33', '34.56', '29.93', '24.88']
      power BEFORE: ['63.4792', '90.3548', '108.0613', '125.7276', '134.5890', '136.2811', '137.6585', '142.1681', '142.7987', '139.0299', '136.6378', '133.4028']
      power AFTER:  ['9.0685', '12.9078', '15.4373', '17.9611', '19.2270', '19.4687', '19.6655', '20.3097', '20.3998', '19.8614', '19.5197', '19.0575']
    [AFFINITY]
      test_diameter:     8.5743
      baseline_diameter: 8.6425
      dia_ratio:         8.6425/8.5743 = 1.007956
      test_rpm:          1760.0
      baseline_rpm:      1775.0
      speed_ratio:       1775.0/1760.0 = 1.008523
      scaled_flow:  ['0.00', '410.88', '600.86', '817.51', '969.22', '1005.89', '1038.18', '1201.62', '1368.16', '1533.39', '1610.12', '1685.53']
      scaled_head:  ['79.64', '71.21', '69.73', '66.84', '63.25', '61.80', '60.73', '54.29', '45.81', '35.71', '30.93', '25.71']
      scaled_power: ['9.5261', '13.5592', '16.2164', '18.8675', '20.1973', '20.4512', '20.6579', '21.3347', '21.4293', '20.8637', '20.5047', '20.0193']
    [FINAL] plotted_flow:  [0.00 → 1685.53]
    [FINAL] plotted_head:  [79.64 → 25.71]
    [FINAL] plotted_power: [9.5261 → 20.0193]
    [FINAL] plotted_eff:   [0.00 → 54.56]

  ── [LOAD+SCALE] 99271807330011A1P ──
    trim=8.6500, stages=6, rpm=1760.0, filing='Fig.1 to 0.03'
    columns: ['curve_no', 'flow', 'speed', 'power_in', 'power_bowl_motor', 'power_bowl_dyno', 'power_pump_motor', 'power_pump_dyno', 'tdh_bowl', 'tdh_pump', 'eff_bowl_motor', 'eff_bowl_dyno', 'eff_pump_motor', 'eff_pump_dyno', 'eff_overall', 'npsha']
    rows: 11
    flow: 11 pts
      values: ['0.00', '0.03', '395.64', '591.20', '801.37', '945.78', '979.70', '1026.21', '1189.19', '1479.48', '1728.76']
    head ('tdh_bowl'): 11 pts
      values: ['476.45', '476.28', '421.25', '412.50', '396.66', '376.69', '370.55', '361.54', '324.42', '231.95', '127.56']
    power ('power_bowl_dyno'): all zero/negative — trying fallback
    power FALLBACK ('power_bowl_motor'): 11 pts
      values: ['58.6832', '58.6306', '78.7045', '95.1696', '110.4586', '118.6586', '120.0922', '122.0061', '126.3831', '125.6365', '117.7365']
    efficiency ('eff_bowl_motor'): 11 pts
      values: ['0.00', '0.01', '53.46', '64.69', '72.65', '75.80', '76.32', '76.77', '77.06', '68.96', '47.29']
    [STAGE NORM] 6-stage → dividing head & power by 6
      head BEFORE: ['476.45', '476.28', '421.25', '412.50', '396.66', '376.69', '370.55', '361.54', '324.42', '231.95', '127.56']
      head AFTER:  ['79.41', '79.38', '70.21', '68.75', '66.11', '62.78', '61.76', '60.26', '54.07', '38.66', '21.26']
      power BEFORE: ['58.6832', '58.6306', '78.7045', '95.1696', '110.4586', '118.6586', '120.0922', '122.0061', '126.3831', '125.6365', '117.7365']
      power AFTER:  ['9.7805', '9.7718', '13.1174', '15.8616', '18.4098', '19.7764', '20.0154', '20.3343', '21.0638', '20.9394', '19.6228']
    [AFFINITY]
      test_diameter:     8.6500
      baseline_diameter: 8.6425
      dia_ratio:         8.6425/8.6500 = 0.999133
      test_rpm:          1760.0
      baseline_rpm:      1775.0
      speed_ratio:       1775.0/1760.0 = 1.008523
      scaled_flow:  ['0.00', '0.03', '398.67', '595.72', '807.49', '953.01', '987.20', '1034.05', '1198.28', '1490.80', '1741.99']
      scaled_head:  ['80.63', '80.60', '71.29', '69.81', '67.13', '63.75', '62.71', '61.18', '54.90', '39.25', '21.59']
      scaled_power: ['10.0067', '9.9977', '13.4207', '16.2283', '18.8354', '20.2337', '20.4781', '20.8045', '21.5509', '21.4236', '20.0764']
    [FINAL] plotted_flow:  [0.00 → 1741.99]
    [FINAL] plotted_head:  [80.63 → 21.59]
    [FINAL] plotted_power: [10.0067 → 20.0764]
    [FINAL] plotted_eff:   [0.00 → 47.29]

  ── [LOAD+SCALE] 99271816210012A1P ──
    trim=8.5100, stages=6, rpm=1760.0, filing='Fig.1 to 0.03'
    columns: ['curve_no', 'flow', 'speed', 'power_in', 'power_bowl_motor', 'power_bowl_dyno', 'power_pump_motor', 'power_pump_dyno', 'tdh_bowl', 'tdh_pump', 'eff_bowl_motor', 'eff_bowl_dyno', 'eff_pump_motor', 'eff_pump_dyno', 'eff_overall', 'npsha']
    rows: 11
    flow: 11 pts
      values: ['1.53', '387.63', '593.90', '790.83', '935.54', '938.28', '979.72', '1022.53', '1169.82', '1468.64', '1607.48']
    head ('tdh_bowl'): 11 pts
      values: ['466.06', '409.87', '399.41', '384.49', '363.61', '363.54', '355.24', '345.25', '309.11', '215.25', '159.46']
    power ('power_bowl_dyno'): all zero/negative — trying fallback
    power FALLBACK ('power_bowl_motor'): 11 pts
      values: ['56.9969', '76.0421', '91.3541', '104.0140', '110.9730', '110.9755', '112.1254', '113.1743', '115.4063', '113.4568', '108.5132']
    efficiency ('eff_bowl_motor'): 11 pts
      values: ['0.31', '52.67', '65.46', '73.69', '77.27', '77.48', '78.25', '78.63', '78.99', '70.24', '59.55']
    [STAGE NORM] 6-stage → dividing head & power by 6
      head BEFORE: ['466.06', '409.87', '399.41', '384.49', '363.61', '363.54', '355.24', '345.25', '309.11', '215.25', '159.46']
      head AFTER:  ['77.68', '68.31', '66.57', '64.08', '60.60', '60.59', '59.21', '57.54', '51.52', '35.88', '26.58']
      power BEFORE: ['56.9969', '76.0421', '91.3541', '104.0140', '110.9730', '110.9755', '112.1254', '113.1743', '115.4063', '113.4568', '108.5132']
      power AFTER:  ['9.4995', '12.6737', '15.2257', '17.3357', '18.4955', '18.4959', '18.6876', '18.8624', '19.2344', '18.9095', '18.0855']
    [AFFINITY]
      test_diameter:     8.5100
      baseline_diameter: 8.6425
      dia_ratio:         8.6425/8.5100 = 1.015570
      test_rpm:          1760.0
      baseline_rpm:      1775.0
      speed_ratio:       1775.0/1760.0 = 1.008523
      scaled_flow:  ['1.56', '397.02', '608.29', '809.99', '958.21', '961.01', '1003.46', '1047.30', '1198.16', '1504.22', '1646.42']
      scaled_head:  ['81.49', '71.66', '69.83', '67.22', '63.57', '63.56', '62.11', '60.36', '54.05', '37.63', '27.88']
      scaled_power: ['10.2067', '13.6172', '16.3592', '18.6263', '19.8725', '19.8730', '20.0789', '20.2667', '20.6664', '20.3173', '19.4320']
    [FINAL] plotted_flow:  [1.56 → 1646.42]
    [FINAL] plotted_head:  [81.49 → 27.88]
    [FINAL] plotted_power: [10.2067 → 19.4320]
    [FINAL] plotted_eff:   [0.31 → 59.55]

  ── [LOAD+SCALE] 99271797280012A1P ──
    trim=8.6200, stages=7, rpm=1760.0, filing='Fig.1 to 0.03'
    columns: ['curve_no', 'flow', 'speed', 'power_in', 'power_bowl_motor', 'power_bowl_dyno', 'power_pump_motor', 'power_pump_dyno', 'tdh_bowl', 'tdh_pump', 'eff_bowl_motor', 'eff_bowl_dyno', 'eff_pump_motor', 'eff_pump_dyno', 'eff_overall', 'npsha']
    rows: 16
    flow: 16 pts
      values: ['2.38', '323.32', '549.97', '702.13', '834.32', '968.74', '1005.85', '1038.28', '1148.04', '1194.78', '1315.64', '1487.99', '1502.33', '1591.50', '1709.06', '1709.06']
    head ('tdh_bowl'): 16 pts
      values: ['556.51', '499.87', '482.46', '473.96', '461.23', '441.40', '431.86', '424.53', '396.81', '384.34', '345.08', '278.37', '272.68', '232.83', '172.25', '172.25']
    power ('power_bowl_dyno'): all zero/negative — trying fallback
    power FALLBACK ('power_bowl_motor'): 16 pts
      values: ['68.1846', '86.5159', '104.8313', '119.1015', '129.3777', '136.7283', '138.3500', '139.4652', '142.2694', '142.9173', '144.2776', '142.4864', '142.2534', '139.2986', '133.4048', '133.4048']
    efficiency ('eff_bowl_motor'): 16 pts
      values: ['0.49', '47.09', '63.81', '70.44', '74.98', '78.84', '79.15', '79.67', '80.72', '81.00', '79.33', '73.28', '72.59', '67.06', '55.63', '55.63']
    [STAGE NORM] 7-stage → dividing head & power by 7
      head BEFORE: ['556.51', '499.87', '482.46', '473.96', '461.23', '441.40', '431.86', '424.53', '396.81', '384.34', '345.08', '278.37', '272.68', '232.83', '172.25', '172.25']
      head AFTER:  ['79.50', '71.41', '68.92', '67.71', '65.89', '63.06', '61.69', '60.65', '56.69', '54.91', '49.30', '39.77', '38.95', '33.26', '24.61', '24.61']
      power BEFORE: ['68.1846', '86.5159', '104.8313', '119.1015', '129.3777', '136.7283', '138.3500', '139.4652', '142.2694', '142.9173', '144.2776', '142.4864', '142.2534', '139.2986', '133.4048', '133.4048']
      power AFTER:  ['9.7407', '12.3594', '14.9759', '17.0145', '18.4825', '19.5326', '19.7643', '19.9236', '20.3242', '20.4168', '20.6111', '20.3552', '20.3219', '19.8998', '19.0578', '19.0578']
    [AFFINITY]
      test_diameter:     8.6200
      baseline_diameter: 8.6425
      dia_ratio:         8.6425/8.6200 = 1.002610
      test_rpm:          1760.0
      baseline_rpm:      1775.0
      speed_ratio:       1775.0/1760.0 = 1.008523
      scaled_flow:  ['2.40', '326.92', '556.10', '709.96', '843.63', '979.55', '1017.07', '1049.86', '1160.84', '1208.11', '1330.32', '1504.59', '1519.09', '1609.26', '1728.13', '1728.13']
      scaled_head:  ['81.28', '73.01', '70.47', '69.23', '67.37', '64.47', '63.08', '62.01', '57.96', '56.14', '50.40', '40.66', '39.83', '34.01', '25.16', '25.16']
      scaled_power: ['10.0703', '12.7777', '15.4827', '17.5903', '19.1080', '20.1936', '20.4331', '20.5978', '21.0120', '21.1077', '21.3086', '21.0440', '21.0096', '20.5732', '19.7028', '19.7028']
    [FINAL] plotted_flow:  [2.40 → 1728.13]
    [FINAL] plotted_head:  [81.28 → 25.16]
    [FINAL] plotted_power: [10.0703 → 19.7028]
    [FINAL] plotted_eff:   [0.49 → 55.63]

  ── [LOAD+SCALE] 99271795100012A1P ──
    trim=8.5100, stages=6, rpm=1760.0, filing='Fig. 1 to 0.03'
    columns: ['curve_no', 'flow', 'speed', 'power_in', 'power_bowl_motor', 'power_bowl_dyno', 'power_pump_motor', 'power_pump_dyno', 'tdh_bowl', 'tdh_pump', 'eff_bowl_motor', 'eff_bowl_dyno', 'eff_pump_motor', 'eff_pump_dyno', 'eff_overall', 'npsha']
    rows: 11
    flow: 11 pts
      values: ['5.70', '400.84', '590.29', '796.98', '956.10', '1001.68', '1040.23', '1208.54', '1351.02', '1520.94', '1601.16']
    head ('tdh_bowl'): 11 pts
      values: ['464.98', '407.90', '399.29', '384.97', '362.76', '353.96', '346.12', '305.74', '265.60', '207.73', '173.48']
    power ('power_bowl_dyno'): all zero/negative — trying fallback
    power FALLBACK ('power_bowl_motor'): 11 pts
      values: ['56.5867', '75.3419', '89.4228', '103.1136', '110.5184', '111.6939', '112.6260', '115.2595', '115.7489', '112.6291', '109.7197']
    efficiency ('eff_bowl_motor'): 11 pts
      values: ['1.18', '54.71', '66.45', '75.01', '79.11', '80.02', '80.59', '80.81', '78.15', '70.72', '63.82']
    [STAGE NORM] 6-stage → dividing head & power by 6
      head BEFORE: ['464.98', '407.90', '399.29', '384.97', '362.76', '353.96', '346.12', '305.74', '265.60', '207.73', '173.48']
      head AFTER:  ['77.50', '67.98', '66.55', '64.16', '60.46', '58.99', '57.69', '50.96', '44.27', '34.62', '28.91']
      power BEFORE: ['56.5867', '75.3419', '89.4228', '103.1136', '110.5184', '111.6939', '112.6260', '115.2595', '115.7489', '112.6291', '109.7197']
      power AFTER:  ['9.4311', '12.5570', '14.9038', '17.1856', '18.4197', '18.6157', '18.7710', '19.2099', '19.2915', '18.7715', '18.2866']
    [AFFINITY]
      test_diameter:     8.5100
      baseline_diameter: 8.6425
      dia_ratio:         8.6425/8.5100 = 1.015570
      test_rpm:          1760.0
      baseline_rpm:      1775.0
      speed_ratio:       1775.0/1760.0 = 1.008523
      scaled_flow:  ['5.84', '410.55', '604.59', '816.28', '979.26', '1025.94', '1065.43', '1237.82', '1383.75', '1557.78', '1639.95']
      scaled_head:  ['81.30', '71.32', '69.81', '67.31', '63.42', '61.89', '60.52', '53.46', '46.44', '36.32', '30.33']
      scaled_power: ['10.1333', '13.4919', '16.0134', '18.4651', '19.7911', '20.0016', '20.1685', '20.6401', '20.7277', '20.1691', '19.6481']
    [FINAL] plotted_flow:  [5.84 → 1639.95]
    [FINAL] plotted_head:  [81.30 → 30.33]
    [FINAL] plotted_power: [10.1333 → 19.6481]
    [FINAL] plotted_eff:   [1.18 → 63.82]

  ── [LOAD+SCALE] 99271800210012A1P ──
    trim=8.5700, stages=4, rpm=1760.0, filing='Fig.1 to 0.03'
    columns: ['curve_no', 'flow', 'speed', 'power_in', 'power_bowl_motor', 'power_bowl_dyno', 'power_pump_motor', 'power_pump_dyno', 'tdh_bowl', 'tdh_pump', 'eff_bowl_motor', 'eff_bowl_dyno', 'eff_pump_motor', 'eff_pump_dyno', 'eff_overall', 'npsha']
    rows: 15
    flow: 15 pts
      values: ['0.00', '512.30', '688.08', '853.91', '982.43', '1006.22', '1038.71', '1097.87', '1232.52', '1407.00', '1499.03', '1515.83', '1636.60', '1722.78', '1779.26']
    head ('tdh_bowl'): 15 pts
      values: ['310.74', '273.34', '268.64', '260.22', '247.21', '244.95', '240.82', '231.94', '211.83', '182.08', '158.80', '154.18', '123.44', '98.26', '79.99']
    power ('power_bowl_dyno'): all zero/negative — trying fallback
    power FALLBACK ('power_bowl_motor'): 15 pts
      values: ['37.8597', '57.5629', '66.8425', '73.6413', '77.9820', '78.4613', '79.1461', '80.1152', '81.8519', '82.4498', '81.5893', '81.2703', '78.6455', '76.0831', '73.7993']
    efficiency ('eff_bowl_motor'): 15 pts
      values: ['0.00', '61.32', '69.71', '76.06', '78.51', '79.19', '79.67', '80.13', '80.41', '78.33', '73.55', '72.49', '64.76', '56.09', '48.61']
    [FTS] Checking packing/bearing loss...
    [FTS] file: C:\Users\107087\AppData\Local\Temp\px_detail_2dpdyve9\99271800210012A1P.xls
    [FTS] friction coefficient: 0.1
    [FTS] BA is all zeros — computing packing loss
    [FTS] Line shaft diameter: 1.5000"
    [FTS] Using 'tdh_bowl' for discharge pressure
    [FTS] Speed (first 5): ['1760.0', '1760.0', '1760.0', '1760.0', '1760.0']
    [FTS] Pressure (first 5): ['310.74', '273.34', '268.64', '260.22', '247.21']
    [FTS] Packing cross section: 0.5" (shaft >= 1.0")
    [FTS] Contact area: 0.5 × 0.94 × 1.5000 × π = 2.214823 in²
    [FTS] shaft_radius_ft: 0.062500
    [FTS] Loss HP (first 5): ['1.153156', '1.014376', '0.996935', '0.965681', '0.917411']
    [FTS] Loss HP range: 0.296837 — 1.153156
    [FTS] Power correction applied:
      Original power (first 5): ['37.8597', '57.5629', '66.8425', '73.6413', '77.9820']
      Loss HP       (first 5): ['1.153156', '1.014376', '0.996935', '0.965681', '0.917411']
      Corrected     (first 5): ['36.7065', '56.5485', '65.8455', '72.6756', '77.0646']
      Avg loss: 0.7636 HP
      Max loss: 1.1532 HP
    power BEFORE FTS: ['37.8597', '57.5629', '66.8425', '73.6413', '77.9820', '78.4613', '79.1461', '80.1152', '81.8519', '82.4498', '81.5893', '81.2703', '78.6455', '76.0831', '73.7993']
    power AFTER FTS:  ['36.7065', '56.5485', '65.8455', '72.6756', '77.0646', '77.5523', '78.2524', '79.2544', '81.0658', '81.7741', '81.0000', '80.6982', '78.1874', '75.7184', '73.5024']
    [STAGE NORM] 4-stage → dividing head & power by 4
      head BEFORE: ['310.74', '273.34', '268.64', '260.22', '247.21', '244.95', '240.82', '231.94', '211.83', '182.08', '158.80', '154.18', '123.44', '98.26', '79.99']
      head AFTER:  ['77.68', '68.33', '67.16', '65.05', '61.80', '61.24', '60.20', '57.99', '52.96', '45.52', '39.70', '38.54', '30.86', '24.56', '20.00']
      power BEFORE: ['36.7065', '56.5485', '65.8455', '72.6756', '77.0646', '77.5523', '78.2524', '79.2544', '81.0658', '81.7741', '81.0000', '80.6982', '78.1874', '75.7184', '73.5024']
      power AFTER:  ['9.1766', '14.1371', '16.4614', '18.1689', '19.2661', '19.3881', '19.5631', '19.8136', '20.2664', '20.4435', '20.2500', '20.1745', '19.5468', '18.9296', '18.3756']
    [AFFINITY]
      test_diameter:     8.5700
      baseline_diameter: 8.6425
      dia_ratio:         8.6425/8.5700 = 1.008460
      test_rpm:          1760.0
      baseline_rpm:      1775.0
      speed_ratio:       1775.0/1760.0 = 1.008523
      scaled_flow:  ['0.00', '521.03', '699.81', '868.47', '999.18', '1023.38', '1056.43', '1116.60', '1253.54', '1431.00', '1524.59', '1541.68', '1664.51', '1752.16', '1809.60']
      scaled_head:  ['80.36', '70.69', '69.47', '67.29', '63.93', '63.34', '62.28', '59.98', '54.78', '47.08', '41.07', '39.87', '31.92', '25.41', '20.68']
      scaled_power: ['9.6542', '14.8728', '17.3181', '19.1144', '20.2688', '20.3971', '20.5812', '20.8447', '21.3211', '21.5074', '21.3038', '21.2245', '20.5641', '19.9147', '19.3319']
    [FINAL] plotted_flow:  [0.00 → 1809.60]
    [FINAL] plotted_head:  [80.36 → 20.68]
    [FINAL] plotted_power: [9.6542 → 19.3319]
    [FINAL] plotted_eff:   [0.00 → 48.61]

  ── [LOAD+SCALE] 5011300960010C1P ──
    trim=8.5733, stages=3, rpm=1780.0, filing='Fig.1 to 0.03'
    columns: ['curve_no', 'flow', 'speed', 'power_in', 'power_bowl_motor', 'power_bowl_dyno', 'power_pump_motor', 'power_pump_dyno', 'tdh_bowl', 'tdh_pump', 'eff_bowl_motor', 'eff_bowl_dyno', 'eff_pump_motor', 'eff_pump_dyno', 'eff_overall', 'npsha']
    rows: 10
    flow: 10 pts
      values: ['6.26', '396.91', '600.56', '808.85', '977.08', '1002.61', '1030.69', '1194.01', '1398.57', '1560.21']
    head ('tdh_bowl'): 10 pts
      values: ['215.18', '203.11', '199.85', '191.44', '177.14', '174.61', '172.19', '153.57', '122.31', '87.83']
    power ('power_bowl_dyno'): 10 pts
      values: ['21.3962', '37.0403', '46.3051', '53.6967', '58.0049', '58.4924', '59.1561', '62.0443', '63.3778', '62.2506']
    efficiency ('eff_bowl_dyno'): 10 pts
      values: ['1.59', '54.94', '65.44', '72.80', '75.33', '75.56', '75.74', '74.61', '68.14', '55.57']
    [FTS] Checking packing/bearing loss...
    [FTS] file: C:\Users\107087\AppData\Local\Temp\px_detail_2dpdyve9\5011300960010C1P.xls
    [FTS] friction coefficient: 0.1
    [FTS] BA is all zeros — computing packing loss
    [FTS] Line shaft diameter: 1.5000"
    [FTS] Using 'tdh_bowl' for discharge pressure
    [FTS] Speed (first 5): ['1780.0', '1780.0', '1780.0', '1780.0', '1780.0']
    [FTS] Pressure (first 5): ['215.18', '203.11', '199.85', '191.44', '177.14']
    [FTS] Packing cross section: 0.5" (shaft >= 1.0")
    [FTS] Contact area: 0.5 × 0.94 × 1.5000 × π = 2.214823 in²
    [FTS] shaft_radius_ft: 0.062500
    [FTS] Loss HP (first 5): ['0.807603', '0.762304', '0.750086', '0.718499', '0.664851']
    [FTS] Loss HP range: 0.329630 — 0.807603
    [FTS] Power correction applied:
      Original power (first 5): ['21.3962', '37.0403', '46.3051', '53.6967', '58.0049']
      Loss HP       (first 5): ['0.807603', '0.762304', '0.750086', '0.718499', '0.664851']
      Corrected     (first 5): ['20.5886', '36.2780', '45.5550', '52.9782', '57.3400']
      Avg loss: 0.6370 HP
      Max loss: 0.8076 HP
    power BEFORE FTS: ['21.3962', '37.0403', '46.3051', '53.6967', '58.0049', '58.4924', '59.1561', '62.0443', '63.3778', '62.2506']
    power AFTER FTS:  ['20.5886', '36.2780', '45.5550', '52.9782', '57.3400', '57.8371', '58.5098', '61.4679', '62.9187', '61.9210']
    [STAGE NORM] 3-stage → dividing head & power by 3
      head BEFORE: ['215.18', '203.11', '199.85', '191.44', '177.14', '174.61', '172.19', '153.57', '122.31', '87.83']
      head AFTER:  ['71.73', '67.70', '66.62', '63.81', '59.05', '58.20', '57.40', '51.19', '40.77', '29.28']
      power BEFORE: ['20.5886', '36.2780', '45.5550', '52.9782', '57.3400', '57.8371', '58.5098', '61.4679', '62.9187', '61.9210']
      power AFTER:  ['6.8629', '12.0927', '15.1850', '17.6594', '19.1133', '19.2790', '19.5033', '20.4893', '20.9729', '20.6403']
    [AFFINITY]
      test_diameter:     8.5733
      baseline_diameter: 8.6425
      dia_ratio:         8.6425/8.5733 = 1.008068
      test_rpm:          1780.0
      baseline_rpm:      1775.0
      speed_ratio:       1775.0/1780.0 = 0.997191
      scaled_flow:  ['6.29', '398.99', '603.70', '813.08', '982.20', '1007.86', '1036.09', '1200.26', '1405.89', '1568.38']
      scaled_head:  ['72.48', '68.41', '67.32', '64.48', '59.67', '58.81', '58.00', '51.73', '41.20', '29.58']
      scaled_power: ['6.9712', '12.2836', '15.4248', '17.9382', '19.4152', '19.5834', '19.8112', '20.8128', '21.3041', '20.9662']
    [FINAL] plotted_flow:  [6.29 → 1568.38]
    [FINAL] plotted_head:  [72.48 → 29.58]
    [FINAL] plotted_power: [6.9712 → 20.9662]
    [FINAL] plotted_eff:   [1.59 → 55.57]

  ── [LOAD+SCALE] 5011300960010B1P ──
    trim=8.5733, stages=3, rpm=1780.0, filing='Fig.1 to 0.03'
    columns: ['curve_no', 'flow', 'speed', 'power_in', 'power_bowl_motor', 'power_bowl_dyno', 'power_pump_motor', 'power_pump_dyno', 'tdh_bowl', 'tdh_pump', 'eff_bowl_motor', 'eff_bowl_dyno', 'eff_pump_motor', 'eff_pump_dyno', 'eff_overall', 'npsha']
    rows: 14
    flow: 14 pts
      values: ['15.15', '430.55', '720.85', '850.93', '977.62', '998.98', '1040.17', '1161.74', '1279.97', '1417.80', '1513.34', '1634.56', '1703.66', '1772.60']
    head ('tdh_bowl'): 14 pts
      values: ['215.25', '203.15', '196.06', '188.16', '177.05', '174.78', '171.11', '158.20', '140.73', '118.39', '104.31', '82.03', '64.49', '48.67']
    power ('power_bowl_dyno'): 14 pts
      values: ['20.7248', '38.2990', '50.4666', '54.3133', '57.4330', '57.8095', '58.6438', '60.7140', '61.8929', '61.7996', '61.9170', '60.7057', '58.9829', '57.9044']
    efficiency ('eff_bowl_dyno'): 14 pts
      values: ['3.97', '57.66', '70.70', '74.42', '76.08', '76.25', '76.62', '76.42', '73.47', '68.57', '64.36', '55.76', '47.03', '37.61']
    [FTS] Checking packing/bearing loss...
    [FTS] file: C:\Users\107087\AppData\Local\Temp\px_detail_2dpdyve9\5011300960010B1P.xls
    [FTS] friction coefficient: 0.1
    [FTS] BA is all zeros — computing packing loss
    [FTS] Line shaft diameter: 1.5000"
    [FTS] Using 'tdh_bowl' for discharge pressure
    [FTS] Speed (first 5): ['1780.0', '1780.0', '1780.0', '1780.0', '1780.0']
    [FTS] Pressure (first 5): ['215.25', '203.15', '196.06', '188.16', '177.05']
    [FTS] Packing cross section: 0.5" (shaft >= 1.0")
    [FTS] Contact area: 0.5 × 0.94 × 1.5000 × π = 2.214823 in²
    [FTS] shaft_radius_ft: 0.062500
    [FTS] Loss HP (first 5): ['0.807888', '0.762475', '0.735858', '0.706213', '0.664491']
    [FTS] Loss HP range: 0.182675 — 0.807888
    [FTS] Power correction applied:
      Original power (first 5): ['20.7248', '38.2990', '50.4666', '54.3133', '57.4330']
      Loss HP       (first 5): ['0.807888', '0.762475', '0.735858', '0.706213', '0.664491']
      Corrected     (first 5): ['19.9169', '37.5365', '49.7307', '53.6071', '56.7685']
      Avg loss: 0.5475 HP
      Max loss: 0.8079 HP
    power BEFORE FTS: ['20.7248', '38.2990', '50.4666', '54.3133', '57.4330', '57.8095', '58.6438', '60.7140', '61.8929', '61.7996', '61.9170', '60.7057', '58.9829', '57.9044']
    power AFTER FTS:  ['19.9169', '37.5365', '49.7307', '53.6071', '56.7685', '57.1535', '58.0016', '60.1202', '61.3647', '61.3553', '61.5255', '60.3978', '58.7408', '57.7218']
    [STAGE NORM] 3-stage → dividing head & power by 3
      head BEFORE: ['215.25', '203.15', '196.06', '188.16', '177.05', '174.78', '171.11', '158.20', '140.73', '118.39', '104.31', '82.03', '64.49', '48.67']
      head AFTER:  ['71.75', '67.72', '65.35', '62.72', '59.02', '58.26', '57.04', '52.73', '46.91', '39.46', '34.77', '27.34', '21.50', '16.22']
      power BEFORE: ['19.9169', '37.5365', '49.7307', '53.6071', '56.7685', '57.1535', '58.0016', '60.1202', '61.3647', '61.3553', '61.5255', '60.3978', '58.7408', '57.7218']
      power AFTER:  ['6.6390', '12.5122', '16.5769', '17.8690', '18.9228', '19.0512', '19.3339', '20.0401', '20.4549', '20.4518', '20.5085', '20.1326', '19.5803', '19.2406']
    [AFFINITY]
      test_diameter:     8.5733
      baseline_diameter: 8.6425
      dia_ratio:         8.6425/8.5733 = 1.008068
      test_rpm:          1780.0
      baseline_rpm:      1775.0
      speed_ratio:       1775.0/1780.0 = 0.997191
      scaled_flow:  ['15.23', '432.80', '724.63', '855.39', '982.74', '1004.21', '1045.61', '1167.82', '1286.68', '1425.22', '1521.26', '1643.12', '1712.58', '1781.88']
      scaled_head:  ['72.50', '68.43', '66.04', '63.38', '59.63', '58.87', '57.64', '53.29', '47.40', '39.88', '35.14', '27.63', '21.72', '16.39']
      scaled_power: ['6.7438', '12.7098', '16.8387', '18.1512', '19.2216', '19.3520', '19.6392', '20.3565', '20.7779', '20.7747', '20.8323', '20.4505', '19.8895', '19.5444']
    [FINAL] plotted_flow:  [15.23 → 1781.88]
    [FINAL] plotted_head:  [72.50 → 16.39]
    [FINAL] plotted_power: [6.7438 → 19.5444]
    [FINAL] plotted_eff:   [3.97 → 37.61]

  ── [LOAD+SCALE] 99271761640010A1P ──
    trim=8.8000, stages=2, rpm=1760.0, filing='Fig.1 to 0.03'
    columns: ['curve_no', 'flow', 'speed', 'power_in', 'power_bowl_motor', 'power_bowl_dyno', 'power_pump_motor', 'power_pump_dyno', 'tdh_bowl', 'tdh_pump', 'eff_bowl_motor', 'eff_bowl_dyno', 'eff_pump_motor', 'eff_pump_dyno', 'eff_overall', 'npsha']
    rows: 12
    flow: 12 pts
      values: ['5.73', '392.64', '593.24', '801.45', '974.93', '998.36', '1024.24', '1200.48', '1341.15', '1506.20', '1602.44', '1687.70']
    head ('tdh_bowl'): 12 pts
      values: ['162.97', '147.44', '144.87', '143.03', '135.75', '134.46', '132.80', '122.14', '110.79', '97.02', '87.68', '77.09']
    power ('power_bowl_dyno'): 12 pts
      values: ['20.3952', '27.7529', '33.8974', '39.9330', '43.7644', '44.1668', '44.6249', '47.2703', '48.7047', '49.6804', '49.7518', '49.3015']
    efficiency ('eff_bowl_dyno'): 12 pts
      values: ['1.15', '52.58', '63.91', '72.36', '76.24', '76.62', '76.84', '78.19', '76.90', '74.15', '71.19', '66.53']
    [FTS] Checking packing/bearing loss...
    [FTS] file: C:\Users\107087\AppData\Local\Temp\px_detail_2dpdyve9\99271761640010A1P.xls
    [FTS] friction coefficient: 0.1
    [FTS] BA is all zeros — computing packing loss
    [FTS] Line shaft diameter: 1.5000"
    [FTS] Using 'tdh_bowl' for discharge pressure
    [FTS] Speed (first 5): ['1760.0', '1760.0', '1760.0', '1760.0', '1760.0']
    [FTS] Pressure (first 5): ['162.97', '147.44', '144.87', '143.03', '135.75']
    [FTS] Packing cross section: 0.5" (shaft >= 1.0")
    [FTS] Contact area: 0.5 × 0.94 × 1.5000 × π = 2.214823 in²
    [FTS] shaft_radius_ft: 0.062500
    [FTS] Loss HP (first 5): ['0.604791', '0.547159', '0.537622', '0.530774', '0.503785']
    [FTS] Loss HP range: 0.286100 — 0.604791
    [FTS] Power correction applied:
      Original power (first 5): ['20.3952', '27.7529', '33.8974', '39.9330', '43.7644']
      Loss HP       (first 5): ['0.604791', '0.547159', '0.537622', '0.530774', '0.503785']
      Corrected     (first 5): ['19.7904', '27.2057', '33.3598', '39.4022', '43.2606']
      Avg loss: 0.4627 HP
      Max loss: 0.6048 HP
    power BEFORE FTS: ['20.3952', '27.7529', '33.8974', '39.9330', '43.7644', '44.1668', '44.6249', '47.2703', '48.7047', '49.6804', '49.7518', '49.3015']
    power AFTER FTS:  ['19.7904', '27.2057', '33.3598', '39.4022', '43.2606', '43.6678', '44.1321', '46.8170', '48.2935', '49.3204', '49.4264', '49.0154']
    [STAGE NORM] 2-stage → dividing head & power by 2
      head BEFORE: ['162.97', '147.44', '144.87', '143.03', '135.75', '134.46', '132.80', '122.14', '110.79', '97.02', '87.68', '77.09']
      head AFTER:  ['81.49', '73.72', '72.44', '71.51', '67.88', '67.23', '66.40', '61.07', '55.39', '48.51', '43.84', '38.55']
      power BEFORE: ['19.7904', '27.2057', '33.3598', '39.4022', '43.2606', '43.6678', '44.1321', '46.8170', '48.2935', '49.3204', '49.4264', '49.0154']
      power AFTER:  ['9.8952', '13.6029', '16.6799', '19.7011', '21.6303', '21.8339', '22.0660', '23.4085', '24.1468', '24.6602', '24.7132', '24.5077']
    [AFFINITY]
      test_diameter:     8.8000
      baseline_diameter: 8.6425
      dia_ratio:         8.6425/8.8000 = 0.982102
      test_rpm:          1760.0
      baseline_rpm:      1775.0
      speed_ratio:       1775.0/1760.0 = 1.008523
      scaled_flow:  ['5.68', '388.90', '587.59', '793.81', '965.64', '988.85', '1014.48', '1189.04', '1328.37', '1491.85', '1587.17', '1671.62']
      scaled_head:  ['79.94', '72.32', '71.06', '70.16', '66.59', '65.96', '65.14', '59.91', '54.34', '47.59', '43.01', '37.82']
      scaled_power: ['9.6151', '13.2178', '16.2077', '19.1434', '21.0179', '21.2157', '21.4413', '22.7458', '23.4632', '23.9620', '24.0135', '23.8139']
    [FINAL] plotted_flow:  [5.68 → 1671.62]
    [FINAL] plotted_head:  [79.94 → 37.82]
    [FINAL] plotted_power: [9.6151 → 23.8139]
    [FINAL] plotted_eff:   [1.15 → 66.53]

  ── [LOAD+SCALE] 99271761630010A1P ──
    trim=8.8000, stages=2, rpm=1760.0, filing='Fig.1 to 0.03'
    columns: ['curve_no', 'flow', 'speed', 'power_in', 'power_bowl_motor', 'power_bowl_dyno', 'power_pump_motor', 'power_pump_dyno', 'tdh_bowl', 'tdh_pump', 'eff_bowl_motor', 'eff_bowl_dyno', 'eff_pump_motor', 'eff_pump_dyno', 'eff_overall', 'npsha']
    rows: 12
    flow: 12 pts
      values: ['5.81', '392.79', '591.74', '787.88', '936.09', '969.81', '1014.27', '1169.92', '1347.52', '1498.41', '1597.57', '1673.39']
    head ('tdh_bowl'): 12 pts
      values: ['159.50', '145.72', '143.65', '141.70', '136.42', '134.56', '132.03', '122.34', '109.18', '95.23', '85.52', '78.41']
    power ('power_bowl_dyno'): 12 pts
      values: ['19.6067', '27.7208', '33.9205', '39.6233', '43.1188', '43.7917', '44.3695', '46.7626', '48.5947', '49.3077', '49.4485', '49.0508']
    efficiency ('eff_bowl_dyno'): 12 pts
      values: ['1.19', '52.05', '63.17', '71.03', '74.66', '75.12', '76.08', '77.16', '76.32', '72.96', '69.65', '67.44']
    [FTS] Checking packing/bearing loss...
    [FTS] file: C:\Users\107087\AppData\Local\Temp\px_detail_2dpdyve9\99271761630010A1P.xls
    [FTS] friction coefficient: 0.1
    [FTS] BA is all zeros — computing packing loss
    [FTS] Line shaft diameter: 1.5000"
    [FTS] Using 'tdh_bowl' for discharge pressure
    [FTS] Speed (first 5): ['1760.0', '1760.0', '1760.0', '1760.0', '1760.0']
    [FTS] Pressure (first 5): ['159.50', '145.72', '143.65', '141.70', '136.42']
    [FTS] Packing cross section: 0.5" (shaft >= 1.0")
    [FTS] Contact area: 0.5 × 0.94 × 1.5000 × π = 2.214823 in²
    [FTS] shaft_radius_ft: 0.062500
    [FTS] Loss HP (first 5): ['0.591920', '0.540779', '0.533087', '0.525843', '0.506260']
    [FTS] Loss HP range: 0.291000 — 0.591920
    [FTS] Power correction applied:
      Original power (first 5): ['19.6067', '27.7208', '33.9205', '39.6233', '43.1188']
      Loss HP       (first 5): ['0.591920', '0.540779', '0.533087', '0.525843', '0.506260']
      Corrected     (first 5): ['19.0147', '27.1800', '33.3874', '39.0974', '42.6125']
      Avg loss: 0.4590 HP
      Max loss: 0.5919 HP
    power BEFORE FTS: ['19.6067', '27.7208', '33.9205', '39.6233', '43.1188', '43.7917', '44.3695', '46.7626', '48.5947', '49.3077', '49.4485', '49.0508']
    power AFTER FTS:  ['19.0147', '27.1800', '33.3874', '39.0974', '42.6125', '43.2923', '43.8795', '46.3086', '48.1896', '48.9543', '49.1311', '48.7598']
    [STAGE NORM] 2-stage → dividing head & power by 2
      head BEFORE: ['159.50', '145.72', '143.65', '141.70', '136.42', '134.56', '132.03', '122.34', '109.18', '95.23', '85.52', '78.41']
      head AFTER:  ['79.75', '72.86', '71.82', '70.85', '68.21', '67.28', '66.01', '61.17', '54.59', '47.62', '42.76', '39.21']
      power BEFORE: ['19.0147', '27.1800', '33.3874', '39.0974', '42.6125', '43.2923', '43.8795', '46.3086', '48.1896', '48.9543', '49.1311', '48.7598']
      power AFTER:  ['9.5074', '13.5900', '16.6937', '19.5487', '21.3063', '21.6462', '21.9398', '23.1543', '24.0948', '24.4771', '24.5655', '24.3799']
    [AFFINITY]
      test_diameter:     8.8000
      baseline_diameter: 8.6425
      dia_ratio:         8.6425/8.8000 = 0.982102
      test_rpm:          1760.0
      baseline_rpm:      1775.0
      speed_ratio:       1775.0/1760.0 = 1.008523
      scaled_flow:  ['5.75', '389.05', '586.11', '780.38', '927.17', '960.57', '1004.60', '1158.78', '1334.69', '1484.13', '1582.34', '1657.44']
      scaled_head:  ['78.24', '71.48', '70.46', '69.50', '66.92', '66.00', '64.76', '60.01', '53.55', '46.71', '41.95', '38.46']
      scaled_power: ['9.2382', '13.2053', '16.2211', '18.9953', '20.7031', '21.0333', '21.3186', '22.4988', '23.4126', '23.7842', '23.8701', '23.6897']
    [FINAL] plotted_flow:  [5.75 → 1657.44]
    [FINAL] plotted_head:  [78.24 → 38.46]
    [FINAL] plotted_power: [9.2382 → 23.6897]
    [FINAL] plotted_eff:   [1.19 → 67.44]

  ── [LOAD+SCALE] 5011300960010A1P ──
    trim=8.5733, stages=3, rpm=1780.0, filing='Fig.1 to 0.03'
    columns: ['curve_no', 'flow', 'speed', 'power_in', 'power_bowl_motor', 'power_bowl_dyno', 'power_pump_motor', 'power_pump_dyno', 'tdh_bowl', 'tdh_pump', 'eff_bowl_motor', 'eff_bowl_dyno', 'eff_pump_motor', 'eff_pump_dyno', 'eff_overall', 'npsha']
    rows: 12
    flow: 12 pts
      values: ['1.64', '371.42', '600.76', '812.40', '971.70', '990.83', '1035.19', '1167.63', '1327.31', '1451.50', '1546.21', '1716.29']
    head ('tdh_bowl'): 12 pts
      values: ['212.51', '202.72', '198.21', '188.65', '173.79', '171.60', '166.74', '150.08', '125.74', '103.14', '84.61', '44.51']
    power ('power_bowl_dyno'): 12 pts
      values: ['20.2556', '35.4600', '45.8372', '53.2956', '57.0119', '57.2100', '57.9174', '59.5087', '60.1683', '59.3678', '58.1989', '54.2678']
    efficiency ('eff_bowl_dyno'): 12 pts
      values: ['0.44', '53.60', '65.58', '72.59', '74.78', '75.03', '75.24', '74.34', '70.03', '63.66', '56.75', '35.54']
    [FTS] Checking packing/bearing loss...
    [FTS] file: C:\Users\107087\AppData\Local\Temp\px_detail_2dpdyve9\5011300960010A1P.xls
    [FTS] friction coefficient: 0.1
    [FTS] BA is all zeros — computing packing loss
    [FTS] Line shaft diameter: 1.5000"
    [FTS] Using 'tdh_bowl' for discharge pressure
    [FTS] Speed (first 5): ['1780.0', '1780.0', '1780.0', '1780.0', '1780.0']
    [FTS] Pressure (first 5): ['212.51', '202.72', '198.21', '188.65', '173.79']
    [FTS] Packing cross section: 0.5" (shaft >= 1.0")
    [FTS] Contact area: 0.5 × 0.94 × 1.5000 × π = 2.214823 in²
    [FTS] shaft_radius_ft: 0.062500
    [FTS] Loss HP (first 5): ['0.797596', '0.760846', '0.743942', '0.708027', '0.652255']
    [FTS] Loss HP range: 0.167072 — 0.797596
    [FTS] Power correction applied:
      Original power (first 5): ['20.2556', '35.4600', '45.8372', '53.2956', '57.0119']
      Loss HP       (first 5): ['0.797596', '0.760846', '0.743942', '0.708027', '0.652255']
      Corrected     (first 5): ['19.4580', '34.6992', '45.0933', '52.5875', '56.3597']
      Avg loss: 0.5700 HP
      Max loss: 0.7976 HP
    power BEFORE FTS: ['20.2556', '35.4600', '45.8372', '53.2956', '57.0119', '57.2100', '57.9174', '59.5087', '60.1683', '59.3678', '58.1989', '54.2678']
    power AFTER FTS:  ['19.4580', '34.6992', '45.0933', '52.5875', '56.3597', '56.5660', '57.2916', '58.9454', '59.6963', '58.9807', '57.8814', '54.1008']
    [STAGE NORM] 3-stage → dividing head & power by 3
      head BEFORE: ['212.51', '202.72', '198.21', '188.65', '173.79', '171.60', '166.74', '150.08', '125.74', '103.14', '84.61', '44.51']
      head AFTER:  ['70.84', '67.57', '66.07', '62.88', '57.93', '57.20', '55.58', '50.03', '41.91', '34.38', '28.20', '14.84']
      power BEFORE: ['19.4580', '34.6992', '45.0933', '52.5875', '56.3597', '56.5660', '57.2916', '58.9454', '59.6963', '58.9807', '57.8814', '54.1008']
      power AFTER:  ['6.4860', '11.5664', '15.0311', '17.5292', '18.7866', '18.8553', '19.0972', '19.6485', '19.8988', '19.6602', '19.2938', '18.0336']
    [AFFINITY]
      test_diameter:     8.5733
      baseline_diameter: 8.6425
      dia_ratio:         8.6425/8.5733 = 1.008068
      test_rpm:          1780.0
      baseline_rpm:      1775.0
      speed_ratio:       1775.0/1780.0 = 0.997191
      scaled_flow:  ['1.65', '373.37', '603.91', '816.65', '976.79', '996.02', '1040.61', '1173.75', '1334.26', '1459.10', '1554.31', '1725.28']
      scaled_head:  ['71.58', '68.28', '66.77', '63.54', '58.54', '57.80', '56.16', '50.55', '42.35', '34.74', '28.50', '14.99']
      scaled_power: ['6.5884', '11.7490', '15.2684', '17.8060', '19.0832', '19.1531', '19.3988', '19.9587', '20.2130', '19.9707', '19.5984', '18.3183']
    [FINAL] plotted_flow:  [1.65 → 1725.28]
    [FINAL] plotted_head:  [71.58 → 14.99]
    [FINAL] plotted_power: [6.5884 → 18.3183]
    [FINAL] plotted_eff:   [0.44 → 35.54]

  ── [LOAD+SCALE] 99271771700012A1P ──
    trim=8.6520, stages=5, rpm=1760.0, filing='Fig.1 to 0.03'
    columns: ['curve_no', 'flow', 'speed', 'power_in', 'power_bowl_motor', 'power_bowl_dyno', 'power_pump_motor', 'power_pump_dyno', 'tdh_bowl', 'tdh_pump', 'eff_bowl_motor', 'eff_bowl_dyno', 'eff_pump_motor', 'eff_pump_dyno', 'eff_overall', 'npsha']
    rows: 12
    flow: 12 pts
      values: ['1.25', '396.40', '603.91', '792.00', '958.43', '1005.22', '1043.77', '1198.07', '1347.62', '1513.10', '1585.04', '1706.33']
    head ('tdh_bowl'): 12 pts
      values: ['375.95', '347.37', '342.44', '331.96', '314.89', '307.79', '301.95', '274.46', '241.34', '202.37', '182.43', '146.40']
    power ('power_bowl_dyno'): all zero/negative — trying fallback
    power FALLBACK ('power_bowl_motor'): 12 pts
      values: ['40.9538', '62.7765', '78.0204', '89.2219', '97.1927', '98.7228', '99.9237', '103.6026', '104.7804', '104.3460', '103.3406', '100.5342']
    efficiency ('eff_bowl_motor'): 12 pts
      values: ['0.29', '55.29', '66.82', '74.28', '78.28', '79.00', '79.51', '80.01', '78.25', '73.98', '70.54', '62.64']
    [FTS] Checking packing/bearing loss...
    [FTS] file: C:\Users\107087\AppData\Local\Temp\px_detail_2dpdyve9\99271771700012A1P.xls
    [FTS] friction coefficient: 0.1
    [FTS] BA is all zeros — computing packing loss
    [FTS] Line shaft diameter: 1.5000"
    [FTS] Using 'tdh_bowl' for discharge pressure
    [FTS] Speed (first 5): ['1760.0', '1760.0', '1760.0', '1760.0', '1760.0']
    [FTS] Pressure (first 5): ['375.95', '347.37', '342.44', '331.96', '314.89']
    [FTS] Packing cross section: 0.5" (shaft >= 1.0")
    [FTS] Contact area: 0.5 × 0.94 × 1.5000 × π = 2.214823 in²
    [FTS] shaft_radius_ft: 0.062500
    [FTS] Loss HP (first 5): ['1.395169', '1.289107', '1.270819', '1.231930', '1.168583']
    [FTS] Loss HP range: 0.543296 — 1.395169
    [FTS] Power correction applied:
      Original power (first 5): ['40.9538', '62.7765', '78.0204', '89.2219', '97.1927']
      Loss HP       (first 5): ['1.395169', '1.289107', '1.270819', '1.231930', '1.168583']
      Corrected     (first 5): ['39.5586', '61.4874', '76.7496', '87.9899', '96.0241']
      Avg loss: 1.0420 HP
      Max loss: 1.3952 HP
    power BEFORE FTS: ['40.9538', '62.7765', '78.0204', '89.2219', '97.1927', '98.7228', '99.9237', '103.6026', '104.7804', '104.3460', '103.3406', '100.5342']
    power AFTER FTS:  ['39.5586', '61.4874', '76.7496', '87.9899', '96.0241', '97.5806', '98.8031', '102.5840', '103.8848', '103.5950', '102.6636', '99.9909']
    [STAGE NORM] 5-stage → dividing head & power by 5
      head BEFORE: ['375.95', '347.37', '342.44', '331.96', '314.89', '307.79', '301.95', '274.46', '241.34', '202.37', '182.43', '146.40']
      head AFTER:  ['75.19', '69.47', '68.49', '66.39', '62.98', '61.56', '60.39', '54.89', '48.27', '40.47', '36.49', '29.28']
      power BEFORE: ['39.5586', '61.4874', '76.7496', '87.9899', '96.0241', '97.5806', '98.8031', '102.5840', '103.8848', '103.5950', '102.6636', '99.9909']
      power AFTER:  ['7.9117', '12.2975', '15.3499', '17.5980', '19.2048', '19.5161', '19.7606', '20.5168', '20.7770', '20.7190', '20.5327', '19.9982']
    [AFFINITY]
      test_diameter:     8.6520
      baseline_diameter: 8.6425
      dia_ratio:         8.6425/8.6520 = 0.998902
      test_rpm:          1760.0
      baseline_rpm:      1775.0
      speed_ratio:       1775.0/1760.0 = 1.008523
      scaled_flow:  ['1.26', '399.34', '608.38', '797.88', '965.53', '1012.67', '1051.51', '1206.95', '1357.61', '1524.32', '1596.79', '1718.99']
      scaled_head:  ['76.31', '70.51', '69.51', '67.38', '63.92', '62.47', '61.29', '55.71', '48.99', '41.08', '37.03', '29.72']
      scaled_power: ['8.0890', '12.5731', '15.6939', '17.9924', '19.6352', '19.9535', '20.2035', '20.9766', '21.2426', '21.1833', '20.9929', '20.4464']
    [FINAL] plotted_flow:  [1.26 → 1718.99]
    [FINAL] plotted_head:  [76.31 → 29.72]
    [FINAL] plotted_power: [8.0890 → 20.4464]
    [FINAL] plotted_eff:   [0.29 → 62.64]

  ── [LOAD+SCALE] 99271763970012A1P ──
    trim=8.5100, stages=6, rpm=1760.0, filing='Fig. 1 to 0.03'
    columns: ['curve_no', 'flow', 'speed', 'power_in', 'power_bowl_motor', 'power_bowl_dyno', 'power_pump_motor', 'power_pump_dyno', 'tdh_bowl', 'tdh_pump', 'eff_bowl_motor', 'eff_bowl_dyno', 'eff_pump_motor', 'eff_pump_dyno', 'eff_overall', 'npsha']
    rows: 14
    flow: 14 pts
      values: ['1.81', '462.01', '611.05', '774.42', '958.96', '988.19', '1030.93', '1039.71', '1221.01', '1350.73', '1494.24', '1531.49', '1663.98', '1796.32']
    head ('tdh_bowl'): 14 pts
      values: ['435.64', '399.15', '395.24', '387.49', '361.26', '354.80', '345.87', '343.54', '301.21', '268.47', '226.10', '213.47', '166.37', '108.54']
    power ('power_bowl_dyno'): all zero/negative — trying fallback
    power FALLBACK ('power_bowl_motor'): 14 pts
      values: ['47.1252', '77.7932', '89.7386', '101.0466', '109.4382', '110.4083', '111.3636', '111.4891', '115.4613', '116.4649', '114.8815', '113.7900', '108.9353', '100.8906']
    efficiency ('eff_bowl_motor'): 14 pts
      values: ['0.42', '59.76', '67.84', '74.86', '79.80', '80.05', '80.71', '80.76', '80.30', '78.49', '74.13', '72.43', '64.06', '48.72']
    [FTS] Checking packing/bearing loss...
    [FTS] file: C:\Users\107087\AppData\Local\Temp\px_detail_2dpdyve9\99271763970012A1P.xls
    [FTS] friction coefficient: 0.1
    [FTS] BA is all zeros — computing packing loss
    [FTS] Line shaft diameter: 1.5000"
    [FTS] Using 'tdh_bowl' for discharge pressure
    [FTS] Speed (first 5): ['1760.0', '1760.0', '1760.0', '1760.0', '1760.0']
    [FTS] Pressure (first 5): ['435.64', '399.15', '395.24', '387.49', '361.26']
    [FTS] Packing cross section: 0.5" (shaft >= 1.0")
    [FTS] Contact area: 0.5 × 0.94 × 1.5000 × π = 2.214823 in²
    [FTS] shaft_radius_ft: 0.062500
    [FTS] Loss HP (first 5): ['1.616682', '1.481255', '1.466762', '1.438010', '1.340648']
    [FTS] Loss HP range: 0.402795 — 1.616682
    [FTS] Power correction applied:
      Original power (first 5): ['47.1252', '77.7932', '89.7386', '101.0466', '109.4382']
      Loss HP       (first 5): ['1.616682', '1.481255', '1.466762', '1.438010', '1.340648']
      Corrected     (first 5): ['45.5086', '76.3119', '88.2718', '99.6086', '108.0976']
      Avg loss: 1.1417 HP
      Max loss: 1.6167 HP
    power BEFORE FTS: ['47.1252', '77.7932', '89.7386', '101.0466', '109.4382', '110.4083', '111.3636', '111.4891', '115.4613', '116.4649', '114.8815', '113.7900', '108.9353', '100.8906']
    power AFTER FTS:  ['45.5086', '76.3119', '88.2718', '99.6086', '108.0976', '109.0916', '110.0801', '110.2142', '114.3434', '115.4686', '114.0424', '112.9978', '108.3179', '100.4878']
    [STAGE NORM] 6-stage → dividing head & power by 6
      head BEFORE: ['435.64', '399.15', '395.24', '387.49', '361.26', '354.80', '345.87', '343.54', '301.21', '268.47', '226.10', '213.47', '166.37', '108.54']
      head AFTER:  ['72.61', '66.52', '65.87', '64.58', '60.21', '59.13', '57.64', '57.26', '50.20', '44.74', '37.68', '35.58', '27.73', '18.09']
      power BEFORE: ['45.5086', '76.3119', '88.2718', '99.6086', '108.0976', '109.0916', '110.0801', '110.2142', '114.3434', '115.4686', '114.0424', '112.9978', '108.3179', '100.4878']
      power AFTER:  ['7.5848', '12.7187', '14.7120', '16.6014', '18.0163', '18.1819', '18.3467', '18.3690', '19.0572', '19.2448', '19.0071', '18.8330', '18.0530', '16.7480']
    [AFFINITY]
      test_diameter:     8.5100
      baseline_diameter: 8.6425
      dia_ratio:         8.6425/8.5100 = 1.015570
      test_rpm:          1760.0
      baseline_rpm:      1775.0
      speed_ratio:       1775.0/1760.0 = 1.008523
      scaled_flow:  ['1.86', '473.21', '625.85', '793.18', '982.19', '1012.13', '1055.91', '1064.90', '1250.59', '1383.46', '1530.44', '1568.60', '1704.29', '1839.83']
      scaled_head:  ['76.17', '69.79', '69.10', '67.75', '63.16', '62.03', '60.47', '60.06', '52.66', '46.94', '39.53', '37.32', '29.09', '18.98']
      scaled_power: ['8.1495', '13.6656', '15.8073', '17.8374', '19.3576', '19.5356', '19.7126', '19.7366', '20.4761', '20.6776', '20.4222', '20.2351', '19.3970', '17.9949']
    [FINAL] plotted_flow:  [1.86 → 1839.83]
    [FINAL] plotted_head:  [76.17 → 18.98]
    [FINAL] plotted_power: [8.1495 → 17.9949]
    [FINAL] plotted_eff:   [0.42 → 48.72]

  ── [LOAD+SCALE] 99271752390021A1P ──
    trim=8.5900, stages=5, rpm=1760.0, filing='Fig.1 to 0.03'
    columns: ['curve_no', 'flow', 'speed', 'power_in', 'power_bowl_motor', 'power_bowl_dyno', 'power_pump_motor', 'power_pump_dyno', 'tdh_bowl', 'tdh_pump', 'eff_bowl_motor', 'eff_bowl_dyno', 'eff_pump_motor', 'eff_pump_dyno', 'eff_overall', 'npsha']
    rows: 11
    flow: 11 pts
      values: ['1.59', '430.25', '611.10', '797.87', '933.28', '993.54', '1039.38', '1062.81', '1240.88', '1493.48', '1592.79']
    head ('tdh_bowl'): 11 pts
      values: ['380.01', '341.95', '337.39', '329.07', '314.33', '304.00', '295.98', '291.85', '257.23', '199.63', '170.33']
    power ('power_bowl_dyno'): all zero/negative — trying fallback
    power FALLBACK ('power_bowl_motor'): 11 pts
      values: ['45.1298', '66.1085', '78.4016', '89.5019', '95.4846', '97.2424', '98.4513', '98.8209', '102.2243', '102.4861', '100.4175']
    efficiency ('eff_bowl_motor'): 11 pts
      values: ['0.34', '56.10', '66.29', '73.95', '77.45', '78.30', '78.77', '79.13', '78.71', '73.33', '68.11']
    [FTS] Checking packing/bearing loss...
    [FTS] file: C:\Users\107087\AppData\Local\Temp\px_detail_2dpdyve9\99271752390021A1P.xls
    [FTS] friction coefficient: 0.1
    [FTS] BA is all zeros — computing packing loss
    [FTS] Line shaft diameter: 1.5000"
    [FTS] Using 'tdh_bowl' for discharge pressure
    [FTS] Speed (first 5): ['1760.0', '1760.0', '1760.0', '1760.0', '1760.0']
    [FTS] Pressure (first 5): ['380.01', '341.95', '337.39', '329.07', '314.33']
    [FTS] Packing cross section: 0.5" (shaft >= 1.0")
    [FTS] Contact area: 0.5 × 0.94 × 1.5000 × π = 2.214823 in²
    [FTS] shaft_radius_ft: 0.062500
    [FTS] Loss HP (first 5): ['1.410254', '1.269011', '1.252072', '1.221210', '1.166491']
    [FTS] Loss HP range: 0.632114 — 1.410254
    [FTS] Power correction applied:
      Original power (first 5): ['45.1298', '66.1085', '78.4016', '89.5019', '95.4846']
      Loss HP       (first 5): ['1.410254', '1.269011', '1.252072', '1.221210', '1.166491']
      Corrected     (first 5): ['43.7196', '64.8394', '77.1496', '88.2807', '94.3182']
      Avg loss: 1.0869 HP
      Max loss: 1.4103 HP
    power BEFORE FTS: ['45.1298', '66.1085', '78.4016', '89.5019', '95.4846', '97.2424', '98.4513', '98.8209', '102.2243', '102.4861', '100.4175']
    power AFTER FTS:  ['43.7196', '64.8394', '77.1496', '88.2807', '94.3182', '96.1142', '97.3529', '97.7378', '101.2697', '101.7453', '99.7854']
    [STAGE NORM] 5-stage → dividing head & power by 5
      head BEFORE: ['380.01', '341.95', '337.39', '329.07', '314.33', '304.00', '295.98', '291.85', '257.23', '199.63', '170.33']
      head AFTER:  ['76.00', '68.39', '67.48', '65.81', '62.87', '60.80', '59.20', '58.37', '51.45', '39.93', '34.07']
      power BEFORE: ['43.7196', '64.8394', '77.1496', '88.2807', '94.3182', '96.1142', '97.3529', '97.7378', '101.2697', '101.7453', '99.7854']
      power AFTER:  ['8.7439', '12.9679', '15.4299', '17.6561', '18.8636', '19.2228', '19.4706', '19.5476', '20.2539', '20.3491', '19.9571']
    [AFFINITY]
      test_diameter:     8.5900
      baseline_diameter: 8.6425
      dia_ratio:         8.6425/8.5900 = 1.006112
      test_rpm:          1760.0
      baseline_rpm:      1775.0
      speed_ratio:       1775.0/1760.0 = 1.008523
      scaled_flow:  ['1.62', '436.57', '620.07', '809.59', '946.99', '1008.13', '1054.65', '1078.42', '1259.10', '1515.42', '1616.19']
      scaled_head:  ['78.25', '70.41', '69.47', '67.76', '64.73', '62.60', '60.95', '60.10', '52.97', '41.11', '35.07']
      scaled_power: ['9.1349', '13.5477', '16.1198', '18.4455', '19.7070', '20.0823', '20.3411', '20.4215', '21.1595', '21.2589', '20.8494']
    [FINAL] plotted_flow:  [1.62 → 1616.19]
    [FINAL] plotted_head:  [78.25 → 35.07]
    [FINAL] plotted_power: [9.1349 → 20.8494]
    [FINAL] plotted_eff:   [0.34 → 68.11]

  ── [LOAD+SCALE] 99271746200021B1P ──
    trim=8.5925, stages=8, rpm=1760.0, filing='Fig.1 to 0.03'
    columns: ['curve_no', 'flow', 'speed', 'power_in', 'power_bowl_motor', 'power_bowl_dyno', 'power_pump_motor', 'power_pump_dyno', 'tdh_bowl', 'tdh_pump', 'eff_bowl_motor', 'eff_bowl_dyno', 'eff_pump_motor', 'eff_pump_dyno', 'eff_overall', 'npsha']
    rows: 13
    flow: 13 pts
      values: ['10.77', '325.36', '466.86', '732.17', '970.97', '1009.78', '1015.78', '1173.47', '1358.79', '1503.54', '1616.36', '1687.10', '1780.39']
    head ('tdh_bowl'): 13 pts
      values: ['585.95', '554.32', '546.09', '530.13', '497.33', '488.32', '486.32', '443.62', '384.08', '329.49', '282.31', '247.34', '198.78']
    power ('power_bowl_dyno'): all zero/negative — trying fallback
    power FALLBACK ('power_bowl_motor'): 13 pts
      values: ['62.4548', '92.3889', '108.3178', '137.4410', '156.8035', '159.1518', '159.1233', '166.3215', '169.2292', '167.5717', '165.0075', '162.6782', '158.0295']
    efficiency ('eff_bowl_motor'): 13 pts
      values: ['2.55', '49.21', '59.33', '71.19', '77.63', '78.10', '78.26', '78.90', '77.74', '74.53', '69.71', '64.66', '56.46']
    [FTS] Checking packing/bearing loss...
    [FTS] file: C:\Users\107087\AppData\Local\Temp\px_detail_2dpdyve9\99271746200021B1P.xls
    [FTS] friction coefficient: 0.1
    [FTS] BA is all zeros — computing packing loss
    [FTS] Line shaft diameter: 1.5000"
    [FTS] Using 'tdh_bowl' for discharge pressure
    [FTS] Speed (first 5): ['1760.0', '1760.0', '1760.0', '1760.0', '1760.0']
    [FTS] Pressure (first 5): ['585.95', '554.32', '546.09', '530.13', '497.33']
    [FTS] Packing cross section: 0.5" (shaft >= 1.0")
    [FTS] Contact area: 0.5 × 0.94 × 1.5000 × π = 2.214823 in²
    [FTS] shaft_radius_ft: 0.062500
    [FTS] Loss HP (first 5): ['2.174491', '2.057128', '2.026554', '1.967340', '1.845608']
    [FTS] Loss HP range: 0.737689 — 2.174491
    [FTS] Power correction applied:
      Original power (first 5): ['62.4548', '92.3889', '108.3178', '137.4410', '156.8035']
      Loss HP       (first 5): ['2.174491', '2.057128', '2.026554', '1.967340', '1.845608']
      Corrected     (first 5): ['60.2803', '90.3318', '106.2912', '135.4737', '154.9579']
      Avg loss: 1.5912 HP
      Max loss: 2.1745 HP
    power BEFORE FTS: ['62.4548', '92.3889', '108.3178', '137.4410', '156.8035', '159.1518', '159.1233', '166.3215', '169.2292', '167.5717', '165.0075', '162.6782', '158.0295']
    power AFTER FTS:  ['60.2803', '90.3318', '106.2912', '135.4737', '154.9579', '157.3396', '157.3185', '164.6752', '167.8038', '166.3489', '163.9598', '161.7603', '157.2918']
    [STAGE NORM] 8-stage → dividing head & power by 8
      head BEFORE: ['585.95', '554.32', '546.09', '530.13', '497.33', '488.32', '486.32', '443.62', '384.08', '329.49', '282.31', '247.34', '198.78']
      head AFTER:  ['73.24', '69.29', '68.26', '66.27', '62.17', '61.04', '60.79', '55.45', '48.01', '41.19', '35.29', '30.92', '24.85']
      power BEFORE: ['60.2803', '90.3318', '106.2912', '135.4737', '154.9579', '157.3396', '157.3185', '164.6752', '167.8038', '166.3489', '163.9598', '161.7603', '157.2918']
      power AFTER:  ['7.5350', '11.2915', '13.2864', '16.9342', '19.3697', '19.6675', '19.6648', '20.5844', '20.9755', '20.7936', '20.4950', '20.2200', '19.6615']
    [AFFINITY]
      test_diameter:     8.5925
      baseline_diameter: 8.6425
      dia_ratio:         8.6425/8.5925 = 1.005819
      test_rpm:          1760.0
      baseline_rpm:      1775.0
      speed_ratio:       1775.0/1760.0 = 1.008523
      scaled_flow:  ['10.92', '330.04', '473.58', '742.70', '984.94', '1024.31', '1030.40', '1190.36', '1378.34', '1525.18', '1639.62', '1711.38', '1806.01']
      scaled_head:  ['75.37', '71.30', '70.24', '68.19', '63.97', '62.81', '62.55', '57.06', '49.40', '42.38', '36.31', '31.81', '25.57']
      scaled_power: ['7.8651', '11.7860', '13.8683', '17.6759', '20.2181', '20.5289', '20.5261', '21.4860', '21.8942', '21.7043', '21.3926', '21.1056', '20.5226']
    [FINAL] plotted_flow:  [10.92 → 1806.01]
    [FINAL] plotted_head:  [75.37 → 25.57]
    [FINAL] plotted_power: [7.8651 → 20.5226]
    [FINAL] plotted_eff:   [2.55 → 56.46]

  ── [LOAD+SCALE] 99271746200021A1P ──
    trim=8.5925, stages=8, rpm=1760.0, filing='Fig.1 to 0.03'
    columns: ['curve_no', 'flow', 'speed', 'power_in', 'power_bowl_motor', 'power_bowl_dyno', 'power_pump_motor', 'power_pump_dyno', 'tdh_bowl', 'tdh_pump', 'eff_bowl_motor', 'eff_bowl_dyno', 'eff_pump_motor', 'eff_pump_dyno', 'eff_overall', 'npsha']
    rows: 11
    flow: 11 pts
      values: ['0.00', '398.05', '594.69', '789.79', '970.13', '990.36', '1041.25', '1202.87', '1346.26', '1517.47', '1628.09']
    head ('tdh_bowl'): 11 pts
      values: ['594.76', '551.49', '542.67', '525.90', '497.18', '491.64', '479.73', '433.39', '387.28', '319.40', '268.11']
    power ('power_bowl_dyno'): all zero/negative — trying fallback
    power FALLBACK ('power_bowl_motor'): 11 pts
      values: ['65.5288', '101.1184', '124.3433', '143.3017', '156.7740', '158.3364', '160.9789', '167.5961', '169.5763', '167.5218', '165.7993']
    efficiency ('eff_bowl_motor'): 11 pts
      values: ['0.00', '54.73', '65.43', '73.07', '77.56', '77.52', '78.22', '78.41', '77.51', '72.94', '66.37']
    [FTS] Checking packing/bearing loss...
    [FTS] file: C:\Users\107087\AppData\Local\Temp\px_detail_2dpdyve9\99271746200021A1P.xls
    [FTS] friction coefficient: 0.1
    [FTS] BA is all zeros — computing packing loss
    [FTS] Line shaft diameter: 1.5000"
    [FTS] Using 'tdh_bowl' for discharge pressure
    [FTS] Speed (first 5): ['1760.0', '1760.0', '1760.0', '1760.0', '1760.0']
    [FTS] Pressure (first 5): ['594.76', '551.49', '542.67', '525.90', '497.18']
    [FTS] Packing cross section: 0.5" (shaft >= 1.0")
    [FTS] Contact area: 0.5 × 0.94 × 1.5000 × π = 2.214823 in²
    [FTS] shaft_radius_ft: 0.062500
    [FTS] Loss HP (first 5): ['2.207198', '2.046607', '2.013889', '1.951628', '1.845066']
    [FTS] Loss HP range: 0.994963 — 2.207198
    [FTS] Power correction applied:
      Original power (first 5): ['65.5288', '101.1184', '124.3433', '143.3017', '156.7740']
      Loss HP       (first 5): ['2.207198', '2.046607', '2.013889', '1.951628', '1.845066']
      Corrected     (first 5): ['63.3216', '99.0718', '122.3294', '141.3500', '154.9289']
      Avg loss: 1.7177 HP
      Max loss: 2.2072 HP
    power BEFORE FTS: ['65.5288', '101.1184', '124.3433', '143.3017', '156.7740', '158.3364', '160.9789', '167.5961', '169.5763', '167.5218', '165.7993']
    power AFTER FTS:  ['63.3216', '99.0718', '122.3294', '141.3500', '154.9289', '156.5119', '159.1986', '165.9877', '168.1391', '166.3365', '164.8043']
    [STAGE NORM] 8-stage → dividing head & power by 8
      head BEFORE: ['594.76', '551.49', '542.67', '525.90', '497.18', '491.64', '479.73', '433.39', '387.28', '319.40', '268.11']
      head AFTER:  ['74.35', '68.94', '67.83', '65.74', '62.15', '61.45', '59.97', '54.17', '48.41', '39.93', '33.51']
      power BEFORE: ['63.3216', '99.0718', '122.3294', '141.3500', '154.9289', '156.5119', '159.1986', '165.9877', '168.1391', '166.3365', '164.8043']
      power AFTER:  ['7.9152', '12.3840', '15.2912', '17.6688', '19.3661', '19.5640', '19.8998', '20.7485', '21.0174', '20.7921', '20.6005']
    [AFFINITY]
      test_diameter:     8.5925
      baseline_diameter: 8.6425
      dia_ratio:         8.6425/8.5925 = 1.005819
      test_rpm:          1760.0
      baseline_rpm:      1775.0
      speed_ratio:       1775.0/1760.0 = 1.008523
      scaled_flow:  ['0.00', '403.78', '603.25', '801.15', '984.09', '1004.61', '1056.24', '1220.18', '1365.63', '1539.31', '1651.52']
      scaled_head:  ['76.50', '70.93', '69.80', '67.64', '63.95', '63.24', '61.70', '55.74', '49.81', '41.08', '34.49']
      scaled_power: ['8.2619', '12.9264', '15.9609', '18.4426', '20.2143', '20.4209', '20.7714', '21.6572', '21.9379', '21.7027', '21.5028']
    [FINAL] plotted_flow:  [0.00 → 1651.52]
    [FINAL] plotted_head:  [76.50 → 34.49]
    [FINAL] plotted_power: [8.2619 → 21.5028]
    [FINAL] plotted_eff:   [0.00 → 66.37]

  ── [LOAD+SCALE] 99271744270021A1P ──
    trim=8.6900, stages=3, rpm=1760.0, filing='Fig.1 to 0.03'
    columns: ['curve_no', 'flow', 'speed', 'power_in', 'power_bowl_motor', 'power_bowl_dyno', 'power_pump_motor', 'power_pump_dyno', 'tdh_bowl', 'tdh_pump', 'eff_bowl_motor', 'eff_bowl_dyno', 'eff_pump_motor', 'eff_pump_dyno', 'eff_overall', 'npsha']
    rows: 14
    flow: 14 pts
      values: ['1.55', '422.99', '592.60', '855.04', '970.61', '1012.72', '1030.63', '1100.29', '1239.32', '1270.83', '1469.63', '1526.06', '1669.76', '1780.31']
    head ('tdh_bowl'): 14 pts
      values: ['230.57', '210.82', '208.49', '200.97', '194.00', '190.61', '188.15', '183.12', '168.88', '165.13', '140.22', '131.88', '110.43', '89.97']
    power ('power_bowl_dyno'): all zero/negative — trying fallback
    power FALLBACK ('power_bowl_motor'): 14 pts
      values: ['26.7404', '39.9211', '47.4195', '57.1182', '60.3200', '61.1876', '61.7022', '62.8059', '64.8981', '65.1620', '66.0760', '65.9561', '64.7123', '62.8922']
    efficiency ('eff_bowl_motor'): 14 pts
      values: ['0.34', '56.31', '65.68', '75.84', '78.69', '79.53', '79.22', '80.87', '81.30', '81.18', '78.62', '76.92', '71.83', '64.20']
    [FTS] Checking packing/bearing loss...
    [FTS] file: C:\Users\107087\AppData\Local\Temp\px_detail_2dpdyve9\99271744270021A1P.xls
    [FTS] friction coefficient: 0.1
    [FTS] BA is all zeros — computing packing loss
    [FTS] Line shaft diameter: 1.5000"
    [FTS] Using 'tdh_bowl' for discharge pressure
    [FTS] Speed (first 5): ['1760.0', '1760.0', '1760.0', '1760.0', '1760.0']
    [FTS] Pressure (first 5): ['230.57', '210.82', '208.49', '200.97', '194.00']
    [FTS] Packing cross section: 0.5" (shaft >= 1.0")
    [FTS] Contact area: 0.5 × 0.94 × 1.5000 × π = 2.214823 in²
    [FTS] shaft_radius_ft: 0.062500
    [FTS] Loss HP (first 5): ['0.855669', '0.782346', '0.773701', '0.745803', '0.719932']
    [FTS] Loss HP range: 0.333870 — 0.855669
    [FTS] Power correction applied:
      Original power (first 5): ['26.7404', '39.9211', '47.4195', '57.1182', '60.3200']
      Loss HP       (first 5): ['0.855669', '0.782346', '0.773701', '0.745803', '0.719932']
      Corrected     (first 5): ['25.8847', '39.1387', '46.6458', '56.3724', '59.6000']
      Avg loss: 0.6397 HP
      Max loss: 0.8557 HP
    power BEFORE FTS: ['26.7404', '39.9211', '47.4195', '57.1182', '60.3200', '61.1876', '61.7022', '62.8059', '64.8981', '65.1620', '66.0760', '65.9561', '64.7123', '62.8922']
    power AFTER FTS:  ['25.8847', '39.1387', '46.6458', '56.3724', '59.6000', '60.4803', '61.0040', '62.1264', '64.2714', '64.5492', '65.5556', '65.4667', '64.3025', '62.5583']
    [STAGE NORM] 3-stage → dividing head & power by 3
      head BEFORE: ['230.57', '210.82', '208.49', '200.97', '194.00', '190.61', '188.15', '183.12', '168.88', '165.13', '140.22', '131.88', '110.43', '89.97']
      head AFTER:  ['76.86', '70.27', '69.50', '66.99', '64.67', '63.54', '62.72', '61.04', '56.29', '55.04', '46.74', '43.96', '36.81', '29.99']
      power BEFORE: ['25.8847', '39.1387', '46.6458', '56.3724', '59.6000', '60.4803', '61.0040', '62.1264', '64.2714', '64.5492', '65.5556', '65.4667', '64.3025', '62.5583']
      power AFTER:  ['8.6282', '13.0462', '15.5486', '18.7908', '19.8667', '20.1601', '20.3347', '20.7088', '21.4238', '21.5164', '21.8519', '21.8222', '21.4342', '20.8528']
    [AFFINITY]
      test_diameter:     8.6900
      baseline_diameter: 8.6425
      dia_ratio:         8.6425/8.6900 = 0.994534
      test_rpm:          1760.0
      baseline_rpm:      1775.0
      speed_ratio:       1775.0/1760.0 = 1.008523
      scaled_flow:  ['1.55', '424.26', '594.39', '857.61', '973.53', '1015.77', '1033.73', '1103.60', '1243.05', '1274.66', '1474.05', '1530.65', '1674.78', '1785.67']
      scaled_head:  ['77.32', '70.70', '69.91', '67.39', '65.06', '63.92', '63.09', '61.41', '56.63', '55.37', '47.02', '44.22', '37.03', '30.17']
      scaled_power: ['8.7064', '13.1644', '15.6894', '18.9610', '20.0466', '20.3427', '20.5188', '20.8964', '21.6178', '21.7113', '22.0498', '22.0199', '21.6283', '21.0416']
    [FINAL] plotted_flow:  [1.55 → 1785.67]
    [FINAL] plotted_head:  [77.32 → 30.17]
    [FINAL] plotted_power: [8.7064 → 21.0416]
    [FINAL] plotted_eff:   [0.34 → 64.20]

  ── [LOAD+SCALE] 99271743320021A1P ──
    trim=8.5900, stages=5, rpm=1760.0, filing='Fig.1 to 0.03'
    columns: ['curve_no', 'flow', 'speed', 'power_in', 'power_bowl_motor', 'power_bowl_dyno', 'power_pump_motor', 'power_pump_dyno', 'tdh_bowl', 'tdh_pump', 'eff_bowl_motor', 'eff_bowl_dyno', 'eff_pump_motor', 'eff_pump_dyno', 'eff_overall', 'npsha']
    rows: 11
    flow: 11 pts
      values: ['2.07', '395.52', '589.61', '827.32', '977.04', '1005.99', '1048.01', '1247.70', '1498.90', '1542.43', '1677.77']
    head ('tdh_bowl'): 11 pts
      values: ['380.92', '343.52', '337.92', '326.23', '308.66', '303.94', '297.03', '259.42', '200.97', '190.41', '147.34']
    power ('power_bowl_dyno'): all zero/negative — trying fallback
    power FALLBACK ('power_bowl_motor'): 11 pts
      values: ['43.1038', '62.1832', '75.7975', '90.0676', '96.1815', '97.0195', '98.0666', '101.7938', '102.2615', '101.5481', '97.9813']
    efficiency ('eff_bowl_motor'): 11 pts
      values: ['0.46', '55.08', '66.26', '75.54', '79.04', '79.45', '80.02', '80.16', '74.26', '72.91', '63.60']
    [FTS] Checking packing/bearing loss...
    [FTS] file: C:\Users\107087\AppData\Local\Temp\px_detail_2dpdyve9\99271743320021A1P.xls
    [FTS] friction coefficient: 0.1
    [FTS] BA is all zeros — computing packing loss
    [FTS] Line shaft diameter: 1.5000"
    [FTS] Using 'tdh_bowl' for discharge pressure
    [FTS] Speed (first 5): ['1760.0', '1760.0', '1760.0', '1760.0', '1760.0']
    [FTS] Pressure (first 5): ['380.92', '343.52', '337.92', '326.23', '308.66']
    [FTS] Packing cross section: 0.5" (shaft >= 1.0")
    [FTS] Contact area: 0.5 × 0.94 × 1.5000 × π = 2.214823 in²
    [FTS] shaft_radius_ft: 0.062500
    [FTS] Loss HP (first 5): ['1.413626', '1.274825', '1.254055', '1.210639', '1.145441']
    [FTS] Loss HP range: 0.546802 — 1.413626
    [FTS] Power correction applied:
      Original power (first 5): ['43.1038', '62.1832', '75.7975', '90.0676', '96.1815']
      Loss HP       (first 5): ['1.413626', '1.274825', '1.254055', '1.210639', '1.145441']
      Corrected     (first 5): ['41.6902', '60.9084', '74.5435', '88.8569', '95.0360']
      Avg loss: 1.0446 HP
      Max loss: 1.4136 HP
    power BEFORE FTS: ['43.1038', '62.1832', '75.7975', '90.0676', '96.1815', '97.0195', '98.0666', '101.7938', '102.2615', '101.5481', '97.9813']
    power AFTER FTS:  ['41.6902', '60.9084', '74.5435', '88.8569', '95.0360', '95.8916', '96.9643', '100.8311', '101.5157', '100.8414', '97.4345']
    [STAGE NORM] 5-stage → dividing head & power by 5
      head BEFORE: ['380.92', '343.52', '337.92', '326.23', '308.66', '303.94', '297.03', '259.42', '200.97', '190.41', '147.34']
      head AFTER:  ['76.18', '68.70', '67.58', '65.25', '61.73', '60.79', '59.41', '51.88', '40.19', '38.08', '29.47']
      power BEFORE: ['41.6902', '60.9084', '74.5435', '88.8569', '95.0360', '95.8916', '96.9643', '100.8311', '101.5157', '100.8414', '97.4345']
      power AFTER:  ['8.3380', '12.1817', '14.9087', '17.7714', '19.0072', '19.1783', '19.3929', '20.1662', '20.3031', '20.1683', '19.4869']
    [AFFINITY]
      test_diameter:     8.5900
      baseline_diameter: 8.6425
      dia_ratio:         8.6425/8.5900 = 1.006112
      test_rpm:          1760.0
      baseline_rpm:      1775.0
      speed_ratio:       1775.0/1760.0 = 1.008523
      scaled_flow:  ['2.10', '401.33', '598.27', '839.47', '991.39', '1020.77', '1063.41', '1266.03', '1520.91', '1565.08', '1702.41']
      scaled_head:  ['78.44', '70.74', '69.58', '67.18', '63.56', '62.59', '61.16', '53.42', '41.38', '39.21', '30.34']
      scaled_power: ['8.7108', '12.7263', '15.5753', '18.5659', '19.8570', '20.0358', '20.2599', '21.0679', '21.2109', '21.0700', '20.3581']
    [FINAL] plotted_flow:  [2.10 → 1702.41]
    [FINAL] plotted_head:  [78.44 → 30.34]
    [FINAL] plotted_power: [8.7108 → 20.3581]
    [FINAL] plotted_eff:   [0.46 → 63.60]

  ── [LOAD+SCALE] 99271738120021A1P ──
    trim=8.7600, stages=10, rpm=1460.0, filing=''
    columns: ['curve_no', 'flow', 'speed', 'power_in', 'power_bowl_motor', 'power_bowl_dyno', 'power_pump_motor', 'power_pump_dyno', 'tdh_bowl', 'tdh_pump', 'eff_bowl_motor', 'eff_bowl_dyno', 'eff_pump_motor', 'eff_pump_dyno', 'eff_overall', 'npsha']
    rows: 13
    flow: 13 pts
      values: ['0.00', '331.11', '461.00', '590.66', '729.90', '731.68', '764.36', '819.12', '872.27', '915.60', '1123.35', '1242.70', '1502.94']
    head ('tdh_bowl'): 13 pts
      values: ['547.43', '493.58', '488.99', '483.01', '469.61', '467.75', '462.31', '449.93', '435.04', '423.18', '353.06', '303.84', '172.46']
    power ('power_bowl_dyno'): all zero/negative — trying fallback
    power FALLBACK ('power_bowl_motor'): 13 pts
      values: ['55.3003', '77.9000', '92.9163', '106.0590', '118.3993', '118.3806', '120.7202', '123.9622', '126.4086', '128.2746', '133.2595', '132.7100', '124.8936']
    efficiency ('eff_bowl_motor'): 13 pts
      values: ['0.00', '52.89', '61.16', '67.81', '72.98', '72.88', '73.79', '74.95', '75.68', '76.15', '75.03', '71.72', '52.32']
    [FTS] Checking packing/bearing loss...
    [FTS] file: C:\Users\107087\AppData\Local\Temp\px_detail_2dpdyve9\99271738120021A1P.xls
    [FTS] friction coefficient: 0.1
    [FTS] BA is all zeros — computing packing loss
    [FTS] Line shaft diameter: 1.5000"
    [FTS] Using 'tdh_bowl' for discharge pressure
    [FTS] Speed (first 5): ['1460.0', '1460.0', '1460.0', '1460.0', '1460.0']
    [FTS] Pressure (first 5): ['547.43', '493.58', '488.99', '483.01', '469.61']
    [FTS] Packing cross section: 0.5" (shaft >= 1.0")
    [FTS] Contact area: 0.5 × 0.94 × 1.5000 × π = 2.214823 in²
    [FTS] shaft_radius_ft: 0.062500
    [FTS] Loss HP (first 5): ['1.685250', '1.519470', '1.505339', '1.486951', '1.445677']
    [FTS] Loss HP range: 0.530908 — 1.685250
    [FTS] Power correction applied:
      Original power (first 5): ['55.3003', '77.9000', '92.9163', '106.0590', '118.3993']
      Loss HP       (first 5): ['1.685250', '1.519470', '1.505339', '1.486951', '1.445677']
      Corrected     (first 5): ['53.6151', '76.3805', '91.4109', '104.5721', '116.9536']
      Avg loss: 1.3143 HP
      Max loss: 1.6853 HP
    power BEFORE FTS: ['55.3003', '77.9000', '92.9163', '106.0590', '118.3993', '118.3806', '120.7202', '123.9622', '126.4086', '128.2746', '133.2595', '132.7100', '124.8936']
    power AFTER FTS:  ['53.6151', '76.3805', '91.4109', '104.5721', '116.9536', '116.9406', '119.2970', '122.5771', '125.0693', '126.9718', '132.1726', '131.7746', '124.3626']
    [STAGE NORM] 10-stage → dividing head & power by 10
      head BEFORE: ['547.43', '493.58', '488.99', '483.01', '469.61', '467.75', '462.31', '449.93', '435.04', '423.18', '353.06', '303.84', '172.46']
      head AFTER:  ['54.74', '49.36', '48.90', '48.30', '46.96', '46.77', '46.23', '44.99', '43.50', '42.32', '35.31', '30.38', '17.25']
      power BEFORE: ['53.6151', '76.3805', '91.4109', '104.5721', '116.9536', '116.9406', '119.2970', '122.5771', '125.0693', '126.9718', '132.1726', '131.7746', '124.3626']
      power AFTER:  ['5.3615', '7.6381', '9.1411', '10.4572', '11.6954', '11.6941', '11.9297', '12.2577', '12.5069', '12.6972', '13.2173', '13.1775', '12.4363']
    [AFFINITY]
      test_diameter:     8.7600
      baseline_diameter: 8.6425
      dia_ratio:         8.6425/8.7600 = 0.986587
      test_rpm:          1460.0
      baseline_rpm:      1775.0
      speed_ratio:       1775.0/1460.0 = 1.215753
      scaled_flow:  ['0.00', '397.15', '552.94', '708.47', '875.48', '877.61', '916.81', '982.49', '1046.24', '1098.21', '1347.39', '1490.55', '1802.70']
      scaled_head:  ['78.76', '71.01', '70.35', '69.49', '67.56', '67.29', '66.51', '64.73', '62.59', '60.88', '50.79', '43.71', '24.81']
      scaled_power: ['9.2519', '13.1803', '15.7740', '18.0450', '20.1816', '20.1794', '20.5860', '21.1520', '21.5821', '21.9104', '22.8078', '22.7391', '21.4601']
      ⚠ Speed change is 21.6% (>10%). Affinity law accuracy may be reduced.
    [FINAL] plotted_flow:  [0.00 → 1802.70]
    [FINAL] plotted_head:  [78.76 → 24.81]
    [FINAL] plotted_power: [9.2519 → 21.4601]
    [FINAL] plotted_eff:   [0.00 → 52.32]

  ── [LOAD+SCALE] 99271733580021B1P ──
    trim=8.7275, stages=8, rpm=1760.0, filing='Fig.1 to 0.03'
    columns: ['curve_no', 'flow', 'speed', 'power_in', 'power_bowl_motor', 'power_bowl_dyno', 'power_pump_motor', 'power_pump_dyno', 'tdh_bowl', 'tdh_pump', 'eff_bowl_motor', 'eff_bowl_dyno', 'eff_pump_motor', 'eff_pump_dyno', 'eff_overall', 'npsha']
    rows: 12
    flow: 12 pts
      values: ['0.00', '404.53', '592.27', '781.08', '959.48', '1004.33', '1040.93', '1212.08', '1307.61', '1512.87', '1627.86', '1752.99']
    head ('tdh_bowl'): 12 pts
      values: ['608.05', '568.71', '563.22', '549.03', '524.38', '512.97', '503.19', '450.81', '413.28', '331.47', '280.30', '216.09']
    power ('power_bowl_dyno'): all zero/negative — trying fallback
    power FALLBACK ('power_bowl_motor'): 12 pts
      values: ['67.2554', '108.4315', '132.9745', '152.7650', '168.3201', '171.2655', '173.3181', '180.1998', '181.3829', '180.8684', '179.0942', '174.5943']
    efficiency ('eff_bowl_motor'): 12 pts
      values: ['0.00', '53.48', '63.24', '70.77', '75.35', '75.83', '76.18', '76.44', '75.11', '69.89', '64.23', '54.69']
    [FTS] Checking packing/bearing loss...
    [FTS] file: C:\Users\107087\AppData\Local\Temp\px_detail_2dpdyve9\99271733580021B1P.xls
    [FTS] friction coefficient: 0.1
    [FTS] BA is all zeros — computing packing loss
    [FTS] Line shaft diameter: 1.5000"
    [FTS] Using 'tdh_bowl' for discharge pressure
    [FTS] Speed (first 5): ['1760.0', '1760.0', '1760.0', '1760.0', '1760.0']
    [FTS] Pressure (first 5): ['608.05', '568.71', '563.22', '549.03', '524.38']
    [FTS] Packing cross section: 0.5" (shaft >= 1.0")
    [FTS] Contact area: 0.5 × 0.94 × 1.5000 × π = 2.214823 in²
    [FTS] shaft_radius_ft: 0.062500
    [FTS] Loss HP (first 5): ['2.256506', '2.110500', '2.090139', '2.037479', '1.946016']
    [FTS] Loss HP range: 0.801922 — 2.256506
    [FTS] Power correction applied:
      Original power (first 5): ['67.2554', '108.4315', '132.9745', '152.7650', '168.3201']
      Loss HP       (first 5): ['2.256506', '2.110500', '2.090139', '2.037479', '1.946016']
      Corrected     (first 5): ['64.9989', '106.3210', '130.8844', '150.7275', '166.3740']
      Avg loss: 1.7075 HP
      Max loss: 2.2565 HP
    power BEFORE FTS: ['67.2554', '108.4315', '132.9745', '152.7650', '168.3201', '171.2655', '173.3181', '180.1998', '181.3829', '180.8684', '179.0942', '174.5943']
    power AFTER FTS:  ['64.9989', '106.3210', '130.8844', '150.7275', '166.3740', '169.3618', '171.4508', '178.5268', '179.8492', '179.6383', '178.0540', '173.7924']
    [STAGE NORM] 8-stage → dividing head & power by 8
      head BEFORE: ['608.05', '568.71', '563.22', '549.03', '524.38', '512.97', '503.19', '450.81', '413.28', '331.47', '280.30', '216.09']
      head AFTER:  ['76.01', '71.09', '70.40', '68.63', '65.55', '64.12', '62.90', '56.35', '51.66', '41.43', '35.04', '27.01']
      power BEFORE: ['64.9989', '106.3210', '130.8844', '150.7275', '166.3740', '169.3618', '171.4508', '178.5268', '179.8492', '179.6383', '178.0540', '173.7924']
      power AFTER:  ['8.1249', '13.2901', '16.3605', '18.8409', '20.7968', '21.1702', '21.4313', '22.3159', '22.4811', '22.4548', '22.2567', '21.7240']
    [AFFINITY]
      test_diameter:     8.7275
      baseline_diameter: 8.6425
      dia_ratio:         8.6425/8.7275 = 0.990261
      test_rpm:          1760.0
      baseline_rpm:      1775.0
      speed_ratio:       1775.0/1760.0 = 1.008523
      scaled_flow:  ['0.00', '404.00', '591.50', '780.07', '958.23', '1003.02', '1039.58', '1210.50', '1305.92', '1510.91', '1625.74', '1750.72']
      scaled_head:  ['75.81', '70.90', '70.22', '68.45', '65.38', '63.96', '62.73', '56.21', '51.53', '41.33', '34.95', '26.94']
      scaled_power: ['8.0932', '13.2384', '16.2968', '18.7676', '20.7158', '21.0878', '21.3479', '22.2290', '22.3936', '22.3674', '22.1701', '21.6395']
    [FINAL] plotted_flow:  [0.00 → 1750.72]
    [FINAL] plotted_head:  [75.81 → 26.94]
    [FINAL] plotted_power: [8.0932 → 21.6395]
    [FINAL] plotted_eff:   [0.00 → 54.69]

  ── [LOAD+SCALE] 99271733580021A1P ──
    trim=8.7275, stages=8, rpm=1760.0, filing='Fig.1 to 0.03'
    columns: ['curve_no', 'flow', 'speed', 'power_in', 'power_bowl_motor', 'power_bowl_dyno', 'power_pump_motor', 'power_pump_dyno', 'tdh_bowl', 'tdh_pump', 'eff_bowl_motor', 'eff_bowl_dyno', 'eff_pump_motor', 'eff_pump_dyno', 'eff_overall', 'npsha']
    rows: 11
    flow: 11 pts
      values: ['11.29', '395.76', '587.74', '801.33', '957.56', '1008.77', '1049.75', '1218.53', '1354.99', '1515.81', '1642.46']
    head ('tdh_bowl'): 11 pts
      values: ['616.33', '570.45', '563.10', '544.25', '521.47', '510.39', '500.96', '450.83', '401.52', '337.14', '287.41']
    power ('power_bowl_dyno'): all zero/negative — trying fallback
    power FALLBACK ('power_bowl_motor'): 11 pts
      values: ['69.7735', '106.2635', '130.6451', '153.3350', '166.4836', '169.7809', '172.0562', '179.2314', '181.0090', '179.0352', '177.2361']
    efficiency ('eff_bowl_motor'): 11 pts
      values: ['2.51', '53.56', '63.86', '71.70', '75.61', '76.45', '77.05', '77.27', '75.77', '71.96', '67.14']
    [FTS] Checking packing/bearing loss...
    [FTS] file: C:\Users\107087\AppData\Local\Temp\px_detail_2dpdyve9\99271733580021A1P.xls
    [FTS] friction coefficient: 0.1
    [FTS] BA is all zeros — computing packing loss
    [FTS] Line shaft diameter: 1.5000"
    [FTS] Using 'tdh_bowl' for discharge pressure
    [FTS] Speed (first 5): ['1760.0', '1760.0', '1760.0', '1760.0', '1760.0']
    [FTS] Pressure (first 5): ['616.33', '570.45', '563.10', '544.25', '521.47']
    [FTS] Packing cross section: 0.5" (shaft >= 1.0")
    [FTS] Contact area: 0.5 × 0.94 × 1.5000 × π = 2.214823 in²
    [FTS] shaft_radius_ft: 0.062500
    [FTS] Loss HP (first 5): ['2.287216', '2.116967', '2.089699', '2.019723', '1.935217']
    [FTS] Loss HP range: 1.066593 — 2.287216
    [FTS] Power correction applied:
      Original power (first 5): ['69.7735', '106.2635', '130.6451', '153.3350', '166.4836']
      Loss HP       (first 5): ['2.287216', '2.116967', '2.089699', '2.019723', '1.935217']
      Corrected     (first 5): ['67.4863', '104.1465', '128.5554', '151.3153', '164.5484']
      Avg loss: 1.7893 HP
      Max loss: 2.2872 HP
    power BEFORE FTS: ['69.7735', '106.2635', '130.6451', '153.3350', '166.4836', '169.7809', '172.0562', '179.2314', '181.0090', '179.0352', '177.2361']
    power AFTER FTS:  ['67.4863', '104.1465', '128.5554', '151.3153', '164.5484', '167.8868', '170.1971', '177.5584', '179.5189', '177.7840', '176.1695']
    [STAGE NORM] 8-stage → dividing head & power by 8
      head BEFORE: ['616.33', '570.45', '563.10', '544.25', '521.47', '510.39', '500.96', '450.83', '401.52', '337.14', '287.41']
      head AFTER:  ['77.04', '71.31', '70.39', '68.03', '65.18', '63.80', '62.62', '56.35', '50.19', '42.14', '35.93']
      power BEFORE: ['67.4863', '104.1465', '128.5554', '151.3153', '164.5484', '167.8868', '170.1971', '177.5584', '179.5189', '177.7840', '176.1695']
      power AFTER:  ['8.4358', '13.0183', '16.0694', '18.9144', '20.5686', '20.9858', '21.2746', '22.1948', '22.4399', '22.2230', '22.0212']
    [AFFINITY]
      test_diameter:     8.7275
      baseline_diameter: 8.6425
      dia_ratio:         8.6425/8.7275 = 0.990261
      test_rpm:          1760.0
      baseline_rpm:      1775.0
      speed_ratio:       1775.0/1760.0 = 1.008523
      scaled_flow:  ['11.28', '395.25', '586.98', '800.29', '956.31', '1007.46', '1048.38', '1216.95', '1353.23', '1513.84', '1640.33']
      scaled_head:  ['76.84', '71.12', '70.20', '67.85', '65.01', '63.63', '62.46', '56.21', '50.06', '42.03', '35.83']
      scaled_power: ['8.4029', '12.9676', '16.0069', '18.8408', '20.4885', '20.9041', '21.1918', '22.1084', '22.3525', '22.1365', '21.9354']
    [FINAL] plotted_flow:  [11.28 → 1640.33]
    [FINAL] plotted_head:  [76.84 → 35.83]
    [FINAL] plotted_power: [8.4029 → 21.9354]
    [FINAL] plotted_eff:   [2.51 → 67.14]

  ── [LOAD+SCALE] 9927170767A3P ──
    trim=8.6675, stages=4, rpm=1760.0, filing='Fig.1 to 0.03'
    columns: ['curve_no', 'flow', 'speed', 'power_in', 'power_bowl_motor', 'power_bowl_dyno', 'power_pump_motor', 'power_pump_dyno', 'tdh_bowl', 'tdh_pump', 'eff_bowl_motor', 'eff_bowl_dyno', 'eff_pump_motor', 'eff_pump_dyno', 'eff_overall', 'npsha']
    rows: 13
    flow: 13 pts
      values: ['8.25', '399.20', '634.86', '812.43', '974.20', '995.05', '1038.42', '1062.93', '1228.44', '1392.63', '1514.14', '1575.77', '1724.11']
    head ('tdh_bowl'): 13 pts
      values: ['311.41', '278.64', '270.64', '258.98', '242.83', '240.06', '234.94', '232.34', '208.57', '182.24', '160.06', '147.83', '112.17']
    power ('power_bowl_dyno'): all zero/negative — trying fallback
    power FALLBACK ('power_bowl_motor'): 13 pts
      values: ['40.9262', '54.1812', '66.2288', '73.9470', '78.9615', '79.5879', '80.4345', '80.9312', '83.7710', '85.1490', '84.6404', '84.0224', '80.6524']
    efficiency ('eff_bowl_motor'): 13 pts
      values: ['1.58', '51.75', '65.40', '71.73', '75.53', '75.66', '76.46', '76.93', '77.10', '75.14', '72.18', '69.89', '60.45']
    [FTS] Checking packing/bearing loss...
    [FTS] file: C:\Users\107087\AppData\Local\Temp\px_detail_2dpdyve9\9927170767A3P.xls
    [FTS] friction coefficient: 0.1
    [FTS] BA is all zeros — computing packing loss
    [FTS] Line shaft diameter: 1.9375"
    [FTS] Using 'tdh_bowl' for discharge pressure
    [FTS] Speed (first 5): ['1760.0', '1760.0', '1760.0', '1760.0', '1760.0']
    [FTS] Pressure (first 5): ['311.41', '278.64', '270.64', '258.98', '242.83']
    [FTS] Packing cross section: 0.5" (shaft >= 1.0")
    [FTS] Contact area: 0.5 × 0.94 × 1.9375 × π = 2.860813 in²
    [FTS] shaft_radius_ft: 0.080729
    [FTS] Loss HP (first 5): ['1.928083', '1.725195', '1.675689', '1.603471', '1.503500']
    [FTS] Loss HP range: 0.694494 — 1.928083
    [FTS] Power correction applied:
      Original power (first 5): ['40.9262', '54.1812', '66.2288', '73.9470', '78.9615']
      Loss HP       (first 5): ['1.928083', '1.725195', '1.675689', '1.603471', '1.503500']
      Corrected     (first 5): ['38.9981', '52.4560', '64.5531', '72.3435', '77.4580']
      Avg loss: 1.3720 HP
      Max loss: 1.9281 HP
    power BEFORE FTS: ['40.9262', '54.1812', '66.2288', '73.9470', '78.9615', '79.5879', '80.4345', '80.9312', '83.7710', '85.1490', '84.6404', '84.0224', '80.6524']
    power AFTER FTS:  ['38.9981', '52.4560', '64.5531', '72.3435', '77.4580', '78.1015', '78.9798', '79.4927', '82.4796', '84.0206', '83.6494', '83.1071', '79.9579']
    [STAGE NORM] 4-stage → dividing head & power by 4
      head BEFORE: ['311.41', '278.64', '270.64', '258.98', '242.83', '240.06', '234.94', '232.34', '208.57', '182.24', '160.06', '147.83', '112.17']
      head AFTER:  ['77.85', '69.66', '67.66', '64.74', '60.71', '60.01', '58.74', '58.09', '52.14', '45.56', '40.02', '36.96', '28.04']
      power BEFORE: ['38.9981', '52.4560', '64.5531', '72.3435', '77.4580', '78.1015', '78.9798', '79.4927', '82.4796', '84.0206', '83.6494', '83.1071', '79.9579']
      power AFTER:  ['9.7495', '13.1140', '16.1383', '18.0859', '19.3645', '19.5254', '19.7450', '19.8732', '20.6199', '21.0052', '20.9124', '20.7768', '19.9895']
    [AFFINITY]
      test_diameter:     8.6675
      baseline_diameter: 8.6425
      dia_ratio:         8.6425/8.6675 = 0.997116
      test_rpm:          1760.0
      baseline_rpm:      1775.0
      speed_ratio:       1775.0/1760.0 = 1.008523
      scaled_flow:  ['8.29', '401.45', '638.42', '816.99', '979.67', '1000.64', '1044.25', '1068.89', '1235.34', '1400.45', '1522.64', '1584.62', '1733.79']
      scaled_head:  ['78.73', '70.44', '68.42', '65.47', '61.39', '60.69', '59.40', '58.74', '52.73', '46.07', '40.47', '37.37', '28.36']
      scaled_power: ['9.9146', '13.3361', '16.4116', '18.3922', '19.6925', '19.8561', '20.0794', '20.2097', '20.9691', '21.3609', '21.2665', '21.1286', '20.3280']
    [FINAL] plotted_flow:  [8.29 → 1733.79]
    [FINAL] plotted_head:  [78.73 → 28.36]
    [FINAL] plotted_power: [9.9146 → 20.3280]
    [FINAL] plotted_eff:   [1.58 → 60.45]

  ── [LOAD+SCALE] 9927170767A2P ──
    trim=8.5700, stages=4, rpm=1760.0, filing='Fig.2 to 0.01'
    columns: ['curve_no', 'flow', 'speed', 'power_in', 'power_bowl_motor', 'power_bowl_dyno', 'power_pump_motor', 'power_pump_dyno', 'tdh_bowl', 'tdh_pump', 'eff_bowl_motor', 'eff_bowl_dyno', 'eff_pump_motor', 'eff_pump_dyno', 'eff_overall', 'npsha']
    rows: 12
    flow: 12 pts
      values: ['5.95', '386.10', '601.67', '821.84', '972.33', '1005.16', '1041.03', '1168.40', '1354.75', '1519.42', '1593.01', '1719.60']
    head ('tdh_bowl'): 12 pts
      values: ['303.00', '271.93', '264.47', '248.82', '233.71', '229.80', '225.01', '208.24', '179.33', '148.95', '133.76', '103.53']
    power ('power_bowl_dyno'): all zero/negative — trying fallback
    power FALLBACK ('power_bowl_motor'): 12 pts
      values: ['39.3065', '51.7640', '62.0290', '70.9053', '75.0316', '75.6998', '76.3441', '78.3470', '80.3062', '79.6475', '78.5543', '74.9670']
    efficiency ('eff_bowl_motor'): 12 pts
      values: ['1.16', '51.20', '64.76', '72.81', '76.46', '77.03', '77.46', '78.40', '76.37', '71.74', '68.48', '59.95']
    [FTS] Checking packing/bearing loss...
    [FTS] file: C:\Users\107087\AppData\Local\Temp\px_detail_2dpdyve9\9927170767A2P.xls
    [FTS] friction coefficient: 0.1
    [FTS] BA is all zeros — computing packing loss
    [FTS] Line shaft diameter: 1.9375"
    [FTS] Using 'tdh_bowl' for discharge pressure
    [FTS] Speed (first 5): ['1760.0', '1760.0', '1760.0', '1760.0', '1760.0']
    [FTS] Pressure (first 5): ['303.00', '271.93', '264.47', '248.82', '233.71']
    [FTS] Packing cross section: 0.5" (shaft >= 1.0")
    [FTS] Contact area: 0.5 × 0.94 × 1.9375 × π = 2.860813 in²
    [FTS] shaft_radius_ft: 0.080729
    [FTS] Loss HP (first 5): ['1.876049', '1.683634', '1.637483', '1.540602', '1.447040']
    [FTS] Loss HP range: 0.640989 — 1.876049
    [FTS] Power correction applied:
      Original power (first 5): ['39.3065', '51.7640', '62.0290', '70.9053', '75.0316']
      Loss HP       (first 5): ['1.876049', '1.683634', '1.637483', '1.540602', '1.447040']
      Corrected     (first 5): ['37.4304', '50.0804', '60.3915', '69.3647', '73.5846']
      Avg loss: 1.3160 HP
      Max loss: 1.8760 HP
    power BEFORE FTS: ['39.3065', '51.7640', '62.0290', '70.9053', '75.0316', '75.6998', '76.3441', '78.3470', '80.3062', '79.6475', '78.5543', '74.9670']
    power AFTER FTS:  ['37.4304', '50.0804', '60.3915', '69.3647', '73.5846', '74.2770', '74.9509', '77.0577', '79.1959', '78.7253', '77.7262', '74.3260']
    [STAGE NORM] 4-stage → dividing head & power by 4
      head BEFORE: ['303.00', '271.93', '264.47', '248.82', '233.71', '229.80', '225.01', '208.24', '179.33', '148.95', '133.76', '103.53']
      head AFTER:  ['75.75', '67.98', '66.12', '62.21', '58.43', '57.45', '56.25', '52.06', '44.83', '37.24', '33.44', '25.88']
      power BEFORE: ['37.4304', '50.0804', '60.3915', '69.3647', '73.5846', '74.2770', '74.9509', '77.0577', '79.1959', '78.7253', '77.7262', '74.3260']
      power AFTER:  ['9.3576', '12.5201', '15.0979', '17.3412', '18.3962', '18.5692', '18.7377', '19.2644', '19.7990', '19.6813', '19.4315', '18.5815']
    [AFFINITY]
      test_diameter:     8.5700
      baseline_diameter: 8.6425
      dia_ratio:         8.6425/8.5700 = 1.008460
      test_rpm:          1760.0
      baseline_rpm:      1775.0
      speed_ratio:       1775.0/1760.0 = 1.008523
      scaled_flow:  ['6.05', '392.69', '611.93', '835.85', '988.91', '1022.31', '1058.79', '1188.32', '1377.85', '1545.34', '1620.18', '1748.93']
      scaled_head:  ['78.36', '70.32', '68.39', '64.35', '60.44', '59.43', '58.19', '53.85', '46.37', '38.52', '34.59', '26.77']
      scaled_power: ['9.8446', '13.1717', '15.8836', '18.2436', '19.3535', '19.5356', '19.7129', '20.2670', '20.8293', '20.7056', '20.4428', '19.5485']
    [FINAL] plotted_flow:  [6.05 → 1748.93]
    [FINAL] plotted_head:  [78.36 → 26.77]
    [FINAL] plotted_power: [9.8446 → 19.5485]
    [FINAL] plotted_eff:   [1.16 → 59.95]

  ── [LOAD+SCALE] 9927170831A1P ──
    trim=8.7033, stages=6, rpm=1760.0, filing='Fig.1 to 0.03'
    columns: ['curve_no', 'flow', 'speed', 'power_in', 'power_bowl_motor', 'power_bowl_dyno', 'power_pump_motor', 'power_pump_dyno', 'tdh_bowl', 'tdh_pump', 'eff_bowl_motor', 'eff_bowl_dyno', 'eff_pump_motor', 'eff_pump_dyno', 'eff_overall', 'npsha']
    rows: 12
    flow: 12 pts
      values: ['7.96', '373.59', '620.06', '773.83', '968.94', '1001.65', '1043.89', '1222.20', '1435.06', '1509.11', '1689.20', '1823.65']
    head ('tdh_bowl'): 12 pts
      values: ['456.77', '418.02', '404.19', '391.52', '366.50', '360.04', '353.49', '315.71', '259.16', '238.66', '177.29', '117.02']
    power ('power_bowl_dyno'): all zero/negative — trying fallback
    power FALLBACK ('power_bowl_motor'): 12 pts
      values: ['58.5724', '79.8618', '99.3229', '110.3914', '121.3681', '122.5433', '124.0667', '128.2581', '128.6481', '127.5805', '121.5552', '113.6450']
    efficiency ('eff_bowl_motor'): 12 pts
      values: ['1.56', '49.30', '63.61', '69.19', '73.76', '74.19', '74.98', '75.84', '72.88', '71.16', '62.11', '47.34']
    [FTS] Checking packing/bearing loss...
    [FTS] file: C:\Users\107087\AppData\Local\Temp\px_detail_2dpdyve9\9927170831A1P.xls
    [FTS] friction coefficient: 0.1
    [FTS] BA is all zeros — computing packing loss
    [FTS] Line shaft diameter: 1.5000"
    [FTS] Using 'tdh_bowl' for discharge pressure
    [FTS] Speed (first 5): ['1760.0', '1760.0', '1760.0', '1760.0', '1760.0']
    [FTS] Pressure (first 5): ['456.77', '418.02', '404.19', '391.52', '366.50']
    [FTS] Packing cross section: 0.5" (shaft >= 1.0")
    [FTS] Contact area: 0.5 × 0.94 × 1.5000 × π = 2.214823 in²
    [FTS] shaft_radius_ft: 0.062500
    [FTS] Loss HP (first 5): ['1.695101', '1.551307', '1.499963', '1.452946', '1.360104']
    [FTS] Loss HP range: 0.434260 — 1.695101
    [FTS] Power correction applied:
      Original power (first 5): ['58.5724', '79.8618', '99.3229', '110.3914', '121.3681']
      Loss HP       (first 5): ['1.695101', '1.551307', '1.499963', '1.452946', '1.360104']
      Corrected     (first 5): ['56.8773', '78.3105', '97.8230', '108.9385', '120.0079']
      Avg loss: 1.1932 HP
      Max loss: 1.6951 HP
    power BEFORE FTS: ['58.5724', '79.8618', '99.3229', '110.3914', '121.3681', '122.5433', '124.0667', '128.2581', '128.6481', '127.5805', '121.5552', '113.6450']
    power AFTER FTS:  ['56.8773', '78.3105', '97.8230', '108.9385', '120.0079', '121.2072', '122.7549', '127.0865', '127.6863', '126.6948', '120.8973', '113.2107']
    [STAGE NORM] 6-stage → dividing head & power by 6
      head BEFORE: ['456.77', '418.02', '404.19', '391.52', '366.50', '360.04', '353.49', '315.71', '259.16', '238.66', '177.29', '117.02']
      head AFTER:  ['76.13', '69.67', '67.36', '65.25', '61.08', '60.01', '58.92', '52.62', '43.19', '39.78', '29.55', '19.50']
      power BEFORE: ['56.8773', '78.3105', '97.8230', '108.9385', '120.0079', '121.2072', '122.7549', '127.0865', '127.6863', '126.6948', '120.8973', '113.2107']
      power AFTER:  ['9.4795', '13.0517', '16.3038', '18.1564', '20.0013', '20.2012', '20.4591', '21.1811', '21.2811', '21.1158', '20.1496', '18.8685']
    [AFFINITY]
      test_diameter:     8.7033
      baseline_diameter: 8.6425
      dia_ratio:         8.6425/8.7033 = 0.993010
      test_rpm:          1760.0
      baseline_rpm:      1775.0
      speed_ratio:       1775.0/1760.0 = 1.008523
      scaled_flow:  ['7.97', '374.14', '620.98', '774.97', '970.37', '1003.13', '1045.43', '1224.00', '1437.18', '1511.33', '1691.69', '1826.34']
      scaled_head:  ['76.35', '69.88', '67.56', '65.45', '61.26', '60.18', '59.09', '52.77', '43.32', '39.89', '29.63', '19.56']
      scaled_power: ['9.5215', '13.1095', '16.3760', '18.2368', '20.0899', '20.2906', '20.5497', '21.2748', '21.3753', '21.2093', '20.2388', '18.9520']
    [FINAL] plotted_flow:  [7.97 → 1826.34]
    [FINAL] plotted_head:  [76.35 → 19.56]
    [FINAL] plotted_power: [9.5215 → 18.9520]
    [FINAL] plotted_eff:   [1.56 → 47.34]

  ── [LOAD+SCALE] 9927170767A1P ──
    trim=8.5700, stages=4, rpm=1760.0, filing='Fig. 1 to 0.03'
    columns: ['curve_no', 'flow', 'speed', 'power_in', 'power_bowl_motor', 'power_bowl_dyno', 'power_pump_motor', 'power_pump_dyno', 'tdh_bowl', 'tdh_pump', 'eff_bowl_motor', 'eff_bowl_dyno', 'eff_pump_motor', 'eff_pump_dyno', 'eff_overall', 'npsha']
    rows: 11
    flow: 11 pts
      values: ['7.09', '385.42', '598.23', '811.35', '953.33', '987.40', '1048.50', '1220.20', '1496.17', '1553.00', '1649.54']
    head ('tdh_bowl'): 11 pts
      values: ['295.47', '268.91', '261.90', '248.41', '233.57', '229.55', '221.12', '195.38', '144.91', '132.60', '106.95']
    power ('power_bowl_dyno'): all zero/negative — trying fallback
    power FALLBACK ('power_bowl_motor'): 11 pts
      values: ['37.2071', '50.8329', '61.3851', '70.2453', '74.2993', '75.1604', '76.1562', '78.2508', '77.6444', '76.6112', '73.3496']
    efficiency ('eff_bowl_motor'): 11 pts
      values: ['1.42', '51.47', '64.43', '72.43', '75.66', '76.13', '76.86', '76.91', '70.49', '67.86', '60.72']
    [FTS] Checking packing/bearing loss...
    [FTS] file: C:\Users\107087\AppData\Local\Temp\px_detail_2dpdyve9\9927170767A1P.xls
    [FTS] friction coefficient: 0.1
    [FTS] BA is all zeros — computing packing loss
    [FTS] Line shaft diameter: 1.9375"
    [FTS] Using 'tdh_bowl' for discharge pressure
    [FTS] Speed (first 5): ['1760.0', '1760.0', '1760.0', '1760.0', '1760.0']
    [FTS] Pressure (first 5): ['295.47', '268.91', '261.90', '248.41', '233.57']
    [FTS] Packing cross section: 0.5" (shaft >= 1.0")
    [FTS] Contact area: 0.5 × 0.94 × 1.9375 × π = 2.860813 in²
    [FTS] shaft_radius_ft: 0.080729
    [FTS] Loss HP (first 5): ['1.829397', '1.664982', '1.621537', '1.538050', '1.446166']
    [FTS] Loss HP range: 0.662158 — 1.829397
    [FTS] Power correction applied:
      Original power (first 5): ['37.2071', '50.8329', '61.3851', '70.2453', '74.2993']
      Loss HP       (first 5): ['1.829397', '1.664982', '1.621537', '1.538050', '1.446166']
      Corrected     (first 5): ['35.3777', '49.1680', '59.7635', '68.7073', '72.8531']
      Avg loss: 1.3164 HP
      Max loss: 1.8294 HP
    power BEFORE FTS: ['37.2071', '50.8329', '61.3851', '70.2453', '74.2993', '75.1604', '76.1562', '78.2508', '77.6444', '76.6112', '73.3496']
    power AFTER FTS:  ['35.3777', '49.1680', '59.7635', '68.7073', '72.8531', '73.7392', '74.7872', '77.0411', '76.7471', '75.7902', '72.6874']
    [STAGE NORM] 4-stage → dividing head & power by 4
      head BEFORE: ['295.47', '268.91', '261.90', '248.41', '233.57', '229.55', '221.12', '195.38', '144.91', '132.60', '106.95']
      head AFTER:  ['73.87', '67.23', '65.47', '62.10', '58.39', '57.39', '55.28', '48.85', '36.23', '33.15', '26.74']
      power BEFORE: ['35.3777', '49.1680', '59.7635', '68.7073', '72.8531', '73.7392', '74.7872', '77.0411', '76.7471', '75.7902', '72.6874']
      power AFTER:  ['8.8444', '12.2920', '14.9409', '17.1768', '18.2133', '18.4348', '18.6968', '19.2603', '19.1868', '18.9476', '18.1719']
    [AFFINITY]
      test_diameter:     8.5700
      baseline_diameter: 8.6425
      dia_ratio:         8.6425/8.5700 = 1.008460
      test_rpm:          1760.0
      baseline_rpm:      1775.0
      speed_ratio:       1775.0/1760.0 = 1.008523
      scaled_flow:  ['7.21', '391.99', '608.43', '825.19', '969.58', '1004.24', '1066.38', '1241.01', '1521.69', '1579.48', '1677.67']
      scaled_head:  ['76.41', '69.54', '67.73', '64.24', '60.40', '59.36', '57.18', '50.53', '37.47', '34.29', '27.66']
      scaled_power: ['9.3047', '12.9317', '15.7184', '18.0707', '19.1611', '19.3942', '19.6698', '20.2626', '20.1853', '19.9336', '19.1175']
    [FINAL] plotted_flow:  [7.21 → 1677.67]
    [FINAL] plotted_head:  [76.41 → 27.66]
    [FINAL] plotted_power: [9.3047 → 19.1175]
    [FINAL] plotted_eff:   [1.42 → 60.72]

  ── [LOAD+SCALE] 99271683290010A1P ──
    trim=8.7575, stages=4, rpm=1760.0, filing='Fig.1 to 0.03'
    columns: ['curve_no', 'flow', 'speed', 'power_in', 'power_bowl_motor', 'power_bowl_dyno', 'power_pump_motor', 'power_pump_dyno', 'tdh_bowl', 'tdh_pump', 'eff_bowl_motor', 'eff_bowl_dyno', 'eff_pump_motor', 'eff_pump_dyno', 'eff_overall', 'npsha']
    rows: 14
    flow: 14 pts
      values: ['2.65', '407.40', '603.17', '764.21', '986.28', '999.68', '1020.60', '1103.99', '1273.57', '1385.96', '1490.60', '1628.89', '1724.13', '1784.98']
    head ('tdh_bowl'): 14 pts
      values: ['316.60', '288.69', '284.48', '277.88', '261.50', '259.85', '257.73', '247.58', '221.66', '201.86', '182.14', '152.54', '130.13', '113.01']
    power ('power_bowl_dyno'): all zero/negative — trying fallback
    power FALLBACK ('power_bowl_motor'): 14 pts
      values: ['37.8897', '55.3694', '67.3130', '75.9656', '85.2221', '85.7387', '86.3398', '88.7073', '91.8447', '92.6718', '92.5904', '91.3575', '89.5766', '87.8003']
    efficiency ('eff_bowl_motor'): 14 pts
      values: ['0.56', '53.55', '64.26', '70.47', '76.29', '76.38', '76.80', '77.67', '77.48', '76.10', '73.92', '68.56', '63.14', '57.92']
    [FTS] Checking packing/bearing loss...
    [FTS] file: C:\Users\107087\AppData\Local\Temp\px_detail_2dpdyve9\99271683290010A1P.xls
    [FTS] friction coefficient: 0.1
    [FTS] BA is all zeros — computing packing loss
    [FTS] Line shaft diameter: 1.5000"
    [FTS] Using 'tdh_bowl' for discharge pressure
    [FTS] Speed (first 5): ['1760.0', '1760.0', '1760.0', '1760.0', '1760.0']
    [FTS] Pressure (first 5): ['316.60', '288.69', '284.48', '277.88', '261.50']
    [FTS] Packing cross section: 0.5" (shaft >= 1.0")
    [FTS] Contact area: 0.5 × 0.94 × 1.5000 × π = 2.214823 in²
    [FTS] shaft_radius_ft: 0.062500
    [FTS] Loss HP (first 5): ['1.174935', '1.071335', '1.055714', '1.031223', '0.970436']
    [FTS] Loss HP range: 0.419390 — 1.174935
    [FTS] Power correction applied:
      Original power (first 5): ['37.8897', '55.3694', '67.3130', '75.9656', '85.2221']
      Loss HP       (first 5): ['1.174935', '1.071335', '1.055714', '1.031223', '0.970436']
      Corrected     (first 5): ['36.7147', '54.2980', '66.2573', '74.9343', '84.2517']
      Avg loss: 0.8471 HP
      Max loss: 1.1749 HP
    power BEFORE FTS: ['37.8897', '55.3694', '67.3130', '75.9656', '85.2221', '85.7387', '86.3398', '88.7073', '91.8447', '92.6718', '92.5904', '91.3575', '89.5766', '87.8003']
    power AFTER FTS:  ['36.7147', '54.2980', '66.2573', '74.9343', '84.2517', '84.7744', '85.3833', '87.7885', '91.0221', '91.9227', '91.9144', '90.7915', '89.0937', '87.3809']
    [STAGE NORM] 4-stage → dividing head & power by 4
      head BEFORE: ['316.60', '288.69', '284.48', '277.88', '261.50', '259.85', '257.73', '247.58', '221.66', '201.86', '182.14', '152.54', '130.13', '113.01']
      head AFTER:  ['79.15', '72.17', '71.12', '69.47', '65.37', '64.96', '64.43', '61.90', '55.41', '50.47', '45.53', '38.13', '32.53', '28.25']
      power BEFORE: ['36.7147', '54.2980', '66.2573', '74.9343', '84.2517', '84.7744', '85.3833', '87.7885', '91.0221', '91.9227', '91.9144', '90.7915', '89.0937', '87.3809']
      power AFTER:  ['9.1787', '13.5745', '16.5643', '18.7336', '21.0629', '21.1936', '21.3458', '21.9471', '22.7555', '22.9807', '22.9786', '22.6979', '22.2734', '21.8452']
    [AFFINITY]
      test_diameter:     8.7575
      baseline_diameter: 8.6425
      dia_ratio:         8.6425/8.7575 = 0.986868
      test_rpm:          1760.0
      baseline_rpm:      1775.0
      speed_ratio:       1775.0/1760.0 = 1.008523
      scaled_flow:  ['2.63', '405.47', '600.32', '760.60', '981.63', '994.96', '1015.79', '1098.77', '1267.56', '1379.41', '1483.56', '1621.20', '1715.99', '1776.56']
      scaled_head:  ['78.41', '71.49', '70.45', '68.82', '64.76', '64.35', '63.82', '61.31', '54.89', '49.99', '45.11', '37.77', '32.23', '27.99']
      scaled_power: ['9.0493', '13.3832', '16.3308', '18.4695', '20.7660', '20.8949', '21.0450', '21.6378', '22.4348', '22.6567', '22.6547', '22.3779', '21.9595', '21.5373']
    [FINAL] plotted_flow:  [2.63 → 1776.56]
    [FINAL] plotted_head:  [78.41 → 27.99]
    [FINAL] plotted_power: [9.0493 → 21.5373]
    [FINAL] plotted_eff:   [0.56 → 57.92]

  ── [LOAD+SCALE] 9927167543A1P ──
    trim=8.6300, stages=8, rpm=1760.0, filing='Fig.1 to 0.03'
    columns: ['curve_no', 'flow', 'speed', 'power_in', 'power_bowl_motor', 'power_bowl_dyno', 'power_pump_motor', 'power_pump_dyno', 'tdh_bowl', 'tdh_pump', 'eff_bowl_motor', 'eff_bowl_dyno', 'eff_pump_motor', 'eff_pump_dyno', 'eff_overall', 'npsha']
    rows: 12
    flow: 12 pts
      values: ['6.27', '395.70', '602.88', '810.02', '970.06', '986.34', '1023.76', '1059.46', '1313.11', '1492.80', '1582.62', '1665.96']
    head ('tdh_bowl'): 12 pts
      values: ['629.34', '561.92', '546.61', '523.45', '494.88', '490.09', '480.78', '469.91', '391.12', '317.77', '277.08', '238.59']
    power ('power_bowl_dyno'): all zero/negative — trying fallback
    power FALLBACK ('power_bowl_motor'): 12 pts
      values: ['81.3733', '108.3277', '129.8811', '148.8111', '159.1356', '159.9046', '161.7842', '163.0290', '169.1399', '167.1761', '163.4899', '159.7530']
    efficiency ('eff_bowl_motor'): 12 pts
      values: ['1.22', '51.74', '63.96', '71.83', '76.05', '76.21', '76.69', '76.98', '76.54', '71.53', '67.62', '62.72']
    [FTS] Checking packing/bearing loss...
    [FTS] file: C:\Users\107087\AppData\Local\Temp\px_detail_2dpdyve9\9927167543A1P.xls
    [FTS] friction coefficient: 0.1
    [FTS] BA is all zeros — computing packing loss
    [FTS] Line shaft diameter: 1.5000"
    [FTS] Using 'tdh_bowl' for discharge pressure
    [FTS] Speed (first 5): ['1760.0', '1760.0', '1760.0', '1760.0', '1760.0']
    [FTS] Pressure (first 5): ['629.34', '561.92', '546.61', '523.45', '494.88']
    [FTS] Packing cross section: 0.5" (shaft >= 1.0")
    [FTS] Contact area: 0.5 × 0.94 × 1.5000 × π = 2.214823 in²
    [FTS] shaft_radius_ft: 0.062500
    [FTS] Loss HP (first 5): ['2.335520', '2.085320', '2.028494', '1.942567', '1.836518']
    [FTS] Loss HP range: 0.885411 — 2.335520
    [FTS] Power correction applied:
      Original power (first 5): ['81.3733', '108.3277', '129.8811', '148.8111', '159.1356']
      Loss HP       (first 5): ['2.335520', '2.085320', '2.028494', '1.942567', '1.836518']
      Corrected     (first 5): ['79.0378', '106.2424', '127.8526', '146.8686', '157.2991']
      Avg loss: 1.6766 HP
      Max loss: 2.3355 HP
    power BEFORE FTS: ['81.3733', '108.3277', '129.8811', '148.8111', '159.1356', '159.9046', '161.7842', '163.0290', '169.1399', '167.1761', '163.4899', '159.7530']
    power AFTER FTS:  ['79.0378', '106.2424', '127.8526', '146.8686', '157.2991', '158.0859', '160.0000', '161.2851', '167.6884', '165.9968', '162.4616', '158.8676']
    [STAGE NORM] 8-stage → dividing head & power by 8
      head BEFORE: ['629.34', '561.92', '546.61', '523.45', '494.88', '490.09', '480.78', '469.91', '391.12', '317.77', '277.08', '238.59']
      head AFTER:  ['78.67', '70.24', '68.33', '65.43', '61.86', '61.26', '60.10', '58.74', '48.89', '39.72', '34.64', '29.82']
      power BEFORE: ['79.0378', '106.2424', '127.8526', '146.8686', '157.2991', '158.0859', '160.0000', '161.2851', '167.6884', '165.9968', '162.4616', '158.8676']
      power AFTER:  ['9.8797', '13.2803', '15.9816', '18.3586', '19.6624', '19.7607', '20.0000', '20.1606', '20.9611', '20.7496', '20.3077', '19.8585']
    [AFFINITY]
      test_diameter:     8.6300
      baseline_diameter: 8.6425
      dia_ratio:         8.6425/8.6300 = 1.001448
      test_rpm:          1760.0
      baseline_rpm:      1775.0
      speed_ratio:       1775.0/1760.0 = 1.008523
      scaled_flow:  ['6.33', '399.65', '608.90', '818.10', '979.75', '996.19', '1033.98', '1070.04', '1326.22', '1507.70', '1598.42', '1682.59']
      scaled_head:  ['80.25', '71.65', '69.70', '66.74', '63.10', '62.49', '61.30', '59.92', '49.87', '40.52', '35.33', '30.42']
      scaled_power: ['10.1786', '13.6820', '16.4650', '18.9139', '20.2572', '20.3585', '20.6050', '20.7705', '21.5951', '21.3773', '20.9220', '20.4592']
    [FINAL] plotted_flow:  [6.33 → 1682.59]
    [FINAL] plotted_head:  [80.25 → 30.42]
    [FINAL] plotted_power: [10.1786 → 20.4592]
    [FINAL] plotted_eff:   [1.22 → 62.72]

  ── [LOAD+SCALE] 99271577210010B1P ──
    trim=8.7133, stages=3, rpm=1785.0, filing='Fig.1 to 0.03'
    columns: ['curve_no', 'flow', 'speed', 'power_in', 'power_bowl_motor', 'power_bowl_dyno', 'power_pump_motor', 'power_pump_dyno', 'tdh_bowl', 'tdh_pump', 'eff_bowl_motor', 'eff_bowl_dyno', 'eff_pump_motor', 'eff_pump_dyno', 'eff_overall', 'npsha']
    rows: 15
    flow: 15 pts
      values: ['2.23', '415.10', '828.67', '1060.93', '1189.15', '1374.47', '1390.18', '1402.45', '1415.08', '1455.80', '1490.04', '1518.33', '1576.55', '1701.02', '1775.27']
    head ('tdh_bowl'): 15 pts
      values: ['238.17', '217.31', '205.80', '189.69', '177.48', '154.83', '152.79', '151.25', '149.36', '143.68', '138.29', '134.21', '124.88', '103.49', '89.20']
    power ('power_bowl_dyno'): 15 pts
      values: ['27.7446', '41.5886', '59.0094', '65.6159', '68.2362', '70.3443', '70.3711', '70.5868', '70.5362', '70.7255', '70.7817', '70.7143', '70.7315', '69.3432', '68.3469']
    efficiency ('eff_bowl_dyno'): 15 pts
      values: ['0.48', '54.76', '72.96', '77.43', '78.08', '76.37', '76.20', '75.86', '75.64', '74.66', '73.49', '72.75', '70.27', '64.09', '58.49']
    [FTS] Checking packing/bearing loss...
    [FTS] file: C:\Users\107087\AppData\Local\Temp\px_detail_2dpdyve9\99271577210010B1P.xls
    [FTS] friction coefficient: 0.1
    [FTS] BA has 16 non-zero values — loss already applied, skipping
    [STAGE NORM] 3-stage → dividing head & power by 3
      head BEFORE: ['238.17', '217.31', '205.80', '189.69', '177.48', '154.83', '152.79', '151.25', '149.36', '143.68', '138.29', '134.21', '124.88', '103.49', '89.20']
      head AFTER:  ['79.39', '72.44', '68.60', '63.23', '59.16', '51.61', '50.93', '50.42', '49.79', '47.89', '46.10', '44.74', '41.63', '34.50', '29.73']
      power BEFORE: ['27.7446', '41.5886', '59.0094', '65.6159', '68.2362', '70.3443', '70.3711', '70.5868', '70.5362', '70.7255', '70.7817', '70.7143', '70.7315', '69.3432', '68.3469']
      power AFTER:  ['9.2482', '13.8629', '19.6698', '21.8720', '22.7454', '23.4481', '23.4570', '23.5289', '23.5121', '23.5752', '23.5939', '23.5714', '23.5772', '23.1144', '22.7823']
    [AFFINITY]
      test_diameter:     8.7133
      baseline_diameter: 8.6425
      dia_ratio:         8.6425/8.7133 = 0.991871
      test_rpm:          1785.0
      baseline_rpm:      1775.0
      speed_ratio:       1775.0/1785.0 = 0.994398
      scaled_flow:  ['2.20', '409.42', '817.33', '1046.41', '1172.88', '1355.66', '1371.15', '1383.26', '1395.71', '1435.88', '1469.65', '1497.55', '1554.97', '1677.74', '1750.98']
      scaled_head:  ['77.23', '70.47', '66.73', '61.51', '57.55', '50.21', '49.55', '49.04', '48.43', '46.59', '44.84', '43.52', '40.49', '33.56', '28.93']
      scaled_power: ['8.8737', '13.3014', '18.8732', '20.9862', '21.8243', '22.4985', '22.5071', '22.5761', '22.5599', '22.6204', '22.6384', '22.6168', '22.6223', '22.1783', '21.8597']
    [FINAL] plotted_flow:  [2.20 → 1750.98]
    [FINAL] plotted_head:  [77.23 → 28.93]
    [FINAL] plotted_power: [8.8737 → 21.8597]
    [FINAL] plotted_eff:   [0.48 → 58.49]

  ── [LOAD+SCALE] 9927167261A1P ──
    trim=8.5743, stages=7, rpm=1760.0, filing='Fig.1 to 0.03'
    columns: ['curve_no', 'flow', 'speed', 'power_in', 'power_bowl_motor', 'power_bowl_dyno', 'power_pump_motor', 'power_pump_dyno', 'tdh_bowl', 'tdh_pump', 'eff_bowl_motor', 'eff_bowl_dyno', 'eff_pump_motor', 'eff_pump_dyno', 'eff_overall', 'npsha']
    rows: 12
    flow: 12 pts
      values: ['3.88', '427.29', '580.91', '766.14', '948.82', '984.89', '1007.29', '1021.60', '1250.04', '1490.01', '1613.92', '1667.00']
    head ('tdh_bowl'): 12 pts
      values: ['525.63', '478.46', '470.27', '453.42', '427.07', '420.34', '415.89', '413.00', '356.50', '275.54', '228.83', '208.83']
    power ('power_bowl_dyno'): all zero/negative — trying fallback
    power FALLBACK ('power_bowl_motor'): 12 pts
      values: ['64.4649', '95.2547', '109.7232', '124.6726', '135.9946', '137.5058', '138.6575', '139.0954', '145.7827', '143.8017', '140.1439', '138.4202']
    efficiency ('eff_bowl_motor'): 12 pts
      values: ['0.80', '54.11', '62.76', '70.24', '75.11', '75.90', '76.16', '76.47', '77.06', '71.97', '66.43', '63.40']
    [FTS] Checking packing/bearing loss...
    [FTS] file: C:\Users\107087\AppData\Local\Temp\px_detail_2dpdyve9\9927167261A1P.xls
    [FTS] friction coefficient: 0.1
    [FTS] BA is all zeros — computing packing loss
    [FTS] Line shaft diameter: 1.9375"
    [FTS] Using 'tdh_bowl' for discharge pressure
    [FTS] Speed (first 5): ['1760.0', '1760.0', '1760.0', '1760.0', '1760.0']
    [FTS] Pressure (first 5): ['525.63', '478.46', '470.27', '453.42', '427.07']
    [FTS] Packing cross section: 0.5" (shaft >= 1.0")
    [FTS] Contact area: 0.5 × 0.94 × 1.9375 × π = 2.860813 in²
    [FTS] shaft_radius_ft: 0.080729
    [FTS] Loss HP (first 5): ['3.254426', '2.962401', '2.911687', '2.807359', '2.644197']
    [FTS] Loss HP range: 1.292978 — 3.254426
    [FTS] Power correction applied:
      Original power (first 5): ['64.4649', '95.2547', '109.7232', '124.6726', '135.9946']
      Loss HP       (first 5): ['3.254426', '2.962401', '2.911687', '2.807359', '2.644197']
      Corrected     (first 5): ['61.2105', '92.2923', '106.8115', '121.8652', '133.3504']
      Avg loss: 2.4115 HP
      Max loss: 3.2544 HP
    power BEFORE FTS: ['64.4649', '95.2547', '109.7232', '124.6726', '135.9946', '137.5058', '138.6575', '139.0954', '145.7827', '143.8017', '140.1439', '138.4202']
    power AFTER FTS:  ['61.2105', '92.2923', '106.8115', '121.8652', '133.3504', '134.9032', '136.0824', '136.5383', '143.5754', '142.0957', '138.7271', '137.1272']
    [STAGE NORM] 7-stage → dividing head & power by 7
      head BEFORE: ['525.63', '478.46', '470.27', '453.42', '427.07', '420.34', '415.89', '413.00', '356.50', '275.54', '228.83', '208.83']
      head AFTER:  ['75.09', '68.35', '67.18', '64.77', '61.01', '60.05', '59.41', '59.00', '50.93', '39.36', '32.69', '29.83']
      power BEFORE: ['61.2105', '92.2923', '106.8115', '121.8652', '133.3504', '134.9032', '136.0824', '136.5383', '143.5754', '142.0957', '138.7271', '137.1272']
      power AFTER:  ['8.7444', '13.1846', '15.2588', '17.4093', '19.0501', '19.2719', '19.4403', '19.5055', '20.5108', '20.2994', '19.8182', '19.5896']
    [AFFINITY]
      test_diameter:     8.5743
      baseline_diameter: 8.6425
      dia_ratio:         8.6425/8.5743 = 1.007956
      test_rpm:          1760.0
      baseline_rpm:      1775.0
      speed_ratio:       1775.0/1760.0 = 1.008523
      scaled_flow:  ['3.94', '434.36', '590.52', '778.82', '964.52', '1001.18', '1023.95', '1038.50', '1270.73', '1514.66', '1640.63', '1694.59']
      scaled_head:  ['77.59', '70.63', '69.42', '66.94', '63.05', '62.05', '61.40', '60.97', '52.63', '40.68', '33.78', '30.83']
      scaled_power: ['9.1856', '13.8500', '16.0288', '18.2879', '20.0114', '20.2444', '20.4214', '20.4898', '21.5458', '21.3238', '20.8183', '20.5782']
    [FINAL] plotted_flow:  [3.94 → 1694.59]
    [FINAL] plotted_head:  [77.59 → 30.83]
    [FINAL] plotted_power: [9.1856 → 20.5782]
    [FINAL] plotted_eff:   [0.80 → 63.40]

  ── [LOAD+SCALE] 9927165770B1P ──
    trim=8.7900, stages=6, rpm=1760.0, filing='Fig.1 to 0.03'
    columns: ['curve_no', 'flow', 'speed', 'power_in', 'power_bowl_motor', 'power_bowl_dyno', 'power_pump_motor', 'power_pump_dyno', 'tdh_bowl', 'tdh_pump', 'eff_bowl_motor', 'eff_bowl_dyno', 'eff_pump_motor', 'eff_pump_dyno', 'eff_overall', 'npsha']
    rows: 13
    flow: 13 pts
      values: ['0.00', '405.79', '575.99', '793.79', '978.12', '997.82', '1044.95', '1199.33', '1490.18', '1519.74', '1579.57', '1624.23', '1721.28']
    head ('tdh_bowl'): 13 pts
      values: ['483.02', '439.80', '432.84', '420.96', '402.25', '399.64', '392.16', '364.38', '294.75', '285.99', '268.95', '256.55', '224.70']
    power ('power_bowl_dyno'): all zero/negative — trying fallback
    power FALLBACK ('power_bowl_motor'): 13 pts
      values: ['61.7534', '86.1020', '101.1826', '118.2558', '130.0113', '130.8860', '133.0785', '138.9777', '142.8502', '142.8571', '142.6119', '142.0102', '139.8989']
    efficiency ('eff_bowl_motor'): 13 pts
      values: ['0.00', '52.25', '62.11', '71.23', '76.29', '76.80', '77.62', '79.27', '77.51', '76.70', '75.09', '73.97', '69.69']
    [FTS] Checking packing/bearing loss...
    [FTS] file: C:\Users\107087\AppData\Local\Temp\px_detail_2dpdyve9\9927165770B1P.xls
    [FTS] friction coefficient: 0.1
    [FTS] BA is all zeros — computing packing loss
    [FTS] Line shaft diameter: 1.5000"
    [FTS] Using 'tdh_bowl' for discharge pressure
    [FTS] Speed (first 5): ['1760.0', '1760.0', '1760.0', '1760.0', '1760.0']
    [FTS] Pressure (first 5): ['483.02', '439.80', '432.84', '420.96', '402.25']
    [FTS] Packing cross section: 0.5" (shaft >= 1.0")
    [FTS] Contact area: 0.5 × 0.94 × 1.5000 × π = 2.214823 in²
    [FTS] shaft_radius_ft: 0.062500
    [FTS] Loss HP (first 5): ['1.792507', '1.632132', '1.606298', '1.562210', '1.492781']
    [FTS] Loss HP range: 0.833876 — 1.792507
    [FTS] Power correction applied:
      Original power (first 5): ['61.7534', '86.1020', '101.1826', '118.2558', '130.0113']
      Loss HP       (first 5): ['1.792507', '1.632132', '1.606298', '1.562210', '1.492781']
      Corrected     (first 5): ['59.9609', '84.4698', '99.5763', '116.6936', '128.5185']
      Avg loss: 1.3320 HP
      Max loss: 1.7925 HP
    power BEFORE FTS: ['61.7534', '86.1020', '101.1826', '118.2558', '130.0113', '130.8860', '133.0785', '138.9777', '142.8502', '142.8571', '142.6119', '142.0102', '139.8989']
    power AFTER FTS:  ['59.9609', '84.4698', '99.5763', '116.6936', '128.5185', '129.4029', '131.6231', '137.6254', '141.7563', '141.7957', '141.6138', '141.0582', '139.0650']
    [STAGE NORM] 6-stage → dividing head & power by 6
      head BEFORE: ['483.02', '439.80', '432.84', '420.96', '402.25', '399.64', '392.16', '364.38', '294.75', '285.99', '268.95', '256.55', '224.70']
      head AFTER:  ['80.50', '73.30', '72.14', '70.16', '67.04', '66.61', '65.36', '60.73', '49.13', '47.66', '44.82', '42.76', '37.45']
      power BEFORE: ['59.9609', '84.4698', '99.5763', '116.6936', '128.5185', '129.4029', '131.6231', '137.6254', '141.7563', '141.7957', '141.6138', '141.0582', '139.0650']
      power AFTER:  ['9.9935', '14.0783', '16.5961', '19.4489', '21.4198', '21.5671', '21.9372', '22.9376', '23.6261', '23.6326', '23.6023', '23.5097', '23.1775']
    [AFFINITY]
      test_diameter:     8.7900
      baseline_diameter: 8.6425
      dia_ratio:         8.6425/8.7900 = 0.983220
      test_rpm:          1760.0
      baseline_rpm:      1775.0
      speed_ratio:       1775.0/1760.0 = 1.008523
      scaled_flow:  ['0.00', '402.38', '571.15', '787.12', '969.90', '989.43', '1036.17', '1189.25', '1477.66', '1506.97', '1566.30', '1610.59', '1706.82']
      scaled_head:  ['79.16', '72.07', '70.93', '68.99', '65.92', '65.49', '64.27', '59.71', '48.30', '46.87', '44.07', '42.04', '36.82']
      scaled_power: ['9.7437', '13.7265', '16.1813', '18.9629', '20.8845', '21.0282', '21.3890', '22.3643', '23.0356', '23.0420', '23.0124', '22.9222', '22.5983']
    [FINAL] plotted_flow:  [0.00 → 1706.82]
    [FINAL] plotted_head:  [79.16 → 36.82]
    [FINAL] plotted_power: [9.7437 → 22.5983]
    [FINAL] plotted_eff:   [0.00 → 69.69]

  ── [LOAD+SCALE] 9927165770A1P ──
    trim=8.7900, stages=6, rpm=1760.0, filing='Fig.1 to 0.03'
    columns: ['curve_no', 'flow', 'speed', 'power_in', 'power_bowl_motor', 'power_bowl_dyno', 'power_pump_motor', 'power_pump_dyno', 'tdh_bowl', 'tdh_pump', 'eff_bowl_motor', 'eff_bowl_dyno', 'eff_pump_motor', 'eff_pump_dyno', 'eff_overall', 'npsha']
    rows: 15
    flow: 15 pts
      values: ['0.00', '52.60', '395.16', '577.34', '798.62', '950.11', '974.24', '985.93', '1014.98', '1029.93', '1239.74', '1456.56', '1497.79', '1597.31', '1725.15']
    head ('tdh_bowl'): 15 pts
      values: ['481.09', '482.24', '439.10', '432.01', '420.43', '405.97', '403.09', '401.26', '397.41', '394.89', '354.89', '301.02', '290.33', '263.19', '220.83']
    power ('power_bowl_dyno'): all zero/negative — trying fallback
    power FALLBACK ('power_bowl_motor'): 15 pts
      values: ['62.6061', '65.5012', '84.7622', '100.9472', '118.3084', '128.0088', '129.3707', '130.0170', '131.3409', '131.9810', '139.5940', '142.0334', '141.9916', '141.2467', '138.8102']
    efficiency ('eff_bowl_motor'): 15 pts
      values: ['0.00', '9.76', '51.60', '62.28', '71.54', '75.96', '76.52', '76.71', '77.42', '77.68', '79.45', '77.82', '77.20', '75.03', '69.19']
    [FTS] Checking packing/bearing loss...
    [FTS] file: C:\Users\107087\AppData\Local\Temp\px_detail_2dpdyve9\9927165770A1P.xls
    [FTS] friction coefficient: 0.1
    [FTS] BA is all zeros — computing packing loss
    [FTS] Line shaft diameter: 1.5000"
    [FTS] Using 'tdh_bowl' for discharge pressure
    [FTS] Speed (first 5): ['1760.0', '1760.0', '1760.0', '1760.0', '1760.0']
    [FTS] Pressure (first 5): ['481.09', '482.24', '439.10', '432.01', '420.43']
    [FTS] Packing cross section: 0.5" (shaft >= 1.0")
    [FTS] Contact area: 0.5 × 0.94 × 1.5000 × π = 2.214823 in²
    [FTS] shaft_radius_ft: 0.062500
    [FTS] Loss HP (first 5): ['1.785362', '1.789636', '1.629536', '1.603196', '1.560243']
    [FTS] Loss HP range: 0.819517 — 1.789636
    [FTS] Power correction applied:
      Original power (first 5): ['62.6061', '65.5012', '84.7622', '100.9472', '118.3084']
      Loss HP       (first 5): ['1.785362', '1.789636', '1.629536', '1.603196', '1.560243']
      Corrected     (first 5): ['60.8208', '63.7116', '83.1327', '99.3440', '116.7482']
      Avg loss: 1.4072 HP
      Max loss: 1.7896 HP
    power BEFORE FTS: ['62.6061', '65.5012', '84.7622', '100.9472', '118.3084', '128.0088', '129.3707', '130.0170', '131.3409', '131.9810', '139.5940', '142.0334', '141.9916', '141.2467', '138.8102']
    power AFTER FTS:  ['60.8208', '63.7116', '83.1327', '99.3440', '116.7482', '126.5022', '127.8748', '128.5278', '129.8661', '130.5155', '138.2769', '140.9163', '140.9141', '140.2700', '137.9907']
    [STAGE NORM] 6-stage → dividing head & power by 6
      head BEFORE: ['481.09', '482.24', '439.10', '432.01', '420.43', '405.97', '403.09', '401.26', '397.41', '394.89', '354.89', '301.02', '290.33', '263.19', '220.83']
      head AFTER:  ['80.18', '80.37', '73.18', '72.00', '70.07', '67.66', '67.18', '66.88', '66.24', '65.82', '59.15', '50.17', '48.39', '43.86', '36.81']
      power BEFORE: ['60.8208', '63.7116', '83.1327', '99.3440', '116.7482', '126.5022', '127.8748', '128.5278', '129.8661', '130.5155', '138.2769', '140.9163', '140.9141', '140.2700', '137.9907']
      power AFTER:  ['10.1368', '10.6186', '13.8554', '16.5573', '19.4580', '21.0837', '21.3125', '21.4213', '21.6443', '21.7526', '23.0462', '23.4860', '23.4857', '23.3783', '22.9985']
    [AFFINITY]
      test_diameter:     8.7900
      baseline_diameter: 8.6425
      dia_ratio:         8.6425/8.7900 = 0.983220
      test_rpm:          1760.0
      baseline_rpm:      1775.0
      speed_ratio:       1775.0/1760.0 = 1.008523
      scaled_flow:  ['0.00', '52.16', '391.84', '572.49', '791.91', '942.13', '966.05', '977.65', '1006.46', '1021.28', '1229.33', '1444.33', '1485.21', '1583.89', '1710.66']
      scaled_head:  ['78.84', '79.03', '71.96', '70.80', '68.90', '66.53', '66.06', '65.76', '65.13', '64.71', '58.16', '49.33', '47.58', '43.13', '36.19']
      scaled_power: ['9.8835', '10.3532', '13.5092', '16.1436', '18.9718', '20.5568', '20.7799', '20.8860', '21.1034', '21.2090', '22.4702', '22.8991', '22.8988', '22.7941', '22.4237']
    [FINAL] plotted_flow:  [0.00 → 1710.66]
    [FINAL] plotted_head:  [78.84 → 36.19]
    [FINAL] plotted_power: [9.8835 → 22.4237]
    [FINAL] plotted_eff:   [0.00 → 69.19]

  ── [LOAD+SCALE] 9927164963A1P ──
    trim=8.6880, stages=5, rpm=1760.0, filing='Fig.1 to 0.03'
    columns: ['curve_no', 'flow', 'speed', 'power_in', 'power_bowl_motor', 'power_bowl_dyno', 'power_pump_motor', 'power_pump_dyno', 'tdh_bowl', 'tdh_pump', 'eff_bowl_motor', 'eff_bowl_dyno', 'eff_pump_motor', 'eff_pump_dyno', 'eff_overall', 'npsha']
    rows: 15
    flow: 15 pts
      values: ['11.76', '344.32', '547.44', '754.51', '839.41', '954.00', '1004.18', '1065.26', '1113.58', '1234.66', '1293.83', '1434.99', '1503.72', '1567.61', '1679.97']
    head ('tdh_bowl'): 15 pts
      values: ['387.70', '359.08', '349.17', '338.92', '332.58', '322.76', '317.59', '309.84', '302.17', '282.71', '271.59', '240.08', '225.01', '208.51', '178.16']
    power ('power_bowl_dyno'): all zero/negative — trying fallback
    power FALLBACK ('power_bowl_motor'): 15 pts
      values: ['46.0401', '63.9878', '77.8165', '91.6810', '96.4068', '102.2210', '104.2255', '106.5452', '108.0911', '111.4271', '112.3161', '112.8910', '112.7080', '111.9723', '110.6937']
    efficiency ('eff_bowl_motor'): 15 pts
      values: ['2.50', '48.71', '61.92', '70.31', '73.00', '75.94', '77.14', '78.09', '78.48', '78.97', '78.87', '76.93', '75.68', '73.59', '68.16']
    [FTS] Checking packing/bearing loss...
    [FTS] file: C:\Users\107087\AppData\Local\Temp\px_detail_2dpdyve9\9927164963A1P.xls
    [FTS] friction coefficient: 0.1
    [FTS] BA is all zeros — computing packing loss
    [FTS] Line shaft diameter: 1.5000"
    [FTS] Using 'tdh_bowl' for discharge pressure
    [FTS] Speed (first 5): ['1760.0', '1760.0', '1760.0', '1760.0', '1760.0']
    [FTS] Pressure (first 5): ['387.70', '359.08', '349.17', '338.92', '332.58']
    [FTS] Packing cross section: 0.5" (shaft >= 1.0")
    [FTS] Contact area: 0.5 × 0.94 × 1.5000 × π = 2.214823 in²
    [FTS] shaft_radius_ft: 0.062500
    [FTS] Loss HP (first 5): ['1.438766', '1.332567', '1.295794', '1.257737', '1.234209']
    [FTS] Loss HP range: 0.661179 — 1.438766
    [FTS] Power correction applied:
      Original power (first 5): ['46.0401', '63.9878', '77.8165', '91.6810', '96.4068']
      Loss HP       (first 5): ['1.438766', '1.332567', '1.295794', '1.257737', '1.234209']
      Corrected     (first 5): ['44.6014', '62.6552', '76.5207', '90.4233', '95.1726']
      Avg loss: 1.0950 HP
      Max loss: 1.4388 HP
    power BEFORE FTS: ['46.0401', '63.9878', '77.8165', '91.6810', '96.4068', '102.2210', '104.2255', '106.5452', '108.0911', '111.4271', '112.3161', '112.8910', '112.7080', '111.9723', '110.6937']
    power AFTER FTS:  ['44.6014', '62.6552', '76.5207', '90.4233', '95.1726', '101.0232', '103.0469', '105.3954', '106.9697', '110.3779', '111.3082', '112.0001', '111.8730', '111.1985', '110.0325']
    [STAGE NORM] 5-stage → dividing head & power by 5
      head BEFORE: ['387.70', '359.08', '349.17', '338.92', '332.58', '322.76', '317.59', '309.84', '302.17', '282.71', '271.59', '240.08', '225.01', '208.51', '178.16']
      head AFTER:  ['77.54', '71.82', '69.83', '67.78', '66.52', '64.55', '63.52', '61.97', '60.43', '56.54', '54.32', '48.02', '45.00', '41.70', '35.63']
      power BEFORE: ['44.6014', '62.6552', '76.5207', '90.4233', '95.1726', '101.0232', '103.0469', '105.3954', '106.9697', '110.3779', '111.3082', '112.0001', '111.8730', '111.1985', '110.0325']
      power AFTER:  ['8.9203', '12.5310', '15.3041', '18.0847', '19.0345', '20.2046', '20.6094', '21.0791', '21.3939', '22.0756', '22.2616', '22.4000', '22.3746', '22.2397', '22.0065']
    [AFFINITY]
      test_diameter:     8.6880
      baseline_diameter: 8.6425
      dia_ratio:         8.6425/8.6880 = 0.994763
      test_rpm:          1760.0
      baseline_rpm:      1775.0
      speed_ratio:       1775.0/1760.0 = 1.008523
      scaled_flow:  ['11.80', '345.44', '549.21', '756.96', '842.13', '957.10', '1007.44', '1068.71', '1117.19', '1238.66', '1298.02', '1439.64', '1508.59', '1572.69', '1685.42']
      scaled_head:  ['78.04', '72.28', '70.29', '68.22', '66.95', '64.97', '63.93', '62.37', '60.83', '56.91', '54.67', '48.33', '45.29', '41.97', '35.86']
      scaled_power: ['9.0073', '12.6533', '15.4534', '18.2611', '19.2202', '20.4017', '20.8104', '21.2847', '21.6026', '22.2909', '22.4788', '22.6185', '22.5929', '22.4566', '22.2212']
    [FINAL] plotted_flow:  [11.80 → 1685.42]
    [FINAL] plotted_head:  [78.04 → 35.86]
    [FINAL] plotted_power: [9.0073 → 22.2212]
    [FINAL] plotted_eff:   [2.50 → 68.16]

  ── [LOAD+SCALE] 99271564380010C1P ──
    trim=8.5320, stages=5, rpm=1785.0, filing='Fig.1 to 0.03'
    columns: ['curve_no', 'flow', 'speed', 'power_in', 'power_bowl_motor', 'power_bowl_dyno', 'power_pump_motor', 'power_pump_dyno', 'tdh_bowl', 'tdh_pump', 'eff_bowl_motor', 'eff_bowl_dyno', 'eff_pump_motor', 'eff_pump_dyno', 'eff_overall', 'npsha']
    rows: 11
    flow: 11 pts
      values: ['0.00', '385.62', '585.32', '777.23', '973.53', '1005.78', '1037.15', '1217.19', '1409.67', '1564.62', '1584.03']
    head ('tdh_bowl'): 11 pts
      values: ['337.33', '314.60', '301.52', '284.02', '255.13', '247.98', '241.50', '195.15', '134.79', '73.53', '65.76']
    power ('power_bowl_dyno'): 11 pts
      values: ['31.0226', '52.2576', '62.6485', '70.4812', '74.9889', '75.3362', '75.6524', '74.2415', '68.6150', '59.8038', '58.4711']
    efficiency ('eff_bowl_dyno'): 11 pts
      values: ['0.00', '58.61', '71.12', '79.07', '83.62', '83.58', '83.58', '80.77', '69.91', '48.57', '44.97']
    [FTS] Checking packing/bearing loss...
    [FTS] file: C:\Users\107087\AppData\Local\Temp\px_detail_2dpdyve9\99271564380010C1P.xls
    [FTS] friction coefficient: 0.1
    [FTS] BA is all zeros — computing packing loss
    [FTS] Line shaft diameter: 1.5000"
    [FTS] Using 'tdh_bowl' for discharge pressure
    [FTS] Speed (first 5): ['1785.0', '1785.0', '1785.0', '1785.0', '1785.0']
    [FTS] Pressure (first 5): ['337.33', '314.60', '301.52', '284.02', '255.13']
    [FTS] Packing cross section: 0.5" (shaft >= 1.0")
    [FTS] Contact area: 0.5 × 0.94 × 1.5000 × π = 2.214823 in²
    [FTS] shaft_radius_ft: 0.062500
    [FTS] Loss HP (first 5): ['1.269616', '1.184090', '1.134847', '1.068997', '0.960246']
    [FTS] Loss HP range: 0.247493 — 1.269616
    [FTS] Power correction applied:
      Original power (first 5): ['31.0226', '52.2576', '62.6485', '70.4812', '74.9889']
      Loss HP       (first 5): ['1.269616', '1.184090', '1.134847', '1.068997', '0.960246']
      Corrected     (first 5): ['29.7530', '51.0735', '61.5137', '69.4122', '74.0286']
      Avg loss: 0.8387 HP
      Max loss: 1.2696 HP
    power BEFORE FTS: ['31.0226', '52.2576', '62.6485', '70.4812', '74.9889', '75.3362', '75.6524', '74.2415', '68.6150', '59.8038', '58.4711']
    power AFTER FTS:  ['29.7530', '51.0735', '61.5137', '69.4122', '74.0286', '74.4028', '74.7434', '73.5070', '68.1077', '59.5270', '58.2236']
    [STAGE NORM] 5-stage → dividing head & power by 5
      head BEFORE: ['337.33', '314.60', '301.52', '284.02', '255.13', '247.98', '241.50', '195.15', '134.79', '73.53', '65.76']
      head AFTER:  ['67.47', '62.92', '60.30', '56.80', '51.03', '49.60', '48.30', '39.03', '26.96', '14.71', '13.15']
      power BEFORE: ['29.7530', '51.0735', '61.5137', '69.4122', '74.0286', '74.4028', '74.7434', '73.5070', '68.1077', '59.5270', '58.2236']
      power AFTER:  ['5.9506', '10.2147', '12.3027', '13.8824', '14.8057', '14.8806', '14.9487', '14.7014', '13.6215', '11.9054', '11.6447']
    [AFFINITY]
      test_diameter:     8.5320
      baseline_diameter: 8.6425
      dia_ratio:         8.6425/8.5320 = 1.012951
      test_rpm:          1785.0
      baseline_rpm:      1775.0
      speed_ratio:       1775.0/1785.0 = 0.994398
      scaled_flow:  ['0.00', '388.43', '589.58', '782.88', '980.61', '1013.10', '1044.70', '1226.05', '1419.93', '1576.00', '1595.56']
      scaled_head:  ['68.45', '63.84', '61.18', '57.63', '51.77', '50.32', '49.01', '39.60', '27.35', '14.92', '13.34']
      scaled_power: ['6.0814', '10.4393', '12.5733', '14.1877', '15.1313', '15.2078', '15.2774', '15.0247', '13.9211', '12.1672', '11.9008']
    [FINAL] plotted_flow:  [0.00 → 1595.56]
    [FINAL] plotted_head:  [68.45 → 13.34]
    [FINAL] plotted_power: [6.0814 → 11.9008]
    [FINAL] plotted_eff:   [0.00 → 44.97]

  ── [LOAD+SCALE] 99271564380010B1P ──
    trim=8.5320, stages=5, rpm=1785.0, filing='Fig.1 to 0.03'
    columns: ['curve_no', 'flow', 'speed', 'power_in', 'power_bowl_motor', 'power_bowl_dyno', 'power_pump_motor', 'power_pump_dyno', 'tdh_bowl', 'tdh_pump', 'eff_bowl_motor', 'eff_bowl_dyno', 'eff_pump_motor', 'eff_pump_dyno', 'eff_overall', 'npsha']
    rows: 10
    flow: 10 pts
      values: ['0.00', '390.48', '573.11', '804.56', '969.19', '1008.11', '1034.24', '1195.29', '1404.46', '1541.82']
    head ('tdh_bowl'): 10 pts
      values: ['333.63', '313.50', '302.79', '279.47', '255.62', '248.08', '241.93', '200.81', '135.33', '83.13']
    power ('power_bowl_dyno'): 10 pts
      values: ['30.0045', '52.4124', '61.9816', '71.0494', '75.1305', '75.4501', '75.5567', '74.3613', '68.4223', '61.1603']
    efficiency ('eff_bowl_dyno'): 10 pts
      values: ['0.00', '58.96', '70.68', '79.89', '83.25', '83.68', '83.60', '81.49', '70.13', '52.91']
    [FTS] Checking packing/bearing loss...
    [FTS] file: C:\Users\107087\AppData\Local\Temp\px_detail_2dpdyve9\99271564380010B1P.xls
    [FTS] friction coefficient: 0.1
    [FTS] BA is all zeros — computing packing loss
    [FTS] Line shaft diameter: 1.5000"
    [FTS] Using 'tdh_bowl' for discharge pressure
    [FTS] Speed (first 5): ['1785.0', '1785.0', '1785.0', '1785.0', '1785.0']
    [FTS] Pressure (first 5): ['333.63', '313.50', '302.79', '279.47', '255.62']
    [FTS] Packing cross section: 0.5" (shaft >= 1.0")
    [FTS] Contact area: 0.5 × 0.94 × 1.5000 × π = 2.214823 in²
    [FTS] shaft_radius_ft: 0.062500
    [FTS] Loss HP (first 5): ['1.255700', '1.179929', '1.139647', '1.051872', '0.962096']
    [FTS] Loss HP range: 0.312896 — 1.255700
    [FTS] Power correction applied:
      Original power (first 5): ['30.0045', '52.4124', '61.9816', '71.0494', '75.1305']
      Loss HP       (first 5): ['1.255700', '1.179929', '1.139647', '1.051872', '0.962096']
      Corrected     (first 5): ['28.7488', '51.2324', '60.8420', '69.9975', '74.1684']
      Avg loss: 0.9012 HP
      Max loss: 1.2557 HP
    power BEFORE FTS: ['30.0045', '52.4124', '61.9816', '71.0494', '75.1305', '75.4501', '75.5567', '74.3613', '68.4223', '61.1603']
    power AFTER FTS:  ['28.7488', '51.2324', '60.8420', '69.9975', '74.1684', '74.5164', '74.6461', '73.6055', '67.9130', '60.8474']
    [STAGE NORM] 5-stage → dividing head & power by 5
      head BEFORE: ['333.63', '313.50', '302.79', '279.47', '255.62', '248.08', '241.93', '200.81', '135.33', '83.13']
      head AFTER:  ['66.73', '62.70', '60.56', '55.89', '51.12', '49.62', '48.39', '40.16', '27.07', '16.63']
      power BEFORE: ['28.7488', '51.2324', '60.8420', '69.9975', '74.1684', '74.5164', '74.6461', '73.6055', '67.9130', '60.8474']
      power AFTER:  ['5.7498', '10.2465', '12.1684', '13.9995', '14.8337', '14.9033', '14.9292', '14.7211', '13.5826', '12.1695']
    [AFFINITY]
      test_diameter:     8.5320
      baseline_diameter: 8.6425
      dia_ratio:         8.6425/8.5320 = 1.012951
      test_rpm:          1785.0
      baseline_rpm:      1775.0
      speed_ratio:       1775.0/1785.0 = 0.994398
      scaled_flow:  ['0.00', '393.33', '577.28', '810.41', '976.24', '1015.44', '1041.76', '1203.99', '1414.68', '1553.04']
      scaled_head:  ['67.70', '63.62', '61.44', '56.71', '51.87', '50.34', '49.09', '40.75', '27.46', '16.87']
      scaled_power: ['5.8762', '10.4718', '12.4360', '14.3073', '15.1599', '15.2310', '15.2575', '15.0448', '13.8813', '12.4371']
    [FINAL] plotted_flow:  [0.00 → 1553.04]
    [FINAL] plotted_head:  [67.70 → 16.87]
    [FINAL] plotted_power: [5.8762 → 12.4371]
    [FINAL] plotted_eff:   [0.00 → 52.91]

  ── [LOAD+SCALE] 9927163929A1P ──
    trim=8.7940, stages=5, rpm=1760.0, filing='Fig.1 to 0.03'
    columns: ['curve_no', 'flow', 'speed', 'power_in', 'power_bowl_motor', 'power_bowl_dyno', 'power_pump_motor', 'power_pump_dyno', 'tdh_bowl', 'tdh_pump', 'eff_bowl_motor', 'eff_bowl_dyno', 'eff_pump_motor', 'eff_pump_dyno', 'eff_overall', 'npsha']
    rows: 12
    flow: 12 pts
      values: ['19.14', '360.58', '563.81', '699.94', '805.89', '972.66', '1008.23', '1023.21', '1227.55', '1506.35', '1749.66', '1899.52']
    head ('tdh_bowl'): 12 pts
      values: ['403.22', '370.94', '362.07', '356.54', '349.77', '335.46', '331.54', '329.88', '298.85', '239.57', '176.60', '122.52']
    power ('power_bowl_dyno'): all zero/negative — trying fallback
    power FALLBACK ('power_bowl_motor'): 12 pts
      values: ['49.7368', '67.0926', '81.5881', '91.1449', '97.8264', '106.8653', '108.1993', '108.8326', '115.4849', '118.0426', '115.7369', '110.0637']
    efficiency ('eff_bowl_motor'): 12 pts
      values: ['3.91', '50.26', '63.07', '69.02', '72.64', '76.97', '77.88', '78.18', '80.08', '77.07', '67.30', '53.31']
    [FTS] Checking packing/bearing loss...
    [FTS] file: C:\Users\107087\AppData\Local\Temp\px_detail_2dpdyve9\9927163929A1P.xls
    [FTS] friction coefficient: 0.1
    [FTS] BA is all zeros — computing packing loss
    [FTS] Line shaft diameter: 1.5000"
    [FTS] Using 'tdh_bowl' for discharge pressure
    [FTS] Speed (first 5): ['1760.0', '1760.0', '1760.0', '1760.0', '1760.0']
    [FTS] Pressure (first 5): ['403.22', '370.94', '362.07', '356.54', '349.77']
    [FTS] Packing cross section: 0.5" (shaft >= 1.0")
    [FTS] Contact area: 0.5 × 0.94 × 1.5000 × π = 2.214823 in²
    [FTS] shaft_radius_ft: 0.062500
    [FTS] Loss HP (first 5): ['1.496381', '1.376582', '1.343668', '1.323127', '1.298020']
    [FTS] Loss HP range: 0.454688 — 1.496381
    [FTS] Power correction applied:
      Original power (first 5): ['49.7368', '67.0926', '81.5881', '91.1449', '97.8264']
      Loss HP       (first 5): ['1.496381', '1.376582', '1.343668', '1.323127', '1.298020']
      Corrected     (first 5): ['48.2404', '65.7160', '80.2444', '89.8218', '96.5284']
      Avg loss: 1.1371 HP
      Max loss: 1.4964 HP
    power BEFORE FTS: ['49.7368', '67.0926', '81.5881', '91.1449', '97.8264', '106.8653', '108.1993', '108.8326', '115.4849', '118.0426', '115.7369', '110.0637']
    power AFTER FTS:  ['48.2404', '65.7160', '80.2444', '89.8218', '96.5284', '105.6204', '106.9690', '107.6083', '114.3758', '117.1535', '115.0815', '109.6090']
    [STAGE NORM] 5-stage → dividing head & power by 5
      head BEFORE: ['403.22', '370.94', '362.07', '356.54', '349.77', '335.46', '331.54', '329.88', '298.85', '239.57', '176.60', '122.52']
      head AFTER:  ['80.64', '74.19', '72.41', '71.31', '69.95', '67.09', '66.31', '65.98', '59.77', '47.91', '35.32', '24.50']
      power BEFORE: ['48.2404', '65.7160', '80.2444', '89.8218', '96.5284', '105.6204', '106.9690', '107.6083', '114.3758', '117.1535', '115.0815', '109.6090']
      power AFTER:  ['9.6481', '13.1432', '16.0489', '17.9644', '19.3057', '21.1241', '21.3938', '21.5217', '22.8752', '23.4307', '23.0163', '21.9218']
    [AFFINITY]
      test_diameter:     8.7940
      baseline_diameter: 8.6425
      dia_ratio:         8.6425/8.7940 = 0.982772
      test_rpm:          1760.0
      baseline_rpm:      1775.0
      speed_ratio:       1775.0/1760.0 = 1.008523
      scaled_flow:  ['18.97', '357.39', '558.82', '693.74', '798.76', '964.05', '999.30', '1014.15', '1216.68', '1493.02', '1734.18', '1882.71']
      scaled_head:  ['79.22', '72.88', '71.14', '70.05', '68.72', '65.91', '65.14', '64.81', '58.72', '47.07', '34.70', '24.07']
      scaled_power: ['9.3941', '12.7973', '15.6265', '17.4915', '18.7975', '20.5681', '20.8307', '20.9552', '22.2731', '22.8140', '22.4105', '21.3448']
    [FINAL] plotted_flow:  [18.97 → 1882.71]
    [FINAL] plotted_head:  [79.22 → 24.07]
    [FINAL] plotted_power: [9.3941 → 21.3448]
    [FINAL] plotted_eff:   [3.91 → 53.31]

  ── [LOAD+SCALE] 99271564380010A1P ──
    trim=8.5320, stages=5, rpm=1785.0, filing='Fig.1 to 0.03'
    columns: ['curve_no', 'flow', 'speed', 'power_in', 'power_bowl_motor', 'power_bowl_dyno', 'power_pump_motor', 'power_pump_dyno', 'tdh_bowl', 'tdh_pump', 'eff_bowl_motor', 'eff_bowl_dyno', 'eff_pump_motor', 'eff_pump_dyno', 'eff_overall', 'npsha']
    rows: 13
    flow: 13 pts
      values: ['30.39', '384.57', '594.20', '806.89', '965.56', '1005.83', '1018.22', '1041.01', '1194.18', '1242.09', '1412.86', '1478.66', '1533.20']
    head ('tdh_bowl'): 13 pts
      values: ['333.99', '315.98', '301.91', '280.01', '258.29', '250.42', '247.72', '242.84', '204.29', '190.80', '137.19', '112.39', '90.40']
    power ('power_bowl_dyno'): 13 pts
      values: ['29.5829', '53.4740', '64.8091', '73.3653', '77.7244', '77.7299', '78.3802', '78.2659', '77.4678', '76.6569', '71.1933', '67.7456', '64.4111']
    efficiency ('eff_bowl_dyno'): 13 pts
      values: ['8.66', '57.37', '69.88', '77.75', '81.00', '81.81', '81.24', '81.54', '79.50', '78.05', '68.73', '61.93', '54.32']
    [FTS] Checking packing/bearing loss...
    [FTS] file: C:\Users\107087\AppData\Local\Temp\px_detail_2dpdyve9\99271564380010A1P.xls
    [FTS] friction coefficient: 0.1
    [FTS] BA is all zeros — computing packing loss
    [FTS] Line shaft diameter: 1.5000"
    [FTS] Using 'tdh_bowl' for discharge pressure
    [FTS] Speed (first 5): ['1785.0', '1785.0', '1785.0', '1785.0', '1785.0']
    [FTS] Pressure (first 5): ['333.99', '315.98', '301.91', '280.01', '258.29']
    [FTS] Packing cross section: 0.5" (shaft >= 1.0")
    [FTS] Contact area: 0.5 × 0.94 × 1.5000 × π = 2.214823 in²
    [FTS] shaft_radius_ft: 0.062500
    [FTS] Loss HP (first 5): ['1.257044', '1.189280', '1.136323', '1.053909', '0.972124']
    [FTS] Loss HP range: 0.340245 — 1.257044
    [FTS] Power correction applied:
      Original power (first 5): ['29.5829', '53.4740', '64.8091', '73.3653', '77.7244']
      Loss HP       (first 5): ['1.257044', '1.189280', '1.136323', '1.053909', '0.972124']
      Corrected     (first 5): ['28.3258', '52.2847', '63.6727', '72.3113', '76.7523']
      Avg loss: 0.8588 HP
      Max loss: 1.2570 HP
    power BEFORE FTS: ['29.5829', '53.4740', '64.8091', '73.3653', '77.7244', '77.7299', '78.3802', '78.2659', '77.4678', '76.6569', '71.1933', '67.7456', '64.4111']
    power AFTER FTS:  ['28.3258', '52.2847', '63.6727', '72.3113', '76.7523', '76.7874', '77.4478', '77.3518', '76.6988', '75.9387', '70.6770', '67.3225', '64.0709']
    [STAGE NORM] 5-stage → dividing head & power by 5
      head BEFORE: ['333.99', '315.98', '301.91', '280.01', '258.29', '250.42', '247.72', '242.84', '204.29', '190.80', '137.19', '112.39', '90.40']
      head AFTER:  ['66.80', '63.20', '60.38', '56.00', '51.66', '50.08', '49.54', '48.57', '40.86', '38.16', '27.44', '22.48', '18.08']
      power BEFORE: ['28.3258', '52.2847', '63.6727', '72.3113', '76.7523', '76.7874', '77.4478', '77.3518', '76.6988', '75.9387', '70.6770', '67.3225', '64.0709']
      power AFTER:  ['5.6652', '10.4569', '12.7345', '14.4623', '15.3505', '15.3575', '15.4896', '15.4704', '15.3398', '15.1877', '14.1354', '13.4645', '12.8142']
    [AFFINITY]
      test_diameter:     8.5320
      baseline_diameter: 8.6425
      dia_ratio:         8.6425/8.5320 = 1.012951
      test_rpm:          1785.0
      baseline_rpm:      1775.0
      speed_ratio:       1775.0/1785.0 = 0.994398
      scaled_flow:  ['30.62', '387.37', '598.53', '812.76', '972.59', '1013.15', '1025.63', '1048.58', '1202.87', '1251.13', '1423.14', '1489.42', '1544.35']
      scaled_head:  ['67.77', '64.12', '61.26', '56.82', '52.41', '50.82', '50.27', '49.28', '41.46', '38.72', '27.84', '22.81', '18.34']
      scaled_power: ['5.7897', '10.6869', '13.0146', '14.7803', '15.6880', '15.6952', '15.8302', '15.8105', '15.6771', '15.5217', '14.4462', '13.7606', '13.0959']
    [FINAL] plotted_flow:  [30.62 → 1544.35]
    [FINAL] plotted_head:  [67.77 → 18.34]
    [FINAL] plotted_power: [5.7897 → 13.0959]
    [FINAL] plotted_eff:   [8.66 → 54.32]

  ── [LOAD+SCALE] 9927163108A1P ──
    trim=8.6520, stages=5, rpm=1760.0, filing='Fig.1 to 0.03'
    columns: ['curve_no', 'flow', 'speed', 'power_in', 'power_bowl_motor', 'power_bowl_dyno', 'power_pump_motor', 'power_pump_dyno', 'tdh_bowl', 'tdh_pump', 'eff_bowl_motor', 'eff_bowl_dyno', 'eff_pump_motor', 'eff_pump_dyno', 'eff_overall', 'npsha']
    rows: 11
    flow: 11 pts
      values: ['0.00', '415.63', '592.93', '791.53', '949.04', '976.71', '996.15', '1036.03', '1290.44', '1513.08', '1613.96']
    head ('tdh_bowl'): 11 pts
      values: ['386.65', '350.44', '343.13', '331.53', '316.47', '313.04', '310.23', '304.95', '261.18', '213.02', '182.54']
    power ('power_bowl_dyno'): all zero/negative — trying fallback
    power FALLBACK ('power_bowl_motor'): 11 pts
      values: ['46.1564', '66.9651', '79.2086', '91.0546', '98.4957', '99.6472', '100.3049', '101.6403', '107.4266', '107.7592', '106.0387']
    efficiency ('eff_bowl_motor'): 11 pts
      values: ['0.00', '54.83', '64.75', '72.65', '76.87', '77.35', '77.67', '78.36', '79.09', '75.40', '70.04']
    [FTS] Checking packing/bearing loss...
    [FTS] file: C:\Users\107087\AppData\Local\Temp\px_detail_2dpdyve9\9927163108A1P.xls
    [FTS] friction coefficient: 0.1
    [FTS] BA is all zeros — computing packing loss
    [FTS] Line shaft diameter: 1.5000"
    [FTS] Using 'tdh_bowl' for discharge pressure
    [FTS] Speed (first 5): ['1760.0', '1760.0', '1760.0', '1760.0', '1760.0']
    [FTS] Pressure (first 5): ['386.65', '350.44', '343.13', '331.53', '316.47']
    [FTS] Packing cross section: 0.5" (shaft >= 1.0")
    [FTS] Contact area: 0.5 × 0.94 × 1.5000 × π = 2.214823 in²
    [FTS] shaft_radius_ft: 0.062500
    [FTS] Loss HP (first 5): ['1.434871', '1.300516', '1.273383', '1.230319', '1.174429']
    [FTS] Loss HP range: 0.677407 — 1.434871
    [FTS] Power correction applied:
      Original power (first 5): ['46.1564', '66.9651', '79.2086', '91.0546', '98.4957']
      Loss HP       (first 5): ['1.434871', '1.300516', '1.273383', '1.230319', '1.174429']
      Corrected     (first 5): ['44.7215', '65.6646', '77.9352', '89.8243', '97.3213']
      Avg loss: 1.1178 HP
      Max loss: 1.4349 HP
    power BEFORE FTS: ['46.1564', '66.9651', '79.2086', '91.0546', '98.4957', '99.6472', '100.3049', '101.6403', '107.4266', '107.7592', '106.0387']
    power AFTER FTS:  ['44.7215', '65.6646', '77.9352', '89.8243', '97.3213', '98.4855', '99.1536', '100.5086', '106.4574', '106.9687', '105.3613']
    [STAGE NORM] 5-stage → dividing head & power by 5
      head BEFORE: ['386.65', '350.44', '343.13', '331.53', '316.47', '313.04', '310.23', '304.95', '261.18', '213.02', '182.54']
      head AFTER:  ['77.33', '70.09', '68.63', '66.31', '63.29', '62.61', '62.05', '60.99', '52.24', '42.60', '36.51']
      power BEFORE: ['44.7215', '65.6646', '77.9352', '89.8243', '97.3213', '98.4855', '99.1536', '100.5086', '106.4574', '106.9687', '105.3613']
      power AFTER:  ['8.9443', '13.1329', '15.5870', '17.9649', '19.4643', '19.6971', '19.8307', '20.1017', '21.2915', '21.3937', '21.0723']
    [AFFINITY]
      test_diameter:     8.6520
      baseline_diameter: 8.6425
      dia_ratio:         8.6425/8.6520 = 0.998902
      test_rpm:          1760.0
      baseline_rpm:      1775.0
      speed_ratio:       1775.0/1760.0 = 1.008523
      scaled_flow:  ['0.00', '418.71', '597.32', '797.40', '956.08', '983.95', '1003.54', '1043.72', '1300.01', '1524.30', '1625.93']
      scaled_head:  ['78.48', '71.13', '69.65', '67.29', '64.24', '63.54', '62.97', '61.90', '53.01', '43.24', '37.05']
      scaled_power: ['9.1448', '13.4273', '15.9364', '18.3675', '19.9005', '20.1385', '20.2752', '20.5522', '21.7686', '21.8732', '21.5445']
    [FINAL] plotted_flow:  [0.00 → 1625.93]
    [FINAL] plotted_head:  [78.48 → 37.05]
    [FINAL] plotted_power: [9.1448 → 21.5445]
    [FINAL] plotted_eff:   [0.00 → 70.04]

  ── [LOAD+SCALE] 9927162437A1P ──
    trim=8.5800, stages=2, rpm=1770.0, filing='Fig.1 to 0.03'
    columns: ['curve_no', 'flow', 'speed', 'power_in', 'power_bowl_motor', 'power_bowl_dyno', 'power_pump_motor', 'power_pump_dyno', 'tdh_bowl', 'tdh_pump', 'eff_bowl_motor', 'eff_bowl_dyno', 'eff_pump_motor', 'eff_pump_dyno', 'eff_overall', 'npsha']
    rows: 11
    flow: 11 pts
      values: ['54.12', '300.71', '404.11', '628.18', '832.44', '967.76', '991.38', '1010.95', '1231.21', '1407.44', '1512.31']
    head ('tdh_bowl'): 11 pts
      values: ['142.03', '135.39', '132.21', '126.29', '118.69', '112.49', '110.35', '109.27', '91.77', '72.96', '61.13']
    power ('power_bowl_dyno'): 11 pts
      values: ['16.5858', '22.1382', '24.1237', '29.5698', '33.4293', '35.7772', '35.7703', '36.0808', '37.8235', '37.5264', '36.8142']
    efficiency ('eff_bowl_dyno'): 11 pts
      values: ['11.70', '46.43', '55.91', '67.73', '74.62', '76.81', '77.21', '77.29', '75.42', '69.08', '63.40']
    [FTS] Checking packing/bearing loss...
    [FTS] file: C:\Users\107087\AppData\Local\Temp\px_detail_2dpdyve9\9927162437A1P.xls
    [FTS] friction coefficient: 0.1
    [FTS] BA is all zeros — computing packing loss
    [FTS] Line shaft diameter: 1.5000"
    [FTS] Using 'tdh_bowl' for discharge pressure
    [FTS] Speed (first 5): ['1770.0', '1770.0', '1770.0', '1770.0', '1770.0']
    [FTS] Pressure (first 5): ['142.03', '135.39', '132.21', '126.29', '118.69']
    [FTS] Packing cross section: 0.5" (shaft >= 1.0")
    [FTS] Contact area: 0.5 × 0.94 × 1.5000 × π = 2.214823 in²
    [FTS] shaft_radius_ft: 0.062500
    [FTS] Loss HP (first 5): ['0.530090', '0.505276', '0.493410', '0.471336', '0.442979']
    [FTS] Loss HP range: 0.228159 — 0.530090
    [FTS] Power correction applied:
      Original power (first 5): ['16.5858', '22.1382', '24.1237', '29.5698', '33.4293']
      Loss HP       (first 5): ['0.530090', '0.505276', '0.493410', '0.471336', '0.442979']
      Corrected     (first 5): ['16.0557', '21.6330', '23.6302', '29.0984', '32.9863']
      Avg loss: 0.4114 HP
      Max loss: 0.5301 HP
    power BEFORE FTS: ['16.5858', '22.1382', '24.1237', '29.5698', '33.4293', '35.7772', '35.7703', '36.0808', '37.8235', '37.5264', '36.8142']
    power AFTER FTS:  ['16.0557', '21.6330', '23.6302', '29.0984', '32.9863', '35.3574', '35.3585', '35.6730', '37.4810', '37.2541', '36.5861']
    [STAGE NORM] 2-stage → dividing head & power by 2
      head BEFORE: ['142.03', '135.39', '132.21', '126.29', '118.69', '112.49', '110.35', '109.27', '91.77', '72.96', '61.13']
      head AFTER:  ['71.02', '67.69', '66.10', '63.15', '59.35', '56.24', '55.18', '54.63', '45.89', '36.48', '30.57']
      power BEFORE: ['16.0557', '21.6330', '23.6302', '29.0984', '32.9863', '35.3574', '35.3585', '35.6730', '37.4810', '37.2541', '36.5861']
      power AFTER:  ['8.0278', '10.8165', '11.8151', '14.5492', '16.4932', '17.6787', '17.6792', '17.8365', '18.7405', '18.6271', '18.2930']
    [AFFINITY]
      test_diameter:     8.5800
      baseline_diameter: 8.6425
      dia_ratio:         8.6425/8.5800 = 1.007284
      test_rpm:          1770.0
      baseline_rpm:      1775.0
      speed_ratio:       1775.0/1770.0 = 1.002825
      scaled_flow:  ['54.66', '303.75', '408.20', '634.55', '840.87', '977.56', '1001.42', '1021.19', '1243.68', '1421.70', '1527.63']
      scaled_head:  ['72.46', '69.07', '67.45', '64.43', '60.55', '57.39', '56.30', '55.74', '46.82', '37.22', '31.19']
      scaled_power: ['8.2743', '11.1485', '12.1778', '14.9959', '16.9995', '18.2214', '18.2220', '18.3841', '19.3158', '19.1989', '18.8546']
    [FINAL] plotted_flow:  [54.66 → 1527.63]
    [FINAL] plotted_head:  [72.46 → 31.19]
    [FINAL] plotted_power: [8.2743 → 18.8546]
    [FINAL] plotted_eff:   [11.70 → 63.40]

  ── [LOAD+SCALE] 9927160831A1P ──
    trim=8.5743, stages=7, rpm=1760.0, filing='Fig.1 to 0.03'
    columns: ['curve_no', 'flow', 'speed', 'power_in', 'power_bowl_motor', 'power_bowl_dyno', 'power_pump_motor', 'power_pump_dyno', 'tdh_bowl', 'tdh_pump', 'eff_bowl_motor', 'eff_bowl_dyno', 'eff_pump_motor', 'eff_pump_dyno', 'eff_overall', 'npsha']
    rows: 11
    flow: 11 pts
      values: ['0.00', '396.56', '602.62', '816.19', '978.77', '1001.44', '1025.54', '1215.19', '1340.58', '1539.96', '1598.21']
    head ('tdh_bowl'): 11 pts
      values: ['524.15', '482.19', '469.58', '448.96', '423.32', '419.34', '414.57', '370.44', '335.28', '267.61', '244.31']
    power ('power_bowl_dyno'): all zero/negative — trying fallback
    power FALLBACK ('power_bowl_motor'): 11 pts
      values: ['62.4009', '91.0890', '110.1248', '126.6418', '136.1853', '137.7651', '138.3564', '144.7517', '146.1751', '143.5692', '141.3841']
    efficiency ('eff_bowl_motor'): 11 pts
      values: ['0.00', '52.92', '64.78', '72.94', '76.70', '76.84', '77.46', '78.40', '77.51', '72.36', '69.62']
    [FTS] Checking packing/bearing loss...
    [FTS] file: C:\Users\107087\AppData\Local\Temp\px_detail_2dpdyve9\9927160831A1P.xls
    [FTS] friction coefficient: 0.1
    [FTS] BA is all zeros — computing packing loss
    [FTS] Line shaft diameter: 1.5000"
    [FTS] Using 'tdh_bowl' for discharge pressure
    [FTS] Speed (first 5): ['1760.0', '1760.0', '1760.0', '1760.0', '1760.0']
    [FTS] Pressure (first 5): ['524.15', '482.19', '469.58', '448.96', '423.32']
    [FTS] Packing cross section: 0.5" (shaft >= 1.0")
    [FTS] Contact area: 0.5 × 0.94 × 1.5000 × π = 2.214823 in²
    [FTS] shaft_radius_ft: 0.062500
    [FTS] Loss HP (first 5): ['1.945156', '1.789435', '1.742625', '1.666132', '1.570967']
    [FTS] Loss HP range: 0.906665 — 1.945156
    [FTS] Power correction applied:
      Original power (first 5): ['62.4009', '91.0890', '110.1248', '126.6418', '136.1853']
      Loss HP       (first 5): ['1.945156', '1.789435', '1.742625', '1.666132', '1.570967']
      Corrected     (first 5): ['60.4557', '89.2995', '108.3821', '124.9756', '134.6144']
      Avg loss: 1.4843 HP
      Max loss: 1.9452 HP
    power BEFORE FTS: ['62.4009', '91.0890', '110.1248', '126.6418', '136.1853', '137.7651', '138.3564', '144.7517', '146.1751', '143.5692', '141.3841']
    power AFTER FTS:  ['60.4557', '89.2995', '108.3821', '124.9756', '134.6144', '136.2089', '136.8179', '143.3770', '144.9309', '142.5761', '140.4774']
    [STAGE NORM] 7-stage → dividing head & power by 7
      head BEFORE: ['524.15', '482.19', '469.58', '448.96', '423.32', '419.34', '414.57', '370.44', '335.28', '267.61', '244.31']
      head AFTER:  ['74.88', '68.88', '67.08', '64.14', '60.47', '59.91', '59.22', '52.92', '47.90', '38.23', '34.90']
      power BEFORE: ['60.4557', '89.2995', '108.3821', '124.9756', '134.6144', '136.2089', '136.8179', '143.3770', '144.9309', '142.5761', '140.4774']
      power AFTER:  ['8.6365', '12.7571', '15.4832', '17.8537', '19.2306', '19.4584', '19.5454', '20.4824', '20.7044', '20.3680', '20.0682']
    [AFFINITY]
      test_diameter:     8.5743
      baseline_diameter: 8.6425
      dia_ratio:         8.6425/8.5743 = 1.007956
      test_rpm:          1760.0
      baseline_rpm:      1775.0
      speed_ratio:       1775.0/1760.0 = 1.008523
      scaled_flow:  ['0.00', '403.12', '612.59', '829.69', '994.96', '1018.01', '1042.51', '1235.30', '1362.76', '1565.44', '1624.65']
      scaled_head:  ['77.38', '71.18', '69.32', '66.28', '62.49', '61.91', '61.20', '54.69', '49.49', '39.51', '36.07']
      scaled_power: ['9.0724', '13.4009', '16.2645', '18.7546', '20.2011', '20.4404', '20.5318', '21.5161', '21.7492', '21.3959', '21.0809']
    [FINAL] plotted_flow:  [0.00 → 1624.65]
    [FINAL] plotted_head:  [77.38 → 36.07]
    [FINAL] plotted_power: [9.0724 → 21.0809]
    [FINAL] plotted_eff:   [0.00 → 69.62]

  ── [LOAD+SCALE] 9927162768A1P ──
    trim=8.6933, stages=9, rpm=1760.0, filing='Fig.1 to 0.03'
    columns: ['curve_no', 'flow', 'speed', 'power_in', 'power_bowl_motor', 'power_bowl_dyno', 'power_pump_motor', 'power_pump_dyno', 'tdh_bowl', 'tdh_pump', 'eff_bowl_motor', 'eff_bowl_dyno', 'eff_pump_motor', 'eff_pump_dyno', 'eff_overall', 'npsha']
    rows: 14
    flow: 14 pts
      values: ['0.00', '416.07', '577.62', '763.15', '941.78', '965.17', '984.56', '995.12', '1034.86', '1197.39', '1370.26', '1528.17', '1623.94', '1692.91']
    head ('tdh_bowl'): 14 pts
      values: ['703.50', '639.71', '629.42', '612.82', '586.04', '581.39', '576.56', '574.39', '564.45', '516.10', '454.70', '389.32', '347.32', '312.59']
    power ('power_bowl_dyno'): all zero/negative — trying fallback
    power FALLBACK ('power_bowl_motor'): 14 pts
      values: ['85.8979', '123.9657', '144.8837', '165.8347', '182.1389', '183.5940', '185.2436', '185.8257', '188.5300', '196.6770', '200.3261', '199.6088', '196.3056', '193.7343']
    efficiency ('eff_bowl_motor'): 14 pts
      values: ['0.00', '54.13', '63.26', '71.09', '76.39', '77.05', '77.25', '77.54', '78.11', '79.21', '78.41', '75.14', '72.43', '68.86']
    [FTS] Checking packing/bearing loss...
    [FTS] file: C:\Users\107087\AppData\Local\Temp\px_detail_2dpdyve9\9927162768A1P.xls
    [FTS] friction coefficient: 0.1
    [FTS] BA is all zeros — computing packing loss
    [FTS] Line shaft diameter: 1.5000"
    [FTS] Using 'tdh_bowl' for discharge pressure
    [FTS] Speed (first 5): ['1760.0', '1760.0', '1760.0', '1760.0', '1760.0']
    [FTS] Pressure (first 5): ['703.50', '639.71', '629.42', '612.82', '586.04']
    [FTS] Packing cross section: 0.5" (shaft >= 1.0")
    [FTS] Contact area: 0.5 × 0.94 × 1.5000 × π = 2.214823 in²
    [FTS] shaft_radius_ft: 0.062500
    [FTS] Loss HP (first 5): ['2.610713', '2.374011', '2.335810', '2.274207', '2.174827']
    [FTS] Loss HP range: 1.160025 — 2.610713
    [FTS] Power correction applied:
      Original power (first 5): ['85.8979', '123.9657', '144.8837', '165.8347', '182.1389']
      Loss HP       (first 5): ['2.610713', '2.374011', '2.335810', '2.274207', '2.174827']
      Corrected     (first 5): ['83.2872', '121.5917', '142.5479', '163.5605', '179.9641']
      Avg loss: 1.9850 HP
      Max loss: 2.6107 HP
    power BEFORE FTS: ['85.8979', '123.9657', '144.8837', '165.8347', '182.1389', '183.5940', '185.2436', '185.8257', '188.5300', '196.6770', '200.3261', '199.6088', '196.3056', '193.7343']
    power AFTER FTS:  ['83.2872', '121.5917', '142.5479', '163.5605', '179.9641', '181.4364', '183.1039', '183.6942', '186.4353', '194.7617', '198.6386', '198.1640', '195.0167', '192.5743']
    [STAGE NORM] 9-stage → dividing head & power by 9
      head BEFORE: ['703.50', '639.71', '629.42', '612.82', '586.04', '581.39', '576.56', '574.39', '564.45', '516.10', '454.70', '389.32', '347.32', '312.59']
      head AFTER:  ['78.17', '71.08', '69.94', '68.09', '65.12', '64.60', '64.06', '63.82', '62.72', '57.34', '50.52', '43.26', '38.59', '34.73']
      power BEFORE: ['83.2872', '121.5917', '142.5479', '163.5605', '179.9641', '181.4364', '183.1039', '183.6942', '186.4353', '194.7617', '198.6386', '198.1640', '195.0167', '192.5743']
      power AFTER:  ['9.2541', '13.5102', '15.8387', '18.1734', '19.9960', '20.1596', '20.3449', '20.4105', '20.7150', '21.6402', '22.0710', '22.0182', '21.6685', '21.3971']
    [AFFINITY]
      test_diameter:     8.6933
      baseline_diameter: 8.6425
      dia_ratio:         8.6425/8.6933 = 0.994153
      test_rpm:          1760.0
      baseline_rpm:      1775.0
      speed_ratio:       1775.0/1760.0 = 1.008523
      scaled_flow:  ['0.00', '417.16', '579.14', '765.15', '944.25', '967.70', '987.15', '997.73', '1037.58', '1200.54', '1373.86', '1532.18', '1628.20', '1697.36']
      scaled_head:  ['78.58', '71.45', '70.30', '68.45', '65.46', '64.94', '64.40', '64.16', '63.05', '57.65', '50.79', '43.49', '38.79', '34.91']
      scaled_power: ['9.3272', '13.6169', '15.9637', '18.3169', '20.1539', '20.3188', '20.5055', '20.5716', '20.8786', '21.8111', '22.2453', '22.1921', '21.8396', '21.5661']
    [FINAL] plotted_flow:  [0.00 → 1697.36]
    [FINAL] plotted_head:  [78.58 → 34.91]
    [FINAL] plotted_power: [9.3272 → 21.5661]
    [FINAL] plotted_eff:   [0.00 → 68.86]

  ── [LOAD+SCALE] 9927162334A1P ──
    trim=8.5100, stages=5, rpm=1760.0, filing='Fig.1 to 0.03'
    columns: ['curve_no', 'flow', 'speed', 'power_in', 'power_bowl_motor', 'power_bowl_dyno', 'power_pump_motor', 'power_pump_dyno', 'tdh_bowl', 'tdh_pump', 'eff_bowl_motor', 'eff_bowl_dyno', 'eff_pump_motor', 'eff_pump_dyno', 'eff_overall', 'npsha']
    rows: 11
    flow: 11 pts
      values: ['0.00', '395.54', '602.39', '791.97', '971.03', '1010.28', '1046.45', '1224.92', '1382.03', '1496.17', '1614.43']
    head ('tdh_bowl'): 11 pts
      values: ['369.93', '337.90', '328.99', '317.47', '297.77', '291.74', '286.09', '256.19', '223.47', '198.34', '164.71']
    power ('power_bowl_dyno'): all zero/negative — trying fallback
    power FALLBACK ('power_bowl_motor'): 11 pts
      values: ['42.7559', '62.4697', '75.3151', '85.5515', '92.4440', '93.6172', '94.4078', '97.6810', '98.7113', '98.0711', '94.7262']
    efficiency ('eff_bowl_motor'): 11 pts
      values: ['0.00', '53.94', '66.33', '74.09', '78.85', '79.37', '79.94', '80.99', '78.87', '76.28', '70.77']
    [FTS] Checking packing/bearing loss...
    [FTS] file: C:\Users\107087\AppData\Local\Temp\px_detail_2dpdyve9\9927162334A1P.xls
    [FTS] friction coefficient: 0.1
    [FTS] BA is all zeros — computing packing loss
    [FTS] Line shaft diameter: 1.5000"
    [FTS] Using 'tdh_bowl' for discharge pressure
    [FTS] Speed (first 5): ['1760.0', '1760.0', '1760.0', '1760.0', '1760.0']
    [FTS] Pressure (first 5): ['369.93', '337.90', '328.99', '317.47', '297.77']
    [FTS] Packing cross section: 0.5" (shaft >= 1.0")
    [FTS] Contact area: 0.5 × 0.94 × 1.5000 × π = 2.214823 in²
    [FTS] shaft_radius_ft: 0.062500
    [FTS] Loss HP (first 5): ['1.372825', '1.253978', '1.220893', '1.178145', '1.105027']
    [FTS] Loss HP range: 0.611257 — 1.372825
    [FTS] Power correction applied:
      Original power (first 5): ['42.7559', '62.4697', '75.3151', '85.5515', '92.4440']
      Loss HP       (first 5): ['1.372825', '1.253978', '1.220893', '1.178145', '1.105027']
      Corrected     (first 5): ['41.3830', '61.2157', '74.0942', '84.3734', '91.3390']
      Avg loss: 1.0366 HP
      Max loss: 1.3728 HP
    power BEFORE FTS: ['42.7559', '62.4697', '75.3151', '85.5515', '92.4440', '93.6172', '94.4078', '97.6810', '98.7113', '98.0711', '94.7262']
    power AFTER FTS:  ['41.3830', '61.2157', '74.0942', '84.3734', '91.3390', '92.5345', '93.3461', '96.7302', '97.8820', '97.3351', '94.1149']
    [STAGE NORM] 5-stage → dividing head & power by 5
      head BEFORE: ['369.93', '337.90', '328.99', '317.47', '297.77', '291.74', '286.09', '256.19', '223.47', '198.34', '164.71']
      head AFTER:  ['73.99', '67.58', '65.80', '63.49', '59.55', '58.35', '57.22', '51.24', '44.69', '39.67', '32.94']
      power BEFORE: ['41.3830', '61.2157', '74.0942', '84.3734', '91.3390', '92.5345', '93.3461', '96.7302', '97.8820', '97.3351', '94.1149']
      power AFTER:  ['8.2766', '12.2431', '14.8188', '16.8747', '18.2678', '18.5069', '18.6692', '19.3460', '19.5764', '19.4670', '18.8230']
    [AFFINITY]
      test_diameter:     8.5100
      baseline_diameter: 8.6425
      dia_ratio:         8.6425/8.5100 = 1.015570
      test_rpm:          1760.0
      baseline_rpm:      1775.0
      speed_ratio:       1775.0/1760.0 = 1.008523
      scaled_flow:  ['0.00', '405.13', '616.98', '811.16', '994.56', '1034.75', '1071.80', '1254.60', '1415.51', '1532.41', '1653.54']
      scaled_head:  ['77.61', '70.89', '69.02', '66.61', '62.47', '61.21', '60.02', '53.75', '46.89', '41.61', '34.56']
      scaled_power: ['8.8928', '13.1547', '15.9221', '18.1310', '19.6278', '19.8848', '20.0592', '20.7864', '21.0339', '20.9163', '20.2244']
    [FINAL] plotted_flow:  [0.00 → 1653.54]
    [FINAL] plotted_head:  [77.61 → 34.56]
    [FINAL] plotted_power: [8.8928 → 20.2244]
    [FINAL] plotted_eff:   [0.00 → 70.77]

  ── [LOAD+SCALE] 9927160071B1P ──
    trim=8.5925, stages=8, rpm=1760.0, filing='Fig.1 to 0.03'
    columns: ['curve_no', 'flow', 'speed', 'power_in', 'power_bowl_motor', 'power_bowl_dyno', 'power_pump_motor', 'power_pump_dyno', 'tdh_bowl', 'tdh_pump', 'eff_bowl_motor', 'eff_bowl_dyno', 'eff_pump_motor', 'eff_pump_dyno', 'eff_overall', 'npsha']
    rows: 10
    flow: 10 pts
      values: ['0.00', '401.27', '594.85', '774.15', '979.58', '1003.42', '1037.69', '1174.23', '1498.53', '1609.43']
    head ('tdh_bowl'): 10 pts
      values: ['599.30', '552.68', '540.71', '523.19', '492.00', '486.89', '480.27', '449.60', '341.56', '298.65']
    power ('power_bowl_dyno'): all zero/negative — trying fallback
    power FALLBACK ('power_bowl_motor'): 10 pts
      values: ['72.6848', '105.2321', '126.0148', '142.2635', '157.3292', '158.5173', '160.4559', '167.1739', '169.4447', '167.0910']
    efficiency ('eff_bowl_motor'): 10 pts
      values: ['0.00', '53.13', '64.34', '71.77', '77.22', '77.69', '78.30', '79.61', '76.15', '72.52']
    [FTS] Checking packing/bearing loss...
    [FTS] file: C:\Users\107087\AppData\Local\Temp\px_detail_2dpdyve9\9927160071B1P.xls
    [FTS] friction coefficient: 0.1
    [FTS] BA is all zeros — computing packing loss
    [FTS] Line shaft diameter: 1.5000"
    [FTS] Using 'tdh_bowl' for discharge pressure
    [FTS] Speed (first 5): ['1760.0', '1760.0', '1760.0', '1760.0', '1760.0']
    [FTS] Pressure (first 5): ['599.30', '552.68', '540.71', '523.19', '492.00']
    [FTS] Packing cross section: 0.5" (shaft >= 1.0")
    [FTS] Contact area: 0.5 × 0.94 × 1.5000 × π = 2.214823 in²
    [FTS] shaft_radius_ft: 0.062500
    [FTS] Loss HP (first 5): ['2.224047', '2.051005', '2.006607', '1.941600', '1.825853']
    [FTS] Loss HP range: 1.108321 — 2.224047
    [FTS] Power correction applied:
      Original power (first 5): ['72.6848', '105.2321', '126.0148', '142.2635', '157.3292']
      Loss HP       (first 5): ['2.224047', '2.051005', '2.006607', '1.941600', '1.825853']
      Corrected     (first 5): ['70.4608', '103.1811', '124.0082', '140.3219', '155.5033']
      Avg loss: 1.7683 HP
      Max loss: 2.2240 HP
    power BEFORE FTS: ['72.6848', '105.2321', '126.0148', '142.2635', '157.3292', '158.5173', '160.4559', '167.1739', '169.4447', '167.0910']
    power AFTER FTS:  ['70.4608', '103.1811', '124.0082', '140.3219', '155.5033', '156.7104', '158.6736', '165.5054', '168.1772', '165.9827']
    [STAGE NORM] 8-stage → dividing head & power by 8
      head BEFORE: ['599.30', '552.68', '540.71', '523.19', '492.00', '486.89', '480.27', '449.60', '341.56', '298.65']
      head AFTER:  ['74.91', '69.08', '67.59', '65.40', '61.50', '60.86', '60.03', '56.20', '42.70', '37.33']
      power BEFORE: ['70.4608', '103.1811', '124.0082', '140.3219', '155.5033', '156.7104', '158.6736', '165.5054', '168.1772', '165.9827']
      power AFTER:  ['8.8076', '12.8976', '15.5010', '17.5402', '19.4379', '19.5888', '19.8342', '20.6882', '21.0221', '20.7478']
    [AFFINITY]
      test_diameter:     8.5925
      baseline_diameter: 8.6425
      dia_ratio:         8.6425/8.5925 = 1.005819
      test_rpm:          1760.0
      baseline_rpm:      1775.0
      speed_ratio:       1775.0/1760.0 = 1.008523
      scaled_flow:  ['0.00', '407.04', '603.41', '785.29', '993.68', '1017.86', '1052.63', '1191.13', '1520.10', '1632.59']
      scaled_head:  ['77.08', '71.09', '69.55', '67.30', '63.28', '62.63', '61.77', '57.83', '43.93', '38.41']
      scaled_power: ['9.1934', '13.4625', '16.1799', '18.3085', '20.2893', '20.4468', '20.7029', '21.5943', '21.9429', '21.6566']
    [FINAL] plotted_flow:  [0.00 → 1632.59]
    [FINAL] plotted_head:  [77.08 → 38.41]
    [FINAL] plotted_power: [9.1934 → 21.6566]
    [FINAL] plotted_eff:   [0.00 → 72.52]

  ── [LOAD+SCALE] 9927160071A1P ──
    trim=8.5925, stages=8, rpm=1760.0, filing='Fig.1 to 0.03'
    columns: ['curve_no', 'flow', 'speed', 'power_in', 'power_bowl_motor', 'power_bowl_dyno', 'power_pump_motor', 'power_pump_dyno', 'tdh_bowl', 'tdh_pump', 'eff_bowl_motor', 'eff_bowl_dyno', 'eff_pump_motor', 'eff_pump_dyno', 'eff_overall', 'npsha']
    rows: 10
    flow: 10 pts
      values: ['0.00', '369.28', '575.47', '827.73', '950.26', '987.16', '1031.82', '1234.43', '1541.05', '1632.58']
    head ('tdh_bowl'): 10 pts
      values: ['596.01', '553.53', '538.85', '513.84', '494.75', '488.10', '478.51', '430.05', '322.62', '285.42']
    power ('power_bowl_dyno'): all zero/negative — trying fallback
    power FALLBACK ('power_bowl_motor'): 10 pts
      values: ['72.0189', '102.2178', '123.3280', '145.9675', '154.7333', '156.8120', '159.1174', '167.6945', '167.4502', '164.9003']
    efficiency ('eff_bowl_motor'): 10 pts
      values: ['0.00', '50.41', '63.38', '73.45', '76.59', '77.46', '78.22', '79.80', '74.85', '71.23']
    [FTS] Checking packing/bearing loss...
    [FTS] file: C:\Users\107087\AppData\Local\Temp\px_detail_2dpdyve9\9927160071A1P.xls
    [FTS] friction coefficient: 0.1
    [FTS] BA is all zeros — computing packing loss
    [FTS] Line shaft diameter: 1.5000"
    [FTS] Using 'tdh_bowl' for discharge pressure
    [FTS] Speed (first 5): ['1760.0', '1760.0', '1760.0', '1760.0', '1760.0']
    [FTS] Pressure (first 5): ['596.01', '553.53', '538.85', '513.84', '494.75']
    [FTS] Packing cross section: 0.5" (shaft >= 1.0")
    [FTS] Contact area: 0.5 × 0.94 × 1.5000 × π = 2.214823 in²
    [FTS] shaft_radius_ft: 0.062500
    [FTS] Loss HP (first 5): ['2.211836', '2.054165', '1.999702', '1.906878', '1.836030']
    [FTS] Loss HP range: 1.059206 — 2.211836
    [FTS] Power correction applied:
      Original power (first 5): ['72.0189', '102.2178', '123.3280', '145.9675', '154.7333']
      Loss HP       (first 5): ['2.211836', '2.054165', '1.999702', '1.906878', '1.836030']
      Corrected     (first 5): ['69.8071', '100.1636', '121.3283', '144.0606', '152.8972']
      Avg loss: 1.7448 HP
      Max loss: 2.2118 HP
    power BEFORE FTS: ['72.0189', '102.2178', '123.3280', '145.9675', '154.7333', '156.8120', '159.1174', '167.6945', '167.4502', '164.9003']
    power AFTER FTS:  ['69.8071', '100.1636', '121.3283', '144.0606', '152.8972', '155.0007', '157.3416', '166.0986', '166.2529', '163.8411']
    [STAGE NORM] 8-stage → dividing head & power by 8
      head BEFORE: ['596.01', '553.53', '538.85', '513.84', '494.75', '488.10', '478.51', '430.05', '322.62', '285.42']
      head AFTER:  ['74.50', '69.19', '67.36', '64.23', '61.84', '61.01', '59.81', '53.76', '40.33', '35.68']
      power BEFORE: ['69.8071', '100.1636', '121.3283', '144.0606', '152.8972', '155.0007', '157.3416', '166.0986', '166.2529', '163.8411']
      power AFTER:  ['8.7259', '12.5205', '15.1660', '18.0076', '19.1122', '19.3751', '19.6677', '20.7623', '20.7816', '20.4801']
    [AFFINITY]
      test_diameter:     8.5925
      baseline_diameter: 8.6425
      dia_ratio:         8.6425/8.5925 = 1.005819
      test_rpm:          1760.0
      baseline_rpm:      1775.0
      speed_ratio:       1775.0/1760.0 = 1.008523
      scaled_flow:  ['0.00', '374.60', '583.75', '839.64', '963.93', '1001.37', '1046.67', '1252.19', '1563.23', '1656.07']
      scaled_head:  ['76.66', '71.20', '69.31', '66.09', '63.64', '62.78', '61.55', '55.32', '41.50', '36.71']
      scaled_power: ['9.1081', '13.0688', '15.8303', '18.7963', '19.9492', '20.2237', '20.5291', '21.6717', '21.6918', '21.3771']
    [FINAL] plotted_flow:  [0.00 → 1656.07]
    [FINAL] plotted_head:  [76.66 → 36.71]
    [FINAL] plotted_power: [9.1081 → 21.3771]
    [FINAL] plotted_eff:   [0.00 → 71.23]

  ── [LOAD+SCALE] 9927160182A1P ──
    trim=8.5700, stages=4, rpm=1760.0, filing='Fig. 1 to 0.03'
    columns: ['curve_no', 'flow', 'speed', 'power_in', 'power_bowl_motor', 'power_bowl_dyno', 'power_pump_motor', 'power_pump_dyno', 'tdh_bowl', 'tdh_pump', 'eff_bowl_motor', 'eff_bowl_dyno', 'eff_pump_motor', 'eff_pump_dyno', 'eff_overall', 'npsha']
    rows: 10
    flow: 10 pts
      values: ['0.00', '413.17', '610.87', '812.37', '956.89', '992.90', '1023.15', '1256.25', '1524.57', '1636.90']
    head ('tdh_bowl'): 10 pts
      values: ['302.91', '275.70', '268.48', '257.95', '245.99', '242.21', '238.92', '207.82', '161.72', '138.18']
    power ('power_bowl_dyno'): all zero/negative — trying fallback
    power FALLBACK ('power_bowl_motor'): 10 pts
      values: ['36.7471', '52.1178', '61.9002', '70.7502', '75.5520', '76.4947', '77.3440', '80.9456', '81.3203', '79.3654']
    efficiency ('eff_bowl_motor'): 10 pts
      values: ['0.00', '55.10', '66.79', '74.66', '78.54', '79.25', '79.68', '81.31', '76.43', '71.84']
    [FTS] Checking packing/bearing loss...
    [FTS] file: C:\Users\107087\AppData\Local\Temp\px_detail_2dpdyve9\9927160182A1P.xls
    [FTS] friction coefficient: 0.1
    [FTS] BA is all zeros — computing packing loss
    [FTS] Line shaft diameter: 1.5000"
    [FTS] Using 'tdh_bowl' for discharge pressure
    [FTS] Speed (first 5): ['1760.0', '1760.0', '1760.0', '1760.0', '1760.0']
    [FTS] Pressure (first 5): ['302.91', '275.70', '268.48', '257.95', '245.99']
    [FTS] Packing cross section: 0.5" (shaft >= 1.0")
    [FTS] Contact area: 0.5 × 0.94 × 1.5000 × π = 2.214823 in²
    [FTS] shaft_radius_ft: 0.062500
    [FTS] Loss HP (first 5): ['1.124118', '1.023122', '0.996343', '0.957255', '0.912883']
    [FTS] Loss HP range: 0.512777 — 1.124118
    [FTS] Power correction applied:
      Original power (first 5): ['36.7471', '52.1178', '61.9002', '70.7502', '75.5520']
      Loss HP       (first 5): ['1.124118', '1.023122', '0.996343', '0.957255', '0.912883']
      Corrected     (first 5): ['35.6230', '51.0947', '60.9038', '69.7930', '74.6391']
      Avg loss: 0.8683 HP
      Max loss: 1.1241 HP
    power BEFORE FTS: ['36.7471', '52.1178', '61.9002', '70.7502', '75.5520', '76.4947', '77.3440', '80.9456', '81.3203', '79.3654']
    power AFTER FTS:  ['35.6230', '51.0947', '60.9038', '69.7930', '74.6391', '75.5959', '76.4574', '80.1743', '80.7202', '78.8527']
    [STAGE NORM] 4-stage → dividing head & power by 4
      head BEFORE: ['302.91', '275.70', '268.48', '257.95', '245.99', '242.21', '238.92', '207.82', '161.72', '138.18']
      head AFTER:  ['75.73', '68.92', '67.12', '64.49', '61.50', '60.55', '59.73', '51.96', '40.43', '34.54']
      power BEFORE: ['35.6230', '51.0947', '60.9038', '69.7930', '74.6391', '75.5959', '76.4574', '80.1743', '80.7202', '78.8527']
      power AFTER:  ['8.9058', '12.7737', '15.2260', '17.4482', '18.6598', '18.8990', '19.1143', '20.0436', '20.1801', '19.7132']
    [AFFINITY]
      test_diameter:     8.5700
      baseline_diameter: 8.6425
      dia_ratio:         8.6425/8.5700 = 1.008460
      test_rpm:          1760.0
      baseline_rpm:      1775.0
      speed_ratio:       1775.0/1760.0 = 1.008523
      scaled_flow:  ['0.00', '420.22', '621.28', '826.22', '973.21', '1009.84', '1040.60', '1277.67', '1550.57', '1664.82']
      scaled_head:  ['78.33', '71.29', '69.43', '66.71', '63.61', '62.64', '61.79', '53.74', '41.82', '35.73']
      scaled_power: ['9.3692', '13.4384', '16.0183', '18.3563', '19.6309', '19.8825', '20.1091', '21.0867', '21.2302', '20.7391']
    [FINAL] plotted_flow:  [0.00 → 1664.82]
    [FINAL] plotted_head:  [78.33 → 35.73]
    [FINAL] plotted_power: [9.3692 → 20.7391]
    [FINAL] plotted_eff:   [0.00 → 71.84]

  ── [LOAD+SCALE] 9927159061B1P ──
    trim=8.5000, stages=7, rpm=1760.0, filing='Fig.1 to 0.03'
    columns: ['curve_no', 'flow', 'speed', 'power_in', 'power_bowl_motor', 'power_bowl_dyno', 'power_pump_motor', 'power_pump_dyno', 'tdh_bowl', 'tdh_pump', 'eff_bowl_motor', 'eff_bowl_dyno', 'eff_pump_motor', 'eff_pump_dyno', 'eff_overall', 'npsha']
    rows: 10
    flow: 10 pts
      values: ['16.34', '380.65', '600.53', '793.88', '952.79', '997.63', '1044.16', '1289.03', '1537.62', '1634.07']
    head ('tdh_bowl'): 10 pts
      values: ['515.55', '472.88', '457.56', '439.28', '415.17', '406.57', '395.87', '333.48', '252.30', '218.23']
    power ('power_bowl_dyno'): all zero/negative — trying fallback
    power FALLBACK ('power_bowl_motor'): 10 pts
      values: ['65.1032', '90.0447', '108.3441', '122.2907', '130.5832', '132.2985', '133.8584', '138.8449', '136.0865', '132.6827']
    efficiency ('eff_bowl_motor'): 10 pts
      values: ['3.26', '50.39', '63.93', '71.89', '76.36', '77.29', '77.84', '78.05', '71.86', '67.75']
    [FTS] Checking packing/bearing loss...
    [FTS] file: C:\Users\107087\AppData\Local\Temp\px_detail_2dpdyve9\9927159061B1P.xls
    [FTS] friction coefficient: 0.1
    [FTS] BA is all zeros — computing packing loss
    [FTS] Line shaft diameter: 1.5000"
    [FTS] Using 'tdh_bowl' for discharge pressure
    [FTS] Speed (first 5): ['1760.0', '1760.0', '1760.0', '1760.0', '1760.0']
    [FTS] Pressure (first 5): ['515.55', '472.88', '457.56', '439.28', '415.17']
    [FTS] Packing cross section: 0.5" (shaft >= 1.0")
    [FTS] Contact area: 0.5 × 0.94 × 1.5000 × π = 2.214823 in²
    [FTS] shaft_radius_ft: 0.062500
    [FTS] Loss HP (first 5): ['1.913222', '1.754873', '1.698016', '1.630190', '1.540712']
    [FTS] Loss HP range: 0.809866 — 1.913222
    [FTS] Power correction applied:
      Original power (first 5): ['65.1032', '90.0447', '108.3441', '122.2907', '130.5832']
      Loss HP       (first 5): ['1.913222', '1.754873', '1.698016', '1.630190', '1.540712']
      Corrected     (first 5): ['63.1900', '88.2898', '106.6461', '120.6605', '129.0424']
      Avg loss: 1.4499 HP
      Max loss: 1.9132 HP
    power BEFORE FTS: ['65.1032', '90.0447', '108.3441', '122.2907', '130.5832', '132.2985', '133.8584', '138.8449', '136.0865', '132.6827']
    power AFTER FTS:  ['63.1900', '88.2898', '106.6461', '120.6605', '129.0424', '130.7897', '132.3893', '137.6073', '135.1502', '131.8729']
    [STAGE NORM] 7-stage → dividing head & power by 7
      head BEFORE: ['515.55', '472.88', '457.56', '439.28', '415.17', '406.57', '395.87', '333.48', '252.30', '218.23']
      head AFTER:  ['73.65', '67.55', '65.37', '62.75', '59.31', '58.08', '56.55', '47.64', '36.04', '31.18']
      power BEFORE: ['63.1900', '88.2898', '106.6461', '120.6605', '129.0424', '130.7897', '132.3893', '137.6073', '135.1502', '131.8729']
      power AFTER:  ['9.0271', '12.6128', '15.2352', '17.2372', '18.4346', '18.6842', '18.9128', '19.6582', '19.3072', '18.8390']
    [AFFINITY]
      test_diameter:     8.5000
      baseline_diameter: 8.6425
      dia_ratio:         8.6425/8.5000 = 1.016765
      test_rpm:          1760.0
      baseline_rpm:      1775.0
      speed_ratio:       1775.0/1760.0 = 1.008523
      scaled_flow:  ['16.76', '390.33', '615.80', '814.07', '977.02', '1023.00', '1070.71', '1321.81', '1576.72', '1675.62']
      scaled_head:  ['77.44', '71.03', '68.73', '65.99', '62.36', '61.07', '59.47', '50.09', '37.90', '32.78']
      scaled_power: ['9.7335', '13.5998', '16.4273', '18.5860', '19.8771', '20.1462', '20.3926', '21.1964', '20.8179', '20.3131']
    [FINAL] plotted_flow:  [16.76 → 1675.62]
    [FINAL] plotted_head:  [77.44 → 32.78]
    [FINAL] plotted_power: [9.7335 → 20.3131]
    [FINAL] plotted_eff:   [3.26 → 67.75]

  ── [LOAD+SCALE] 9927159061A1P ──
    trim=8.5000, stages=7, rpm=1760.0, filing='Fig.1 to 0.03'
    columns: ['curve_no', 'flow', 'speed', 'power_in', 'power_bowl_motor', 'power_bowl_dyno', 'power_pump_motor', 'power_pump_dyno', 'tdh_bowl', 'tdh_pump', 'eff_bowl_motor', 'eff_bowl_dyno', 'eff_pump_motor', 'eff_pump_dyno', 'eff_overall', 'npsha']
    rows: 11
    flow: 11 pts
      values: ['0.00', '17.52', '392.14', '618.35', '786.40', '964.46', '1002.75', '1037.57', '1281.93', '1500.52', '1630.47']
    head ('tdh_bowl'): 11 pts
      values: ['511.98', '511.42', '470.36', '455.56', '439.73', '412.33', '404.22', '396.93', '334.28', '264.86', '214.04']
    power ('power_bowl_dyno'): all zero/negative — trying fallback
    power FALLBACK ('power_bowl_motor'): 11 pts
      values: ['63.4326', '63.9801', '90.4081', '109.3090', '121.3953', '130.7686', '132.3424', '133.5988', '138.3413', '136.3889', '131.6562']
    efficiency ('eff_bowl_motor'): 11 pts
      values: ['0.00', '3.53', '51.43', '64.96', '71.81', '76.66', '77.21', '77.71', '78.09', '73.46', '66.82']
    [FTS] Checking packing/bearing loss...
    [FTS] file: C:\Users\107087\AppData\Local\Temp\px_detail_2dpdyve9\9927159061A1P.xls
    [FTS] friction coefficient: 0.1
    [FTS] BA is all zeros — computing packing loss
    [FTS] Line shaft diameter: 1.5000"
    [FTS] Using 'tdh_bowl' for discharge pressure
    [FTS] Speed (first 5): ['1760.0', '1760.0', '1760.0', '1760.0', '1760.0']
    [FTS] Pressure (first 5): ['511.98', '511.42', '470.36', '455.56', '439.73']
    [FTS] Packing cross section: 0.5" (shaft >= 1.0")
    [FTS] Contact area: 0.5 × 0.94 × 1.5000 × π = 2.214823 in²
    [FTS] shaft_radius_ft: 0.062500
    [FTS] Loss HP (first 5): ['1.899981', '1.897898', '1.745536', '1.690601', '1.631849']
    [FTS] Loss HP range: 0.794311 — 1.899981
    [FTS] Power correction applied:
      Original power (first 5): ['63.4326', '63.9801', '90.4081', '109.3090', '121.3953']
      Loss HP       (first 5): ['1.899981', '1.897898', '1.745536', '1.690601', '1.631849']
      Corrected     (first 5): ['61.5326', '62.0822', '88.6625', '107.6184', '119.7634']
      Avg loss: 1.4897 HP
      Max loss: 1.9000 HP
    power BEFORE FTS: ['63.4326', '63.9801', '90.4081', '109.3090', '121.3953', '130.7686', '132.3424', '133.5988', '138.3413', '136.3889', '131.6562']
    power AFTER FTS:  ['61.5326', '62.0822', '88.6625', '107.6184', '119.7634', '129.2384', '130.8423', '132.1258', '137.1008', '135.4060', '130.8619']
    [STAGE NORM] 7-stage → dividing head & power by 7
      head BEFORE: ['511.98', '511.42', '470.36', '455.56', '439.73', '412.33', '404.22', '396.93', '334.28', '264.86', '214.04']
      head AFTER:  ['73.14', '73.06', '67.19', '65.08', '62.82', '58.90', '57.75', '56.70', '47.75', '37.84', '30.58']
      power BEFORE: ['61.5326', '62.0822', '88.6625', '107.6184', '119.7634', '129.2384', '130.8423', '132.1258', '137.1008', '135.4060', '130.8619']
      power AFTER:  ['8.7904', '8.8689', '12.6661', '15.3741', '17.1091', '18.4626', '18.6918', '18.8751', '19.5858', '19.3437', '18.6946']
    [AFFINITY]
      test_diameter:     8.5000
      baseline_diameter: 8.6425
      dia_ratio:         8.6425/8.5000 = 1.016765
      test_rpm:          1760.0
      baseline_rpm:      1775.0
      speed_ratio:       1775.0/1760.0 = 1.008523
      scaled_flow:  ['0.00', '17.97', '402.11', '634.07', '806.39', '988.99', '1028.25', '1063.96', '1314.53', '1538.68', '1671.94']
      scaled_head:  ['76.91', '76.82', '70.66', '68.43', '66.05', '61.94', '60.72', '59.62', '50.21', '39.79', '32.15']
      scaled_power: ['9.4782', '9.5629', '13.6572', '16.5770', '18.4478', '19.9073', '20.1543', '20.3520', '21.1184', '20.8573', '20.1574']
    [FINAL] plotted_flow:  [0.00 → 1671.94]
    [FINAL] plotted_head:  [76.91 → 32.15]
    [FINAL] plotted_power: [9.4782 → 20.1574]
    [FINAL] plotted_eff:   [0.00 → 66.82]

  ── [LOAD+SCALE] 9927160038A1P ──
    trim=8.6520, stages=5, rpm=1760.0, filing='Fig.1 to 0.03'
    columns: ['curve_no', 'flow', 'speed', 'power_in', 'power_bowl_motor', 'power_bowl_dyno', 'power_pump_motor', 'power_pump_dyno', 'tdh_bowl', 'tdh_pump', 'eff_bowl_motor', 'eff_bowl_dyno', 'eff_pump_motor', 'eff_pump_dyno', 'eff_overall', 'npsha']
    rows: 10
    flow: 10 pts
      values: ['8.39', '394.78', '603.12', '815.05', '961.20', '1001.80', '1041.30', '1271.62', '1509.34', '1630.44']
    head ('tdh_bowl'): 10 pts
      values: ['372.67', '347.26', '340.97', '327.35', '312.10', '307.99', '302.34', '262.22', '209.01', '176.51']
    power ('power_bowl_dyno'): all zero/negative — trying fallback
    power FALLBACK ('power_bowl_motor'): 10 pts
      values: ['41.7975', '63.7396', '78.3411', '90.2061', '96.8307', '98.2451', '99.5828', '104.5329', '104.7943', '102.3624']
    efficiency ('eff_bowl_motor'): 10 pts
      values: ['1.89', '54.22', '66.17', '74.56', '78.10', '79.17', '79.70', '80.41', '75.89', '70.88']
    [FTS] Checking packing/bearing loss...
    [FTS] file: C:\Users\107087\AppData\Local\Temp\px_detail_2dpdyve9\9927160038A1P.xls
    [FTS] friction coefficient: 0.1
    [FTS] BA is all zeros — computing packing loss
    [FTS] Line shaft diameter: 1.5000"
    [FTS] Using 'tdh_bowl' for discharge pressure
    [FTS] Speed (first 5): ['1760.0', '1760.0', '1760.0', '1760.0', '1760.0']
    [FTS] Pressure (first 5): ['372.67', '347.26', '340.97', '327.35', '312.10']
    [FTS] Packing cross section: 0.5" (shaft >= 1.0")
    [FTS] Contact area: 0.5 × 0.94 × 1.5000 × π = 2.214823 in²
    [FTS] shaft_radius_ft: 0.062500
    [FTS] Loss HP (first 5): ['1.383003', '1.288704', '1.265373', '1.214797', '1.158225']
    [FTS] Loss HP range: 0.655049 — 1.383003
    [FTS] Power correction applied:
      Original power (first 5): ['41.7975', '63.7396', '78.3411', '90.2061', '96.8307']
      Loss HP       (first 5): ['1.383003', '1.288704', '1.265373', '1.214797', '1.158225']
      Corrected     (first 5): ['40.4145', '62.4509', '77.0757', '88.9913', '95.6725']
      Avg loss: 1.0979 HP
      Max loss: 1.3830 HP
    power BEFORE FTS: ['41.7975', '63.7396', '78.3411', '90.2061', '96.8307', '98.2451', '99.5828', '104.5329', '104.7943', '102.3624']
    power AFTER FTS:  ['40.4145', '62.4509', '77.0757', '88.9913', '95.6725', '97.1022', '98.4608', '103.5598', '104.0186', '101.7073']
    [STAGE NORM] 5-stage → dividing head & power by 5
      head BEFORE: ['372.67', '347.26', '340.97', '327.35', '312.10', '307.99', '302.34', '262.22', '209.01', '176.51']
      head AFTER:  ['74.53', '69.45', '68.19', '65.47', '62.42', '61.60', '60.47', '52.44', '41.80', '35.30']
      power BEFORE: ['40.4145', '62.4509', '77.0757', '88.9913', '95.6725', '97.1022', '98.4608', '103.5598', '104.0186', '101.7073']
      power AFTER:  ['8.0829', '12.4902', '15.4151', '17.7983', '19.1345', '19.4204', '19.6922', '20.7120', '20.8037', '20.3415']
    [AFFINITY]
      test_diameter:     8.6520
      baseline_diameter: 8.6425
      dia_ratio:         8.6425/8.6520 = 0.998902
      test_rpm:          1760.0
      baseline_rpm:      1775.0
      speed_ratio:       1775.0/1760.0 = 1.008523
      scaled_flow:  ['8.46', '397.71', '607.59', '821.10', '968.33', '1009.23', '1049.02', '1281.04', '1520.54', '1642.53']
      scaled_head:  ['75.64', '70.49', '69.21', '66.44', '63.35', '62.51', '61.37', '53.22', '42.42', '35.83']
      scaled_power: ['8.2640', '12.7701', '15.7606', '18.1972', '19.5633', '19.8557', '20.1335', '21.1761', '21.2700', '20.7973']
    [FINAL] plotted_flow:  [8.46 → 1642.53]
    [FINAL] plotted_head:  [75.64 → 35.83]
    [FINAL] plotted_power: [8.2640 → 20.7973]
    [FINAL] plotted_eff:   [1.89 → 70.88]

  ── [LOAD+SCALE] 9927158942A1P ──
    trim=8.7400, stages=7, rpm=1760.0, filing='Fig.1 to 0.03'
    columns: ['curve_no', 'flow', 'speed', 'power_in', 'power_bowl_motor', 'power_bowl_dyno', 'power_pump_motor', 'power_pump_dyno', 'tdh_bowl', 'tdh_pump', 'eff_bowl_motor', 'eff_bowl_dyno', 'eff_pump_motor', 'eff_pump_dyno', 'eff_overall', 'npsha']
    rows: 14
    flow: 14 pts
      values: ['0.00', '27.73', '424.18', '424.93', '611.51', '817.42', '946.61', '971.83', '1001.89', '1020.40', '1232.48', '1509.96', '1595.89', '1743.93']
    head ('tdh_bowl'): 14 pts
      values: ['547.71', '547.64', '498.61', '499.15', '490.32', '473.56', '458.02', '454.72', '449.35', '443.06', '397.32', '311.21', '283.59', '230.89']
    power ('power_bowl_dyno'): all zero/negative — trying fallback
    power FALLBACK ('power_bowl_motor'): 14 pts
      values: ['69.7727', '69.7712', '99.4725', '99.1546', '117.7077', '134.9827', '144.0219', '145.4446', '147.0360', '148.7329', '156.2777', '157.8835', '156.4512', '152.5933']
    efficiency ('eff_bowl_motor'): 14 pts
      values: ['0.00', '5.49', '53.60', '53.93', '64.21', '72.29', '75.89', '76.59', '77.19', '76.63', '78.99', '75.03', '72.92', '66.52']
    [FTS] Checking packing/bearing loss...
    [FTS] file: C:\Users\107087\AppData\Local\Temp\px_detail_2dpdyve9\9927158942A1P.xls
    [FTS] friction coefficient: 0.1
    [FTS] BA is all zeros — computing packing loss
    [FTS] Line shaft diameter: 1.5000"
    [FTS] Using 'tdh_bowl' for discharge pressure
    [FTS] Speed (first 5): ['1760.0', '1760.0', '1760.0', '1760.0', '1760.0']
    [FTS] Pressure (first 5): ['547.71', '547.64', '498.61', '499.15', '490.32']
    [FTS] Packing cross section: 0.5" (shaft >= 1.0")
    [FTS] Contact area: 0.5 × 0.94 × 1.5000 × π = 2.214823 in²
    [FTS] shaft_radius_ft: 0.062500
    [FTS] Loss HP (first 5): ['2.032568', '2.032308', '1.850359', '1.852370', '1.819600']
    [FTS] Loss HP range: 0.856837 — 2.032568
    [FTS] Power correction applied:
      Original power (first 5): ['69.7727', '69.7712', '99.4725', '99.1546', '117.7077']
      Loss HP       (first 5): ['2.032568', '2.032308', '1.850359', '1.852370', '1.819600']
      Corrected     (first 5): ['67.7402', '67.7389', '97.6221', '97.3022', '115.8881']
      Avg loss: 1.6130 HP
      Max loss: 2.0326 HP
    power BEFORE FTS: ['69.7727', '69.7712', '99.4725', '99.1546', '117.7077', '134.9827', '144.0219', '145.4446', '147.0360', '148.7329', '156.2777', '157.8835', '156.4512', '152.5933']
    power AFTER FTS:  ['67.7402', '67.7389', '97.6221', '97.3022', '115.8881', '133.2252', '142.3221', '143.7571', '145.3684', '147.0887', '154.8032', '156.7286', '155.3988', '151.7365']
    [STAGE NORM] 7-stage → dividing head & power by 7
      head BEFORE: ['547.71', '547.64', '498.61', '499.15', '490.32', '473.56', '458.02', '454.72', '449.35', '443.06', '397.32', '311.21', '283.59', '230.89']
      head AFTER:  ['78.24', '78.23', '71.23', '71.31', '70.05', '67.65', '65.43', '64.96', '64.19', '63.29', '56.76', '44.46', '40.51', '32.98']
      power BEFORE: ['67.7402', '67.7389', '97.6221', '97.3022', '115.8881', '133.2252', '142.3221', '143.7571', '145.3684', '147.0887', '154.8032', '156.7286', '155.3988', '151.7365']
      power AFTER:  ['9.6772', '9.6770', '13.9460', '13.9003', '16.5554', '19.0322', '20.3317', '20.5367', '20.7669', '21.0127', '22.1147', '22.3898', '22.1998', '21.6766']
    [AFFINITY]
      test_diameter:     8.7400
      baseline_diameter: 8.6425
      dia_ratio:         8.6425/8.7400 = 0.988844
      test_rpm:          1760.0
      baseline_rpm:      1775.0
      speed_ratio:       1775.0/1760.0 = 1.008523
      scaled_flow:  ['0.00', '27.66', '423.02', '423.77', '609.84', '815.19', '944.03', '969.18', '999.16', '1017.62', '1229.12', '1505.84', '1591.53', '1739.17']
      scaled_head:  ['77.82', '77.81', '70.84', '70.92', '69.66', '67.28', '65.08', '64.61', '63.84', '62.95', '56.45', '44.22', '40.29', '32.80']
      scaled_power: ['9.5982', '9.5980', '13.8322', '13.7869', '16.4203', '18.8768', '20.1658', '20.3691', '20.5974', '20.8412', '21.9342', '22.2071', '22.0186', '21.4997']
    [FINAL] plotted_flow:  [0.00 → 1739.17]
    [FINAL] plotted_head:  [77.82 → 32.80]
    [FINAL] plotted_power: [9.5982 → 21.4997]
    [FINAL] plotted_eff:   [0.00 → 66.52]

  ── [LOAD+SCALE] 9927158612A1P ──
    trim=8.5100, stages=10, rpm=1760.0, filing='Fig.1 to 0.03'
    columns: ['curve_no', 'flow', 'speed', 'power_in', 'power_bowl_motor', 'power_bowl_dyno', 'power_pump_motor', 'power_pump_dyno', 'tdh_bowl', 'tdh_pump', 'eff_bowl_motor', 'eff_bowl_dyno', 'eff_pump_motor', 'eff_pump_dyno', 'eff_overall', 'npsha']
    rows: 11
    flow: 11 pts
      values: ['0.00', '370.74', '588.19', '816.46', '952.35', '996.58', '1039.80', '1192.08', '1520.09', '1621.00', '1621.00']
    head ('tdh_bowl'): 11 pts
      values: ['603.16', '560.15', '545.14', '522.96', '501.82', '492.65', '483.32', '447.91', '336.16', '294.33', '294.33']
    power ('power_bowl_dyno'): all zero/negative — trying fallback
    power FALLBACK ('power_bowl_motor'): 11 pts
      values: ['74.3347', '104.0784', '126.7628', '147.4719', '157.1115', '159.6087', '162.0981', '169.2995', '170.5599', '167.5659', '167.5659']
    efficiency ('eff_bowl_motor'): 11 pts
      values: ['0.00', '50.30', '63.77', '72.99', '76.68', '77.54', '78.16', '79.50', '75.53', '71.78', '71.78']
    [FTS] Checking packing/bearing loss...
    [FTS] file: C:\Users\107087\AppData\Local\Temp\px_detail_2dpdyve9\9927158612A1P.xls
    [FTS] friction coefficient: 0.1
    [FTS] BA is all zeros — computing packing loss
    [FTS] Line shaft diameter: 1.5000"
    [FTS] Using 'tdh_bowl' for discharge pressure
    [FTS] Speed (first 5): ['1760.0', '1760.0', '1760.0', '1760.0', '1760.0']
    [FTS] Pressure (first 5): ['603.16', '560.15', '545.14', '522.96', '501.82']
    [FTS] Packing cross section: 0.5" (shaft >= 1.0")
    [FTS] Contact area: 0.5 × 0.94 × 1.5000 × π = 2.214823 in²
    [FTS] shaft_radius_ft: 0.062500
    [FTS] Loss HP (first 5): ['2.238357', '2.078743', '2.023039', '1.940738', '1.862295']
    [FTS] Loss HP range: 1.092290 — 2.238357
    [FTS] Power correction applied:
      Original power (first 5): ['74.3347', '104.0784', '126.7628', '147.4719', '157.1115']
      Loss HP       (first 5): ['2.238357', '2.078743', '2.023039', '1.940738', '1.862295']
      Corrected     (first 5): ['72.0963', '101.9996', '124.7398', '145.5311', '155.2492']
      Avg loss: 1.7145 HP
      Max loss: 2.2384 HP
    power BEFORE FTS: ['74.3347', '104.0784', '126.7628', '147.4719', '157.1115', '159.6087', '162.0981', '169.2995', '170.5599', '167.5659', '167.5659']
    power AFTER FTS:  ['72.0963', '101.9996', '124.7398', '145.5311', '155.2492', '157.7804', '160.3044', '167.6373', '169.3124', '166.4736', '166.4736']
    [STAGE NORM] 10-stage → dividing head & power by 10
      head BEFORE: ['603.16', '560.15', '545.14', '522.96', '501.82', '492.65', '483.32', '447.91', '336.16', '294.33', '294.33']
      head AFTER:  ['60.32', '56.01', '54.51', '52.30', '50.18', '49.26', '48.33', '44.79', '33.62', '29.43', '29.43']
      power BEFORE: ['72.0963', '101.9996', '124.7398', '145.5311', '155.2492', '157.7804', '160.3044', '167.6373', '169.3124', '166.4736', '166.4736']
      power AFTER:  ['7.2096', '10.2000', '12.4740', '14.5531', '15.5249', '15.7780', '16.0304', '16.7637', '16.9312', '16.6474', '16.6474']
    [AFFINITY]
      test_diameter:     8.5100
      baseline_diameter: 8.6425
      dia_ratio:         8.6425/8.5100 = 1.015570
      test_rpm:          1760.0
      baseline_rpm:      1775.0
      speed_ratio:       1775.0/1760.0 = 1.008523
      scaled_flow:  ['0.00', '379.72', '602.44', '836.24', '975.42', '1020.72', '1064.99', '1220.96', '1556.92', '1660.27', '1660.27']
      scaled_head:  ['63.27', '58.76', '57.19', '54.86', '52.64', '51.68', '50.70', '46.99', '35.26', '30.88', '30.88']
      scaled_power: ['7.7464', '10.9594', '13.4027', '15.6366', '16.6808', '16.9527', '17.2239', '18.0118', '18.1918', '17.8868', '17.8868']
    [FINAL] plotted_flow:  [0.00 → 1660.27]
    [FINAL] plotted_head:  [63.27 → 30.88]
    [FINAL] plotted_power: [7.7464 → 17.8868]
    [FINAL] plotted_eff:   [0.00 → 71.78]

  ── [LOAD+SCALE] 9927152599A1P ──
    trim=8.7180, stages=5, rpm=1760.0, filing='Fig.1 to 0.03'
    columns: ['curve_no', 'flow', 'speed', 'power_in', 'power_bowl_motor', 'power_bowl_dyno', 'power_pump_motor', 'power_pump_dyno', 'tdh_bowl', 'tdh_pump', 'eff_bowl_motor', 'eff_bowl_dyno', 'eff_pump_motor', 'eff_pump_dyno', 'eff_overall', 'npsha']
    rows: 15
    flow: 15 pts
      values: ['22.46', '297.17', '400.59', '581.54', '807.63', '946.99', '980.77', '1010.97', '1013.87', '1174.10', '1262.03', '1403.86', '1473.40', '1641.49', '1757.13']
    head ('tdh_bowl'): 15 pts
      values: ['377.39', '354.32', '344.66', '338.20', '323.37', '305.94', '300.68', '296.23', '296.03', '271.69', '255.25', '221.66', '203.22', '152.60', '112.56']
    power ('power_bowl_dyno'): all zero/negative — trying fallback
    power FALLBACK ('power_bowl_motor'): 15 pts
      values: ['43.0604', '59.3379', '64.6770', '79.2909', '93.1625', '100.1176', '101.7432', '102.8917', '103.0135', '108.6007', '110.9295', '112.2293', '112.2178', '110.1680', '107.2009']
    efficiency ('eff_bowl_motor'): 15 pts
      values: ['4.97', '44.80', '53.89', '62.62', '70.77', '73.06', '73.17', '73.48', '73.55', '74.15', '73.31', '70.00', '67.36', '57.40', '46.58']
    [FTS] Checking packing/bearing loss...
    [FTS] file: C:\Users\107087\AppData\Local\Temp\px_detail_2dpdyve9\9927152599A1P.xls
    [FTS] friction coefficient: 0.1
    [FTS] BA is all zeros — computing packing loss
    [FTS] Line shaft diameter: 1.5000"
    [FTS] Using 'tdh_bowl' for discharge pressure
    [FTS] Speed (first 5): ['1760.0', '1760.0', '1760.0', '1760.0', '1760.0']
    [FTS] Pressure (first 5): ['377.39', '354.32', '344.66', '338.20', '323.37']
    [FTS] Packing cross section: 0.5" (shaft >= 1.0")
    [FTS] Contact area: 0.5 × 0.94 × 1.5000 × π = 2.214823 in²
    [FTS] shaft_radius_ft: 0.062500
    [FTS] Loss HP (first 5): ['1.400518', '1.314915', '1.279057', '1.255062', '1.200053']
    [FTS] Loss HP range: 0.417720 — 1.400518
    [FTS] Power correction applied:
      Original power (first 5): ['43.0604', '59.3379', '64.6770', '79.2909', '93.1625']
      Loss HP       (first 5): ['1.400518', '1.314915', '1.279057', '1.255062', '1.200053']
      Corrected     (first 5): ['41.6599', '58.0230', '63.3980', '78.0358', '91.9624']
      Avg loss: 1.0277 HP
      Max loss: 1.4005 HP
    power BEFORE FTS: ['43.0604', '59.3379', '64.6770', '79.2909', '93.1625', '100.1176', '101.7432', '102.8917', '103.0135', '108.6007', '110.9295', '112.2293', '112.2178', '110.1680', '107.2009']
    power AFTER FTS:  ['41.6599', '58.0230', '63.3980', '78.0358', '91.9624', '98.9823', '100.6274', '101.7923', '101.9149', '107.5925', '109.9823', '111.4067', '111.4637', '109.6017', '106.7832']
    [STAGE NORM] 5-stage → dividing head & power by 5
      head BEFORE: ['377.39', '354.32', '344.66', '338.20', '323.37', '305.94', '300.68', '296.23', '296.03', '271.69', '255.25', '221.66', '203.22', '152.60', '112.56']
      head AFTER:  ['75.48', '70.86', '68.93', '67.64', '64.67', '61.19', '60.14', '59.25', '59.21', '54.34', '51.05', '44.33', '40.64', '30.52', '22.51']
      power BEFORE: ['41.6599', '58.0230', '63.3980', '78.0358', '91.9624', '98.9823', '100.6274', '101.7923', '101.9149', '107.5925', '109.9823', '111.4067', '111.4637', '109.6017', '106.7832']
      power AFTER:  ['8.3320', '11.6046', '12.6796', '15.6072', '18.3925', '19.7965', '20.1255', '20.3585', '20.3830', '21.5185', '21.9965', '22.2813', '22.2927', '21.9203', '21.3566']
    [AFFINITY]
      test_diameter:     8.7180
      baseline_diameter: 8.6425
      dia_ratio:         8.6425/8.7180 = 0.991340
      test_rpm:          1760.0
      baseline_rpm:      1775.0
      speed_ratio:       1775.0/1760.0 = 1.008523
      scaled_flow:  ['22.46', '297.10', '400.50', '581.42', '807.46', '946.79', '980.56', '1010.76', '1013.65', '1173.85', '1261.76', '1403.56', '1473.08', '1641.14', '1756.75']
      scaled_head:  ['75.45', '70.83', '68.90', '67.61', '64.65', '61.16', '60.11', '59.22', '59.18', '54.32', '51.03', '44.31', '40.63', '30.51', '22.50']
      scaled_power: ['8.3267', '11.5972', '12.6716', '15.5973', '18.3808', '19.7839', '20.1127', '20.3456', '20.3701', '21.5049', '21.9825', '22.2672', '22.2786', '21.9064', '21.3431']
    [FINAL] plotted_flow:  [22.46 → 1756.75]
    [FINAL] plotted_head:  [75.45 → 22.50]
    [FINAL] plotted_power: [8.3267 → 21.3431]
    [FINAL] plotted_eff:   [4.97 → 46.58]

  ── [LOAD+SCALE] 9927158789A1P ──
    trim=8.6520, stages=5, rpm=1760.0, filing='Fig.1 to 0.03'
    columns: ['curve_no', 'flow', 'speed', 'power_in', 'power_bowl_motor', 'power_bowl_dyno', 'power_pump_motor', 'power_pump_dyno', 'tdh_bowl', 'tdh_pump', 'eff_bowl_motor', 'eff_bowl_dyno', 'eff_pump_motor', 'eff_pump_dyno', 'eff_overall', 'npsha']
    rows: 12
    flow: 12 pts
      values: ['0.00', '397.26', '601.65', '801.92', '961.08', '991.25', '1033.03', '1200.68', '1351.49', '1517.91', '1735.42', '1831.84']
    head ('tdh_bowl'): 12 pts
      values: ['375.83', '348.14', '341.28', '329.62', '314.07', '310.52', '305.23', '280.68', '251.76', '214.75', '156.19', '126.19']
    power ('power_bowl_dyno'): all zero/negative — trying fallback
    power FALLBACK ('power_bowl_motor'): 12 pts
      values: ['43.4073', '64.2170', '78.4660', '90.3542', '97.4111', '98.5583', '100.0134', '105.0477', '106.9449', '106.6972', '102.5911', '99.2619']
    efficiency ('eff_bowl_motor'): 12 pts
      values: ['0.00', '54.29', '65.97', '73.75', '78.11', '78.73', '79.48', '80.87', '80.20', '77.01', '66.60', '58.70']
    [FTS] Checking packing/bearing loss...
    [FTS] file: C:\Users\107087\AppData\Local\Temp\px_detail_2dpdyve9\9927158789A1P.xls
    [FTS] friction coefficient: 0.1
    [FTS] BA is all zeros — computing packing loss
    [FTS] Line shaft diameter: 1.5000"
    [FTS] Using 'tdh_bowl' for discharge pressure
    [FTS] Speed (first 5): ['1760.0', '1760.0', '1760.0', '1760.0', '1760.0']
    [FTS] Pressure (first 5): ['375.83', '348.14', '341.28', '329.62', '314.07']
    [FTS] Packing cross section: 0.5" (shaft >= 1.0")
    [FTS] Contact area: 0.5 × 0.94 × 1.5000 × π = 2.214823 in²
    [FTS] shaft_radius_ft: 0.062500
    [FTS] Loss HP (first 5): ['1.394726', '1.291964', '1.266496', '1.223244', '1.165522']
    [FTS] Loss HP range: 0.468286 — 1.394726
    [FTS] Power correction applied:
      Original power (first 5): ['43.4073', '64.2170', '78.4660', '90.3542', '97.4111']
      Loss HP       (first 5): ['1.394726', '1.291964', '1.266496', '1.223244', '1.165522']
      Corrected     (first 5): ['42.0126', '62.9250', '77.1995', '89.1310', '96.2456']
      Avg loss: 1.0373 HP
      Max loss: 1.3947 HP
    power BEFORE FTS: ['43.4073', '64.2170', '78.4660', '90.3542', '97.4111', '98.5583', '100.0134', '105.0477', '106.9449', '106.6972', '102.5911', '99.2619']
    power AFTER FTS:  ['42.0126', '62.9250', '77.1995', '89.1310', '96.2456', '97.4060', '98.8807', '104.0061', '106.0106', '105.9002', '102.0115', '98.7936']
    [STAGE NORM] 5-stage → dividing head & power by 5
      head BEFORE: ['375.83', '348.14', '341.28', '329.62', '314.07', '310.52', '305.23', '280.68', '251.76', '214.75', '156.19', '126.19']
      head AFTER:  ['75.17', '69.63', '68.26', '65.92', '62.81', '62.10', '61.05', '56.14', '50.35', '42.95', '31.24', '25.24']
      power BEFORE: ['42.0126', '62.9250', '77.1995', '89.1310', '96.2456', '97.4060', '98.8807', '104.0061', '106.0106', '105.9002', '102.0115', '98.7936']
      power AFTER:  ['8.4025', '12.5850', '15.4399', '17.8262', '19.2491', '19.4812', '19.7761', '20.8012', '21.2021', '21.1800', '20.4023', '19.7587']
    [AFFINITY]
      test_diameter:     8.6520
      baseline_diameter: 8.6425
      dia_ratio:         8.6425/8.6520 = 0.998902
      test_rpm:          1760.0
      baseline_rpm:      1775.0
      speed_ratio:       1775.0/1760.0 = 1.008523
      scaled_flow:  ['0.00', '400.20', '606.12', '807.87', '968.20', '998.60', '1040.69', '1209.59', '1361.51', '1529.17', '1748.29', '1845.42']
      scaled_head:  ['76.29', '70.66', '69.27', '66.91', '63.75', '63.03', '61.96', '56.97', '51.10', '43.59', '31.70', '25.61']
      scaled_power: ['8.5908', '12.8671', '15.7859', '18.2257', '19.6805', '19.9178', '20.2193', '21.2674', '21.6773', '21.6547', '20.8595', '20.2015']
    [FINAL] plotted_flow:  [0.00 → 1845.42]
    [FINAL] plotted_head:  [76.29 → 25.61]
    [FINAL] plotted_power: [8.5908 → 20.2015]
    [FINAL] plotted_eff:   [0.00 → 58.70]

  ── [LOAD+SCALE] 99272086840011A1P ──
    trim=8.6600, stages=4, rpm=1760.0, filing='Fig1. To 0.03125'
    columns: ['curve_no', 'flow', 'speed', 'power_in', 'power_bowl_motor', 'power_bowl_dyno', 'power_pump_motor', 'power_pump_dyno', 'tdh_bowl', 'tdh_pump', 'eff_bowl_motor', 'eff_bowl_dyno', 'eff_pump_motor', 'eff_pump_dyno', 'eff_overall', 'npsha']
    rows: 18
    flow: 18 pts
      values: ['0.15', '30.73', '245.28', '427.46', '604.11', '857.68', '982.21', '995.69', '1000.75', '1007.33', '1015.61', '1022.69', '1203.17', '1336.45', '1533.70', '1751.50', '1831.36', '1894.61']
    head ('tdh_bowl'): 18 pts
      values: ['311.14', '311.39', '294.99', '281.16', '273.13', '260.04', '246.63', '247.17', '246.61', '246.02', '244.05', '243.54', '220.34', '198.32', '162.83', '111.89', '90.74', '68.48']
    power ('power_bowl_dyno'): all zero/negative — trying fallback
    power FALLBACK ('power_bowl_motor'): 18 pts
      values: ['39.3092', '40.5345', '48.1849', '55.0167', '63.3587', '74.4095', '78.9155', '78.8984', '79.2174', '79.2611', '79.7181', '79.7608', '83.1385', '84.4822', '84.6822', '81.1997', '79.1990', '76.4055']
    efficiency ('eff_bowl_motor'): 18 pts
      values: ['0.03', '5.95', '37.85', '55.07', '65.65', '75.56', '77.38', '78.63', '78.53', '78.82', '78.38', '78.72', '80.39', '79.09', '74.34', '60.84', '52.89', '42.81']
    [STAGE NORM] 4-stage → dividing head & power by 4
      head BEFORE: ['311.14', '311.39', '294.99', '281.16', '273.13', '260.04', '246.63', '247.17', '246.61', '246.02', '244.05', '243.54', '220.34', '198.32', '162.83', '111.89', '90.74', '68.48']
      head AFTER:  ['77.78', '77.85', '73.75', '70.29', '68.28', '65.01', '61.66', '61.79', '61.65', '61.51', '61.01', '60.88', '55.09', '49.58', '40.71', '27.97', '22.68', '17.12']
      power BEFORE: ['39.3092', '40.5345', '48.1849', '55.0167', '63.3587', '74.4095', '78.9155', '78.8984', '79.2174', '79.2611', '79.7181', '79.7608', '83.1385', '84.4822', '84.6822', '81.1997', '79.1990', '76.4055']
      power AFTER:  ['9.8273', '10.1336', '12.0462', '13.7542', '15.8397', '18.6024', '19.7289', '19.7246', '19.8043', '19.8153', '19.9295', '19.9402', '20.7846', '21.1205', '21.1706', '20.2999', '19.7997', '19.1014']
    [AFFINITY]
      test_diameter:     8.6600
      baseline_diameter: 8.6425
      dia_ratio:         8.6425/8.6600 = 0.997979
      test_rpm:          1760.0
      baseline_rpm:      1775.0
      speed_ratio:       1775.0/1760.0 = 1.008523
      scaled_flow:  ['0.16', '30.93', '246.87', '430.23', '608.03', '863.25', '988.58', '1002.15', '1007.24', '1013.86', '1022.19', '1029.33', '1210.98', '1345.12', '1543.64', '1762.86', '1843.24', '1906.90']
      scaled_head:  ['78.80', '78.86', '74.71', '71.21', '69.17', '65.86', '62.46', '62.60', '62.45', '62.31', '61.81', '61.68', '55.80', '50.23', '41.24', '28.34', '22.98', '17.34']
      scaled_power: ['10.0197', '10.3320', '12.2821', '14.0235', '16.1498', '18.9666', '20.1152', '20.1108', '20.1921', '20.2033', '20.3198', '20.3306', '21.1916', '21.5341', '21.5851', '20.6974', '20.1874', '19.4754']
    [FINAL] plotted_flow:  [0.16 → 1906.90]
    [FINAL] plotted_head:  [78.80 → 17.34]
    [FINAL] plotted_power: [10.0197 → 19.4754]
    [FINAL] plotted_eff:   [0.03 → 42.81]

  ── [LOAD+SCALE] 99272045200010A1P ──
    trim=8.6400, stages=5, rpm=1760.0, filing='Fig1. To 0.03125'
    columns: ['curve_no', 'flow', 'speed', 'power_in', 'power_bowl_motor', 'power_bowl_dyno', 'power_pump_motor', 'power_pump_dyno', 'tdh_bowl', 'tdh_pump', 'eff_bowl_motor', 'eff_bowl_dyno', 'eff_pump_motor', 'eff_pump_dyno', 'eff_overall', 'npsha']
    rows: 12
    flow: 12 pts
      values: ['8.76', '390.77', '816.85', '972.69', '990.63', '1010.04', '1228.48', '1384.13', '1507.42', '1542.85', '1655.47', '1755.50']
    head ('tdh_bowl'): 12 pts
      values: ['384.77', '356.86', '331.60', '314.98', '313.18', '310.81', '276.10', '247.01', '221.48', '213.94', '187.11', '160.36']
    power ('power_bowl_dyno'): all zero/negative — trying fallback
    power FALLBACK ('power_bowl_motor'): 12 pts
      values: ['49.9768', '68.8908', '91.8658', '98.2424', '98.7472', '99.1745', '104.2316', '106.2026', '106.6075', '106.3903', '104.9869', '102.9482']
    efficiency ('eff_bowl_motor'): 12 pts
      values: ['1.70', '51.03', '74.33', '78.62', '79.20', '79.80', '82.03', '81.15', '78.95', '78.21', '74.38', '68.93']
    [STAGE NORM] 5-stage → dividing head & power by 5
      head BEFORE: ['384.77', '356.86', '331.60', '314.98', '313.18', '310.81', '276.10', '247.01', '221.48', '213.94', '187.11', '160.36']
      head AFTER:  ['76.95', '71.37', '66.32', '63.00', '62.64', '62.16', '55.22', '49.40', '44.30', '42.79', '37.42', '32.07']
      power BEFORE: ['49.9768', '68.8908', '91.8658', '98.2424', '98.7472', '99.1745', '104.2316', '106.2026', '106.6075', '106.3903', '104.9869', '102.9482']
      power AFTER:  ['9.9954', '13.7782', '18.3732', '19.6485', '19.7494', '19.8349', '20.8463', '21.2405', '21.3215', '21.2781', '20.9974', '20.5896']
    [AFFINITY]
      test_diameter:     8.6400
      baseline_diameter: 8.6425
      dia_ratio:         8.6425/8.6400 = 1.000289
      test_rpm:          1760.0
      baseline_rpm:      1775.0
      speed_ratio:       1775.0/1760.0 = 1.008523
      scaled_flow:  ['8.84', '394.21', '824.05', '981.26', '999.36', '1018.94', '1239.31', '1396.33', '1520.71', '1556.45', '1670.06', '1770.98']
      scaled_head:  ['78.32', '72.64', '67.49', '64.11', '63.74', '63.26', '56.20', '50.28', '45.08', '43.55', '38.09', '32.64']
      scaled_power: ['10.2620', '14.1457', '18.8633', '20.1727', '20.2763', '20.3640', '21.4024', '21.8072', '21.8903', '21.8457', '21.5575', '21.1389']
    [FINAL] plotted_flow:  [8.84 → 1770.98]
    [FINAL] plotted_head:  [78.32 → 32.64]
    [FINAL] plotted_power: [10.2620 → 21.1389]
    [FINAL] plotted_eff:   [1.70 → 68.93]

  ── [LOAD+SCALE] 99272091280010A1P ──
    trim=8.7400, stages=5, rpm=1760.0, filing='Fig1. To 0.03125'
    columns: ['curve_no', 'flow', 'speed', 'power_in', 'power_bowl_motor', 'power_bowl_dyno', 'power_pump_motor', 'power_pump_dyno', 'tdh_bowl', 'tdh_pump', 'eff_bowl_motor', 'eff_bowl_dyno', 'eff_pump_motor', 'eff_pump_dyno', 'eff_overall', 'npsha']
    rows: 11
    flow: 11 pts
      values: ['0.00', '595.34', '804.05', '958.24', '992.38', '1039.11', '1199.98', '1510.38', '1612.86', '1712.89', '1798.10']
    head ('tdh_bowl'): 11 pts
      values: ['398.11', '347.34', '337.19', '322.23', '318.17', '312.44', '290.31', '231.70', '208.86', '182.15', '156.99']
    power ('power_bowl_dyno'): all zero/negative — trying fallback
    power FALLBACK ('power_bowl_motor'): 11 pts
      values: ['53.1177', '81.3342', '93.4494', '100.6203', '101.7077', '103.6673', '108.1395', '110.7388', '110.4656', '109.1959', '106.7004']
    efficiency ('eff_bowl_motor'): 11 pts
      values: ['0.00', '64.09', '73.14', '77.36', '78.26', '78.95', '81.21', '79.67', '76.87', '72.03', '66.69']
    [STAGE NORM] 5-stage → dividing head & power by 5
      head BEFORE: ['398.11', '347.34', '337.19', '322.23', '318.17', '312.44', '290.31', '231.70', '208.86', '182.15', '156.99']
      head AFTER:  ['79.62', '69.47', '67.44', '64.45', '63.63', '62.49', '58.06', '46.34', '41.77', '36.43', '31.40']
      power BEFORE: ['53.1177', '81.3342', '93.4494', '100.6203', '101.7077', '103.6673', '108.1395', '110.7388', '110.4656', '109.1959', '106.7004']
      power AFTER:  ['10.6235', '16.2668', '18.6899', '20.1241', '20.3415', '20.7335', '21.6279', '22.1478', '22.0931', '21.8392', '21.3401']
    [AFFINITY]
      test_diameter:     8.7400
      baseline_diameter: 8.6425
      dia_ratio:         8.6425/8.7400 = 0.988844
      test_rpm:          1760.0
      baseline_rpm:      1775.0
      speed_ratio:       1775.0/1760.0 = 1.008523
      scaled_flow:  ['0.00', '593.71', '801.86', '955.62', '989.68', '1036.28', '1196.71', '1506.26', '1608.47', '1708.22', '1793.19']
      scaled_head:  ['79.19', '69.09', '67.07', '64.09', '63.29', '62.15', '57.75', '46.09', '41.54', '36.23', '31.23']
      scaled_power: ['10.5368', '16.1341', '18.5373', '19.9598', '20.1755', '20.5642', '21.4514', '21.9670', '21.9128', '21.6609', '21.1659']
    [FINAL] plotted_flow:  [0.00 → 1793.19]
    [FINAL] plotted_head:  [79.19 → 31.23]
    [FINAL] plotted_power: [10.5368 → 21.1659]
    [FINAL] plotted_eff:   [0.00 → 66.69]

  ── [LOAD+SCALE] 99272094190010A1P ──
    trim=8.6600, stages=4, rpm=1760.0, filing='Fig1. To 0.03125'
    columns: ['curve_no', 'flow', 'speed', 'power_in', 'power_bowl_motor', 'power_bowl_dyno', 'power_pump_motor', 'power_pump_dyno', 'tdh_bowl', 'tdh_pump', 'eff_bowl_motor', 'eff_bowl_dyno', 'eff_pump_motor', 'eff_pump_dyno', 'eff_overall', 'npsha']
    rows: 11
    flow: 11 pts
      values: ['9.34', '614.40', '799.09', '952.48', '995.11', '1027.04', '1189.07', '1511.80', '1609.14', '1696.02', '1784.96']
    head ('tdh_bowl'): 11 pts
      values: ['305.84', '272.31', '266.00', '255.42', '251.07', '248.62', '230.98', '183.48', '165.36', '148.90', '129.37']
    power ('power_bowl_dyno'): all zero/negative — trying fallback
    power FALLBACK ('power_bowl_motor'): 11 pts
      values: ['38.2835', '63.5855', '71.8723', '77.3469', '78.6557', '79.5119', '83.1471', '85.1874', '84.4759', '83.3794', '81.6050']
    efficiency ('eff_bowl_motor'): 11 pts
      values: ['1.88', '66.33', '74.55', '79.29', '80.07', '80.95', '83.27', '82.09', '79.40', '76.35', '71.33']
    [STAGE NORM] 4-stage → dividing head & power by 4
      head BEFORE: ['305.84', '272.31', '266.00', '255.42', '251.07', '248.62', '230.98', '183.48', '165.36', '148.90', '129.37']
      head AFTER:  ['76.46', '68.08', '66.50', '63.86', '62.77', '62.15', '57.75', '45.87', '41.34', '37.23', '32.34']
      power BEFORE: ['38.2835', '63.5855', '71.8723', '77.3469', '78.6557', '79.5119', '83.1471', '85.1874', '84.4759', '83.3794', '81.6050']
      power AFTER:  ['9.5709', '15.8964', '17.9681', '19.3367', '19.6639', '19.8780', '20.7868', '21.2969', '21.1190', '20.8449', '20.4013']
    [AFFINITY]
      test_diameter:     8.6600
      baseline_diameter: 8.6425
      dia_ratio:         8.6425/8.6600 = 0.997979
      test_rpm:          1760.0
      baseline_rpm:      1775.0
      speed_ratio:       1775.0/1760.0 = 1.008523
      scaled_flow:  ['9.40', '618.38', '804.28', '958.65', '1001.56', '1033.70', '1196.78', '1521.60', '1619.57', '1707.02', '1796.54']
      scaled_head:  ['77.45', '68.96', '67.37', '64.69', '63.58', '62.96', '58.50', '46.47', '41.88', '37.71', '32.76']
      scaled_power: ['9.7583', '16.2076', '18.3199', '19.7153', '20.0490', '20.2672', '21.1938', '21.7139', '21.5325', '21.2530', '20.8007']
    [FINAL] plotted_flow:  [9.40 → 1796.54]
    [FINAL] plotted_head:  [77.45 → 32.76]
    [FINAL] plotted_power: [9.7583 → 20.8007]
    [FINAL] plotted_eff:   [1.88 → 71.33]

  ── [LOAD+SCALE] 99272089320010A1P ──
    trim=8.8000, stages=4, rpm=1760.0, filing='Fig1. To 0.03125'
    columns: ['curve_no', 'flow', 'speed', 'power_in', 'power_bowl_motor', 'power_bowl_dyno', 'power_pump_motor', 'power_pump_dyno', 'tdh_bowl', 'tdh_pump', 'eff_bowl_motor', 'eff_bowl_dyno', 'eff_pump_motor', 'eff_pump_dyno', 'eff_overall', 'npsha']
    rows: 10
    flow: 10 pts
      values: ['0.00', '579.43', '795.13', '969.29', '1005.45', '1038.56', '1163.36', '1541.21', '1612.06', '1786.20']
    head ('tdh_bowl'): 10 pts
      values: ['321.95', '288.51', '281.75', '269.13', '265.76', '262.53', '249.09', '193.94', '181.65', '146.48']
    power ('power_bowl_dyno'): all zero/negative — trying fallback
    power FALLBACK ('power_bowl_motor'): 10 pts
      values: ['44.8784', '67.6599', '78.0699', '84.8869', '86.0098', '87.0930', '90.1524', '94.5854', '94.4955', '92.6663']
    efficiency ('eff_bowl_motor'): 10 pts
      values: ['0.00', '62.28', '72.34', '77.47', '78.32', '78.92', '81.03', '79.66', '78.12', '71.17']
    [STAGE NORM] 4-stage → dividing head & power by 4
      head BEFORE: ['321.95', '288.51', '281.75', '269.13', '265.76', '262.53', '249.09', '193.94', '181.65', '146.48']
      head AFTER:  ['80.49', '72.13', '70.44', '67.28', '66.44', '65.63', '62.27', '48.49', '45.41', '36.62']
      power BEFORE: ['44.8784', '67.6599', '78.0699', '84.8869', '86.0098', '87.0930', '90.1524', '94.5854', '94.4955', '92.6663']
      power AFTER:  ['11.2196', '16.9150', '19.5175', '21.2217', '21.5024', '21.7732', '22.5381', '23.6463', '23.6239', '23.1666']
    [AFFINITY]
      test_diameter:     8.8000
      baseline_diameter: 8.6425
      dia_ratio:         8.6425/8.8000 = 0.982102
      test_rpm:          1760.0
      baseline_rpm:      1775.0
      speed_ratio:       1775.0/1760.0 = 1.008523
      scaled_flow:  ['0.00', '573.91', '787.55', '960.05', '995.87', '1028.67', '1152.27', '1526.53', '1596.70', '1769.18']
      scaled_head:  ['78.96', '70.76', '69.10', '66.01', '65.18', '64.39', '61.09', '47.57', '44.55', '35.92']
      scaled_power: ['10.9020', '16.4361', '18.9649', '20.6209', '20.8937', '21.1568', '21.9000', '22.9769', '22.9550', '22.5107']
    [FINAL] plotted_flow:  [0.00 → 1769.18]
    [FINAL] plotted_head:  [78.96 → 35.92]
    [FINAL] plotted_power: [10.9020 → 22.5107]
    [FINAL] plotted_eff:   [0.00 → 71.17]

  ── [LOAD+SCALE] 99272113430010A1P ──
    trim=8.7600, stages=9, rpm=1760.0, filing='Fig1. To 0.03125'
    columns: ['curve_no', 'flow', 'speed', 'power_in', 'power_bowl_motor', 'power_bowl_dyno', 'power_pump_motor', 'power_pump_dyno', 'tdh_bowl', 'tdh_pump', 'eff_bowl_motor', 'eff_bowl_dyno', 'eff_pump_motor', 'eff_pump_dyno', 'eff_overall', 'npsha']
    rows: 10
    flow: 10 pts
      values: ['0.08', '635.06', '834.22', '972.11', '987.48', '1018.69', '1188.31', '1515.19', '1621.95', '1746.94']
    head ('tdh_bowl'): 10 pts
      values: ['719.83', '637.72', '619.32', '595.41', '593.04', '585.19', '545.57', '434.59', '394.52', '342.58']
    power ('power_bowl_dyno'): all zero/negative — trying fallback
    power FALLBACK ('power_bowl_motor'): 10 pts
      values: ['98.7722', '157.6655', '178.5084', '190.1197', '190.7756', '193.5772', '202.8140', '209.8111', '209.0052', '205.8889']
    efficiency ('eff_bowl_motor'): 10 pts
      values: ['0.01', '64.75', '72.96', '76.75', '77.38', '77.63', '80.58', '79.12', '77.18', '73.28']
    [STAGE NORM] 9-stage → dividing head & power by 9
      head BEFORE: ['719.83', '637.72', '619.32', '595.41', '593.04', '585.19', '545.57', '434.59', '394.52', '342.58']
      head AFTER:  ['79.98', '70.86', '68.81', '66.16', '65.89', '65.02', '60.62', '48.29', '43.84', '38.06']
      power BEFORE: ['98.7722', '157.6655', '178.5084', '190.1197', '190.7756', '193.5772', '202.8140', '209.8111', '209.0052', '205.8889']
      power AFTER:  ['10.9747', '17.5184', '19.8343', '21.1244', '21.1973', '21.5086', '22.5349', '23.3123', '23.2228', '22.8765']
    [AFFINITY]
      test_diameter:     8.7600
      baseline_diameter: 8.6425
      dia_ratio:         8.6425/8.7600 = 0.986587
      test_rpm:          1760.0
      baseline_rpm:      1775.0
      speed_ratio:       1775.0/1760.0 = 1.008523
      scaled_flow:  ['0.08', '631.88', '830.05', '967.25', '982.54', '1013.60', '1182.36', '1507.61', '1613.83', '1738.20']
      scaled_head:  ['79.18', '70.15', '68.13', '65.50', '65.24', '64.37', '60.01', '47.81', '43.40', '37.68']
      scaled_power: ['10.8107', '17.2567', '19.5380', '20.8088', '20.8806', '21.1872', '22.1982', '22.9641', '22.8759', '22.5348']
    [FINAL] plotted_flow:  [0.08 → 1738.20]
    [FINAL] plotted_head:  [79.18 → 37.68]
    [FINAL] plotted_power: [10.8107 → 22.5348]
    [FINAL] plotted_eff:   [0.01 → 73.28]

  ── [LOAD+SCALE] 99272118030010A1P ──
    trim=8.6600, stages=5, rpm=1760.0, filing='Fig1. To 0.03125'
    columns: ['curve_no', 'flow', 'speed', 'power_in', 'power_bowl_motor', 'power_bowl_dyno', 'power_pump_motor', 'power_pump_dyno', 'tdh_bowl', 'tdh_pump', 'eff_bowl_motor', 'eff_bowl_dyno', 'eff_pump_motor', 'eff_pump_dyno', 'eff_overall', 'npsha']
    rows: 10
    flow: 10 pts
      values: ['0.23', '595.81', '809.34', '961.14', '999.99', '1029.50', '1202.66', '1512.56', '1605.92', '1695.82']
    head ('tdh_bowl'): 10 pts
      values: ['381.00', '343.49', '331.26', '314.71', '309.32', '305.13', '279.17', '221.78', '201.75', '179.87']
    power ('power_bowl_dyno'): all zero/negative — trying fallback
    power FALLBACK ('power_bowl_motor'): 10 pts
      values: ['50.6816', '80.8336', '91.6525', '97.4283', '98.7032', '99.5875', '103.4180', '105.8533', '105.0474', '103.2788']
    efficiency ('eff_bowl_motor'): 10 pts
      values: ['0.04', '63.82', '73.74', '78.27', '79.00', '79.52', '81.84', '79.89', '77.75', '74.45']
    [STAGE NORM] 5-stage → dividing head & power by 5
      head BEFORE: ['381.00', '343.49', '331.26', '314.71', '309.32', '305.13', '279.17', '221.78', '201.75', '179.87']
      head AFTER:  ['76.20', '68.70', '66.25', '62.94', '61.86', '61.03', '55.83', '44.36', '40.35', '35.97']
      power BEFORE: ['50.6816', '80.8336', '91.6525', '97.4283', '98.7032', '99.5875', '103.4180', '105.8533', '105.0474', '103.2788']
      power AFTER:  ['10.1363', '16.1667', '18.3305', '19.4857', '19.7406', '19.9175', '20.6836', '21.1707', '21.0095', '20.6558']
    [AFFINITY]
      test_diameter:     8.6600
      baseline_diameter: 8.6425
      dia_ratio:         8.6425/8.6600 = 0.997979
      test_rpm:          1760.0
      baseline_rpm:      1775.0
      speed_ratio:       1775.0/1760.0 = 1.008523
      scaled_flow:  ['0.23', '599.67', '814.59', '967.37', '1006.47', '1036.18', '1210.46', '1522.36', '1616.34', '1706.81']
      scaled_head:  ['77.19', '69.59', '67.11', '63.76', '62.67', '61.82', '56.56', '44.93', '40.87', '36.44']
      scaled_power: ['10.3348', '16.4833', '18.6894', '19.8672', '20.1272', '20.3075', '21.0886', '21.5852', '21.4209', '21.0602']
    [FINAL] plotted_flow:  [0.23 → 1706.81]
    [FINAL] plotted_head:  [77.19 → 36.44]
    [FINAL] plotted_power: [10.3348 → 21.0602]
    [FINAL] plotted_eff:   [0.04 → 74.45]

  ── [LOAD+SCALE] 99272113430010B1P ──
    trim=8.7600, stages=9, rpm=1760.0, filing='Fig1. To 0.03125'
    columns: ['curve_no', 'flow', 'speed', 'power_in', 'power_bowl_motor', 'power_bowl_dyno', 'power_pump_motor', 'power_pump_dyno', 'tdh_bowl', 'tdh_pump', 'eff_bowl_motor', 'eff_bowl_dyno', 'eff_pump_motor', 'eff_pump_dyno', 'eff_overall', 'npsha']
    rows: 10
    flow: 10 pts
      values: ['13.78', '635.59', '790.13', '965.85', '1002.69', '1029.53', '1190.97', '1494.77', '1740.34', '1843.91']
    head ('tdh_bowl'): 10 pts
      values: ['726.85', '635.26', '621.85', '592.87', '585.06', '578.58', '537.70', '437.42', '336.78', '282.61']
    power ('power_bowl_dyno'): all zero/negative — trying fallback
    power FALLBACK ('power_bowl_motor'): 10 pts
      values: ['102.9573', '157.1519', '173.5997', '188.6577', '191.1684', '193.3430', '201.8035', '207.1726', '203.3570', '197.4319']
    efficiency ('eff_bowl_motor'): 10 pts
      values: ['2.45', '64.77', '71.35', '76.52', '77.36', '77.66', '79.99', '79.56', '72.66', '66.54']
    [STAGE NORM] 9-stage → dividing head & power by 9
      head BEFORE: ['726.85', '635.26', '621.85', '592.87', '585.06', '578.58', '537.70', '437.42', '336.78', '282.61']
      head AFTER:  ['80.76', '70.58', '69.09', '65.87', '65.01', '64.29', '59.74', '48.60', '37.42', '31.40']
      power BEFORE: ['102.9573', '157.1519', '173.5997', '188.6577', '191.1684', '193.3430', '201.8035', '207.1726', '203.3570', '197.4319']
      power AFTER:  ['11.4397', '17.4613', '19.2889', '20.9620', '21.2409', '21.4826', '22.4226', '23.0192', '22.5952', '21.9369']
    [AFFINITY]
      test_diameter:     8.7600
      baseline_diameter: 8.6425
      dia_ratio:         8.6425/8.7600 = 0.986587
      test_rpm:          1760.0
      baseline_rpm:      1775.0
      speed_ratio:       1775.0/1760.0 = 1.008523
      scaled_flow:  ['13.71', '632.41', '786.18', '961.02', '997.67', '1024.37', '1185.00', '1487.29', '1731.63', '1834.69']
      scaled_head:  ['79.95', '69.88', '68.40', '65.22', '64.36', '63.64', '59.15', '48.12', '37.05', '31.09']
      scaled_power: ['11.2688', '17.2005', '19.0007', '20.6488', '20.9236', '21.1616', '22.0876', '22.6753', '22.2577', '21.6091']
    [FINAL] plotted_flow:  [13.71 → 1834.69]
    [FINAL] plotted_head:  [79.95 → 31.09]
    [FINAL] plotted_power: [11.2688 → 21.6091]
    [FINAL] plotted_eff:   [2.45 → 66.54]

  ── [LOAD+SCALE] 99272125290010A1P ──
    trim=8.6600, stages=4, rpm=1760.0, filing='Fig1. To 0.03125'
    columns: ['curve_no', 'flow', 'speed', 'power_in', 'power_bowl_motor', 'power_bowl_dyno', 'power_pump_motor', 'power_pump_dyno', 'tdh_bowl', 'tdh_pump', 'eff_bowl_motor', 'eff_bowl_dyno', 'eff_pump_motor', 'eff_pump_dyno', 'eff_overall', 'npsha']
    rows: 10
    flow: 10 pts
      values: ['4.46', '598.61', '805.98', '975.23', '998.33', '1027.88', '1198.23', '1498.24', '1598.71', '1698.43']
    head ('tdh_bowl'): 10 pts
      values: ['307.17', '272.42', '262.65', '247.83', '245.68', '242.50', '222.24', '176.13', '156.95', '135.89']
    power ('power_bowl_dyno'): all zero/negative — trying fallback
    power FALLBACK ('power_bowl_motor'): 10 pts
      values: ['38.7823', '62.7862', '71.5450', '77.1429', '77.7409', '78.6054', '81.5104', '83.1162', '82.2749', '80.7833']
    efficiency ('eff_bowl_motor'): 10 pts
      values: ['0.89', '65.47', '74.59', '78.98', '79.53', '79.94', '82.36', '80.03', '76.88', '72.02']
    [STAGE NORM] 4-stage → dividing head & power by 4
      head BEFORE: ['307.17', '272.42', '262.65', '247.83', '245.68', '242.50', '222.24', '176.13', '156.95', '135.89']
      head AFTER:  ['76.79', '68.10', '65.66', '61.96', '61.42', '60.62', '55.56', '44.03', '39.24', '33.97']
      power BEFORE: ['38.7823', '62.7862', '71.5450', '77.1429', '77.7409', '78.6054', '81.5104', '83.1162', '82.2749', '80.7833']
      power AFTER:  ['9.6956', '15.6965', '17.8863', '19.2857', '19.4352', '19.6514', '20.3776', '20.7790', '20.5687', '20.1958']
    [AFFINITY]
      test_diameter:     8.6600
      baseline_diameter: 8.6425
      dia_ratio:         8.6425/8.6600 = 0.997979
      test_rpm:          1760.0
      baseline_rpm:      1775.0
      speed_ratio:       1775.0/1760.0 = 1.008523
      scaled_flow:  ['4.49', '602.50', '811.20', '981.55', '1004.80', '1034.55', '1206.00', '1507.95', '1609.07', '1709.45']
      scaled_head:  ['77.79', '68.99', '66.52', '62.76', '62.22', '61.41', '56.28', '44.60', '39.75', '34.41']
      scaled_power: ['9.8854', '16.0039', '18.2365', '19.6634', '19.8158', '20.0361', '20.7766', '21.1859', '20.9715', '20.5913']
    [FINAL] plotted_flow:  [4.49 → 1709.45]
    [FINAL] plotted_head:  [77.79 → 34.41]
    [FINAL] plotted_power: [9.8854 → 20.5913]
    [FINAL] plotted_eff:   [0.89 → 72.02]

  ── [LOAD+SCALE] 99272133080010A1P ──
    trim=8.6200, stages=4, rpm=1760.0, filing='Fig1. To 0.03125'
    columns: ['curve_no', 'flow', 'speed', 'power_in', 'power_bowl_motor', 'power_bowl_dyno', 'power_pump_motor', 'power_pump_dyno', 'tdh_bowl', 'tdh_pump', 'eff_bowl_motor', 'eff_bowl_dyno', 'eff_pump_motor', 'eff_pump_dyno', 'eff_overall', 'npsha']
    rows: 10
    flow: 10 pts
      values: ['3.92', '587.94', '799.94', '956.41', '1002.00', '1026.55', '1196.36', '1514.73', '1590.83', '1702.00']
    head ('tdh_bowl'): 10 pts
      values: ['306.18', '275.95', '267.53', '254.19', '249.93', '246.87', '227.78', '178.22', '164.23', '142.11']
    power ('power_bowl_dyno'): all zero/negative — trying fallback
    power FALLBACK ('power_bowl_motor'): 10 pts
      values: ['39.9331', '63.7420', '72.4748', '77.8354', '79.1653', '79.7696', '83.1292', '84.9913', '84.3914', '82.6266']
    efficiency ('eff_bowl_motor'): 10 pts
      values: ['0.76', '64.16', '74.44', '78.74', '79.74', '80.09', '82.64', '80.07', '78.04', '73.79']
    [STAGE NORM] 4-stage → dividing head & power by 4
      head BEFORE: ['306.18', '275.95', '267.53', '254.19', '249.93', '246.87', '227.78', '178.22', '164.23', '142.11']
      head AFTER:  ['76.54', '68.99', '66.88', '63.55', '62.48', '61.72', '56.94', '44.55', '41.06', '35.53']
      power BEFORE: ['39.9331', '63.7420', '72.4748', '77.8354', '79.1653', '79.7696', '83.1292', '84.9913', '84.3914', '82.6266']
      power AFTER:  ['9.9833', '15.9355', '18.1187', '19.4588', '19.7913', '19.9424', '20.7823', '21.2478', '21.0979', '20.6567']
    [AFFINITY]
      test_diameter:     8.6200
      baseline_diameter: 8.6425
      dia_ratio:         8.6425/8.6200 = 1.002610
      test_rpm:          1760.0
      baseline_rpm:      1775.0
      speed_ratio:       1775.0/1760.0 = 1.008523
      scaled_flow:  ['3.96', '594.50', '808.86', '967.08', '1013.18', '1038.00', '1209.71', '1531.63', '1608.58', '1720.99']
      scaled_head:  ['78.26', '70.53', '68.38', '64.97', '63.88', '63.10', '58.22', '45.55', '41.98', '36.32']
      scaled_power: ['10.3211', '16.4748', '18.7318', '20.1173', '20.4611', '20.6173', '21.4856', '21.9669', '21.8118', '21.3557']
    [FINAL] plotted_flow:  [3.96 → 1720.99]
    [FINAL] plotted_head:  [78.26 → 36.32]
    [FINAL] plotted_power: [10.3211 → 21.3557]
    [FINAL] plotted_eff:   [0.76 → 73.79]

  ── [LOAD+SCALE] 99272126520010A1P ──
    trim=8.6600, stages=4, rpm=1760.0, filing='Fig1. To 0.03125'
    columns: ['curve_no', 'flow', 'speed', 'power_in', 'power_bowl_motor', 'power_bowl_dyno', 'power_pump_motor', 'power_pump_dyno', 'tdh_bowl', 'tdh_pump', 'eff_bowl_motor', 'eff_bowl_dyno', 'eff_pump_motor', 'eff_pump_dyno', 'eff_overall', 'npsha']
    rows: 12
    flow: 12 pts
      values: ['16.63', '581.90', '793.53', '949.48', '954.13', '1007.91', '1043.02', '1211.55', '1507.97', '1607.71', '1698.60', '1803.17']
    head ('tdh_bowl'): 12 pts
      values: ['311.82', '273.24', '264.81', '252.58', '252.33', '247.29', '243.81', '223.37', '177.51', '157.83', '139.40', '115.29']
    power ('power_bowl_dyno'): all zero/negative — trying fallback
    power FALLBACK ('power_bowl_motor'): 12 pts
      values: ['40.4668', '61.7743', '71.4787', '77.0899', '77.1338', '78.6836', '79.6316', '82.8858', '84.3158', '83.0702', '81.8404', '79.5202']
    efficiency ('eff_bowl_motor'): 12 pts
      values: ['3.23', '64.88', '74.11', '78.42', '78.68', '79.85', '80.50', '82.31', '80.03', '77.00', '72.93', '65.90']
    [STAGE NORM] 4-stage → dividing head & power by 4
      head BEFORE: ['311.82', '273.24', '264.81', '252.58', '252.33', '247.29', '243.81', '223.37', '177.51', '157.83', '139.40', '115.29']
      head AFTER:  ['77.95', '68.31', '66.20', '63.14', '63.08', '61.82', '60.95', '55.84', '44.38', '39.46', '34.85', '28.82']
      power BEFORE: ['40.4668', '61.7743', '71.4787', '77.0899', '77.1338', '78.6836', '79.6316', '82.8858', '84.3158', '83.0702', '81.8404', '79.5202']
      power AFTER:  ['10.1167', '15.4436', '17.8697', '19.2725', '19.2835', '19.6709', '19.9079', '20.7214', '21.0790', '20.7675', '20.4601', '19.8801']
    [AFFINITY]
      test_diameter:     8.6600
      baseline_diameter: 8.6425
      dia_ratio:         8.6425/8.6600 = 0.997979
      test_rpm:          1760.0
      baseline_rpm:      1775.0
      speed_ratio:       1775.0/1760.0 = 1.008523
      scaled_flow:  ['16.73', '585.67', '798.67', '955.64', '960.31', '1014.44', '1049.79', '1219.40', '1517.74', '1618.14', '1709.62', '1814.87']
      scaled_head:  ['78.97', '69.20', '67.06', '63.97', '63.90', '62.63', '61.75', '56.57', '44.96', '39.97', '35.30', '29.20']
      scaled_power: ['10.3148', '15.7460', '18.2196', '19.6498', '19.6610', '20.0561', '20.2977', '21.1272', '21.4917', '21.1742', '20.8607', '20.2693']
    [FINAL] plotted_flow:  [16.73 → 1814.87]
    [FINAL] plotted_head:  [78.97 → 29.20]
    [FINAL] plotted_power: [10.3148 → 20.2693]
    [FINAL] plotted_eff:   [3.23 → 65.90]

  ── [LOAD+SCALE] 99272149470010A1P ──
    trim=8.5800, stages=6, rpm=1760.0, filing='Fig1. To 0.03125'
    columns: ['curve_no', 'flow', 'speed', 'power_in', 'power_bowl_motor', 'power_bowl_dyno', 'power_pump_motor', 'power_pump_dyno', 'tdh_bowl', 'tdh_pump', 'eff_bowl_motor', 'eff_bowl_dyno', 'eff_pump_motor', 'eff_pump_dyno', 'eff_overall', 'npsha']
    rows: 10
    flow: 10 pts
      values: ['4.52', '629.48', '800.12', '973.63', '1002.70', '1024.69', '1205.14', '1515.26', '1592.43', '1643.14']
    head ('tdh_bowl'): 10 pts
      values: ['449.82', '406.40', '393.54', '371.14', '366.57', '362.67', '330.69', '260.53', '239.71', '224.49']
    power ('power_bowl_dyno'): all zero/negative — trying fallback
    power FALLBACK ('power_bowl_motor'): 10 pts
      values: ['58.3638', '96.7328', '106.2046', '113.9292', '114.7885', '115.5909', '119.6680', '122.2573', '121.1300', '119.8295']
    efficiency ('eff_bowl_motor'): 10 pts
      values: ['0.88', '66.67', '74.74', '79.96', '80.72', '81.05', '83.95', '81.40', '79.44', '77.60']
    [STAGE NORM] 6-stage → dividing head & power by 6
      head BEFORE: ['449.82', '406.40', '393.54', '371.14', '366.57', '362.67', '330.69', '260.53', '239.71', '224.49']
      head AFTER:  ['74.97', '67.73', '65.59', '61.86', '61.09', '60.45', '55.11', '43.42', '39.95', '37.42']
      power BEFORE: ['58.3638', '96.7328', '106.2046', '113.9292', '114.7885', '115.5909', '119.6680', '122.2573', '121.1300', '119.8295']
      power AFTER:  ['9.7273', '16.1221', '17.7008', '18.9882', '19.1314', '19.2651', '19.9447', '20.3762', '20.1883', '19.9716']
    [AFFINITY]
      test_diameter:     8.5800
      baseline_diameter: 8.6425
      dia_ratio:         8.6425/8.5800 = 1.007284
      test_rpm:          1760.0
      baseline_rpm:      1775.0
      speed_ratio:       1775.0/1760.0 = 1.008523
      scaled_flow:  ['4.60', '639.47', '812.82', '989.08', '1018.61', '1040.95', '1224.26', '1539.31', '1617.70', '1669.22']
      scaled_head:  ['77.37', '69.90', '67.69', '63.84', '63.05', '62.38', '56.88', '44.81', '41.23', '38.61']
      scaled_power: ['10.1978', '16.9019', '18.5569', '19.9066', '20.0567', '20.1969', '20.9093', '21.3618', '21.1648', '20.9376']
    [FINAL] plotted_flow:  [4.60 → 1669.22]
    [FINAL] plotted_head:  [77.37 → 38.61]
    [FINAL] plotted_power: [10.1978 → 20.9376]
    [FINAL] plotted_eff:   [0.88 → 77.60]

  ── [LOAD+SCALE] 99272160560010A1P ──
    trim=8.6900, stages=1, rpm=1785.0, filing='Fig1. To 0.03125'
    columns: ['curve_no', 'flow', 'speed', 'power_in', 'power_bowl_motor', 'power_bowl_dyno', 'power_pump_motor', 'power_pump_dyno', 'tdh_bowl', 'tdh_pump', 'eff_bowl_motor', 'eff_bowl_dyno', 'eff_pump_motor', 'eff_pump_dyno', 'eff_overall', 'npsha']
    rows: 9
    flow: 9 pts
      values: ['0.00', '478.15', '940.07', '1146.39', '1188.02', '1221.43', '1420.06', '1594.33', '1719.98']
    head ('tdh_bowl'): 9 pts
      values: ['81.57', '73.26', '67.51', '63.12', '61.72', '60.61', '53.05', '45.05', '38.22']
    power ('power_bowl_dyno'): all zero/negative — trying fallback
    power FALLBACK ('power_bowl_motor'): 9 pts
      values: ['11.7174', '16.2184', '21.9906', '23.7953', '24.1388', '24.3682', '25.1595', '25.3140', '24.8878']
    efficiency ('eff_bowl_motor'): 9 pts
      values: ['0.00', '54.52', '72.85', '76.76', '76.69', '76.69', '75.59', '71.63', '66.69']
    [STAGE NORM] single-stage — no division
    [AFFINITY]
      test_diameter:     8.6900
      baseline_diameter: 8.6425
      dia_ratio:         8.6425/8.6900 = 0.994534
      test_rpm:          1785.0
      baseline_rpm:      1775.0
      speed_ratio:       1775.0/1785.0 = 0.994398
      scaled_flow:  ['0.00', '472.87', '929.69', '1133.74', '1174.90', '1207.95', '1404.39', '1576.73', '1700.99']
      scaled_head:  ['79.78', '71.65', '66.03', '61.73', '60.37', '59.28', '51.89', '44.06', '37.38']
      scaled_power: ['11.3336', '15.6872', '21.2704', '23.0160', '23.3483', '23.5701', '24.3356', '24.4850', '24.0728']
    [FINAL] plotted_flow:  [0.00 → 1700.99]
    [FINAL] plotted_head:  [79.78 → 37.38]
    [FINAL] plotted_power: [11.3336 → 24.0728]
    [FINAL] plotted_eff:   [0.00 → 66.69]

  ── [LOAD+SCALE] 99272162430010A1P ──
    trim=8.6600, stages=4, rpm=1760.0, filing='Fig1. To 0.03125'
    columns: ['curve_no', 'flow', 'speed', 'power_in', 'power_bowl_motor', 'power_bowl_dyno', 'power_pump_motor', 'power_pump_dyno', 'tdh_bowl', 'tdh_pump', 'eff_bowl_motor', 'eff_bowl_dyno', 'eff_pump_motor', 'eff_pump_dyno', 'eff_overall', 'npsha']
    rows: 11
    flow: 11 pts
      values: ['0.00', '596.62', '808.13', '968.60', '998.96', '1035.50', '1187.98', '1372.35', '1503.87', '1625.23', '1711.26']
    head ('tdh_bowl'): 11 pts
      values: ['298.92', '274.13', '267.30', '255.46', '252.62', '249.36', '234.02', '208.21', '187.38', '166.19', '148.02']
    power ('power_bowl_dyno'): all zero/negative — trying fallback
    power FALLBACK ('power_bowl_motor'): 11 pts
      values: ['36.4124', '62.2584', '71.7570', '77.3343', '78.1850', '79.0921', '82.3536', '84.8360', '85.4884', '84.7743', '82.9958']
    efficiency ('eff_bowl_motor'): 11 pts
      values: ['0.00', '66.22', '75.89', '80.66', '81.37', '82.30', '85.10', '84.91', '83.10', '80.32', '76.94']
    [STAGE NORM] 4-stage → dividing head & power by 4
      head BEFORE: ['298.92', '274.13', '267.30', '255.46', '252.62', '249.36', '234.02', '208.21', '187.38', '166.19', '148.02']
      head AFTER:  ['74.73', '68.53', '66.82', '63.86', '63.15', '62.34', '58.51', '52.05', '46.85', '41.55', '37.00']
      power BEFORE: ['36.4124', '62.2584', '71.7570', '77.3343', '78.1850', '79.0921', '82.3536', '84.8360', '85.4884', '84.7743', '82.9958']
      power AFTER:  ['9.1031', '15.5646', '17.9393', '19.3336', '19.5463', '19.7730', '20.5884', '21.2090', '21.3721', '21.1936', '20.7490']
    [AFFINITY]
      test_diameter:     8.6600
      baseline_diameter: 8.6425
      dia_ratio:         8.6425/8.6600 = 0.997979
      test_rpm:          1760.0
      baseline_rpm:      1775.0
      speed_ratio:       1775.0/1760.0 = 1.008523
      scaled_flow:  ['0.00', '600.49', '813.37', '974.88', '1005.44', '1042.21', '1195.69', '1381.25', '1513.62', '1635.77', '1722.36']
      scaled_head:  ['75.70', '69.42', '67.69', '64.70', '63.98', '63.15', '59.27', '52.73', '47.45', '42.09', '37.49']
      scaled_power: ['9.2813', '15.8694', '18.2905', '19.7121', '19.9290', '20.1602', '20.9915', '21.6243', '21.7906', '21.6086', '21.1552']
    [FINAL] plotted_flow:  [0.00 → 1722.36]
    [FINAL] plotted_head:  [75.70 → 37.49]
    [FINAL] plotted_power: [9.2813 → 21.1552]
    [FINAL] plotted_eff:   [0.00 → 76.94]

  ── [LOAD+SCALE] 99272178420010A1P ──
    trim=8.6000, stages=6, rpm=1760.0, filing='Fig1. To 0.03125'
    columns: ['curve_no', 'flow', 'speed', 'power_in', 'power_bowl_motor', 'power_bowl_dyno', 'power_pump_motor', 'power_pump_dyno', 'tdh_bowl', 'tdh_pump', 'eff_bowl_motor', 'eff_bowl_dyno', 'eff_pump_motor', 'eff_pump_dyno', 'eff_overall', 'npsha']
    rows: 11
    flow: 11 pts
      values: ['0.00', '599.66', '798.40', '978.98', '1005.23', '1037.37', '1198.17', '1404.36', '1497.22', '1610.24', '1673.82']
    head ('tdh_bowl'): 11 pts
      values: ['459.05', '407.33', '394.57', '373.15', '369.40', '363.98', '333.29', '290.97', '268.17', '234.12', '213.34']
    power ('power_bowl_dyno'): all zero/negative — trying fallback
    power FALLBACK ('power_bowl_motor'): 11 pts
      values: ['58.6339', '93.1034', '105.6171', '114.1860', '115.2648', '116.4653', '120.3547', '122.8394', '122.7126', '120.7199', '119.0654']
    efficiency ('eff_bowl_motor'): 11 pts
      values: ['0.00', '66.14', '75.19', '80.65', '81.21', '81.73', '83.64', '83.86', '82.48', '78.72', '75.61']
    [STAGE NORM] 6-stage → dividing head & power by 6
      head BEFORE: ['459.05', '407.33', '394.57', '373.15', '369.40', '363.98', '333.29', '290.97', '268.17', '234.12', '213.34']
      head AFTER:  ['76.51', '67.89', '65.76', '62.19', '61.57', '60.66', '55.55', '48.49', '44.70', '39.02', '35.56']
      power BEFORE: ['58.6339', '93.1034', '105.6171', '114.1860', '115.2648', '116.4653', '120.3547', '122.8394', '122.7126', '120.7199', '119.0654']
      power AFTER:  ['9.7723', '15.5172', '17.6028', '19.0310', '19.2108', '19.4109', '20.0591', '20.4732', '20.4521', '20.1200', '19.8442']
    [AFFINITY]
      test_diameter:     8.6000
      baseline_diameter: 8.6425
      dia_ratio:         8.6425/8.6000 = 1.004942
      test_rpm:          1760.0
      baseline_rpm:      1775.0
      speed_ratio:       1775.0/1760.0 = 1.008523
      scaled_flow:  ['0.00', '607.76', '809.18', '992.20', '1018.81', '1051.38', '1214.35', '1423.33', '1517.44', '1631.99', '1696.43']
      scaled_head:  ['78.59', '69.73', '67.55', '63.88', '63.24', '62.31', '57.06', '49.81', '45.91', '40.08', '36.52']
      scaled_power: ['10.1737', '16.1545', '18.3258', '19.8126', '19.9998', '20.2081', '20.8829', '21.3141', '21.2921', '20.9463', '20.6592']
    [FINAL] plotted_flow:  [0.00 → 1696.43]
    [FINAL] plotted_head:  [78.59 → 36.52]
    [FINAL] plotted_power: [10.1737 → 20.6592]
    [FINAL] plotted_eff:   [0.00 → 75.61]

  ── [LOAD+SCALE] 99272196350010A1P ──
    trim=8.6200, stages=2, rpm=1760.0, filing='Fig1. To 0.03125'
    columns: ['curve_no', 'flow', 'speed', 'power_in', 'power_bowl_motor', 'power_bowl_dyno', 'power_pump_motor', 'power_pump_dyno', 'tdh_bowl', 'tdh_pump', 'eff_bowl_motor', 'eff_bowl_dyno', 'eff_pump_motor', 'eff_pump_dyno', 'eff_overall', 'npsha']
    rows: 11
    flow: 11 pts
      values: ['0.00', '590.04', '810.07', '967.78', '986.93', '1011.39', '1165.17', '1418.38', '1521.78', '1582.54', '1723.66']
    head ('tdh_bowl'): 11 pts
      values: ['154.79', '136.58', '131.85', '124.98', '124.45', '122.84', '114.45', '95.43', '85.86', '79.11', '63.71']
    power ('power_bowl_dyno'): all zero/negative — trying fallback
    power FALLBACK ('power_bowl_motor'): 11 pts
      values: ['18.9185', '30.4653', '35.7177', '38.5300', '38.7587', '39.1487', '40.9547', '42.0718', '41.9767', '41.5160', '40.4806']
    efficiency ('eff_bowl_motor'): 11 pts
      values: ['0.00', '66.68', '75.38', '79.14', '79.88', '80.00', '82.08', '81.10', '78.46', '76.02', '68.38']
    [STAGE NORM] 2-stage → dividing head & power by 2
      head BEFORE: ['154.79', '136.58', '131.85', '124.98', '124.45', '122.84', '114.45', '95.43', '85.86', '79.11', '63.71']
      head AFTER:  ['77.40', '68.29', '65.93', '62.49', '62.22', '61.42', '57.22', '47.71', '42.93', '39.56', '31.85']
      power BEFORE: ['18.9185', '30.4653', '35.7177', '38.5300', '38.7587', '39.1487', '40.9547', '42.0718', '41.9767', '41.5160', '40.4806']
      power AFTER:  ['9.4592', '15.2326', '17.8589', '19.2650', '19.3793', '19.5744', '20.4773', '21.0359', '20.9884', '20.7580', '20.2403']
    [AFFINITY]
      test_diameter:     8.6200
      baseline_diameter: 8.6425
      dia_ratio:         8.6425/8.6200 = 1.002610
      test_rpm:          1760.0
      baseline_rpm:      1775.0
      speed_ratio:       1775.0/1760.0 = 1.008523
      scaled_flow:  ['0.00', '596.63', '819.11', '978.58', '997.94', '1022.67', '1178.17', '1434.20', '1538.75', '1600.20', '1742.89']
      scaled_head:  ['79.13', '69.82', '67.40', '63.89', '63.62', '62.80', '58.51', '48.78', '43.89', '40.44', '32.57']
      scaled_power: ['9.7793', '15.7481', '18.4632', '19.9169', '20.0352', '20.2368', '21.1703', '21.7478', '21.6986', '21.4605', '20.9252']
    [FINAL] plotted_flow:  [0.00 → 1742.89]
    [FINAL] plotted_head:  [79.13 → 32.57]
    [FINAL] plotted_power: [9.7793 → 20.9252]
    [FINAL] plotted_eff:   [0.00 → 68.38]

  ── [LOAD+SCALE] 99272201090010A1P ──
    trim=8.7000, stages=5, rpm=1760.0, filing='Fig1. To 0.03125'
    columns: ['curve_no', 'flow', 'speed', 'power_in', 'power_bowl_motor', 'power_bowl_dyno', 'power_pump_motor', 'power_pump_dyno', 'tdh_bowl', 'tdh_pump', 'eff_bowl_motor', 'eff_bowl_dyno', 'eff_pump_motor', 'eff_pump_dyno', 'eff_overall', 'npsha']
    rows: 12
    flow: 12 pts
      values: ['0.00', '604.47', '824.73', '952.11', '978.22', '995.90', '1045.11', '1208.12', '1514.36', '1610.92', '1713.08', '1803.31']
    head ('tdh_bowl'): 12 pts
      values: ['397.33', '345.02', '333.34', '319.93', '316.80', '314.80', '308.76', '284.32', '222.56', '198.09', '170.63', '144.94']
    power ('power_bowl_dyno'): all zero/negative — trying fallback
    power FALLBACK ('power_bowl_motor'): 12 pts
      values: ['52.9433', '80.0779', '92.5543', '98.4168', '99.3266', '99.9797', '101.6581', '105.6709', '107.1190', '105.8292', '104.2406', '101.8056']
    efficiency ('eff_bowl_motor'): 12 pts
      values: ['0.00', '65.65', '74.88', '78.02', '78.65', '79.05', '80.02', '81.94', '79.32', '76.01', '70.69', '64.72']
    [STAGE NORM] 5-stage → dividing head & power by 5
      head BEFORE: ['397.33', '345.02', '333.34', '319.93', '316.80', '314.80', '308.76', '284.32', '222.56', '198.09', '170.63', '144.94']
      head AFTER:  ['79.47', '69.00', '66.67', '63.99', '63.36', '62.96', '61.75', '56.86', '44.51', '39.62', '34.13', '28.99']
      power BEFORE: ['52.9433', '80.0779', '92.5543', '98.4168', '99.3266', '99.9797', '101.6581', '105.6709', '107.1190', '105.8292', '104.2406', '101.8056']
      power AFTER:  ['10.5887', '16.0156', '18.5109', '19.6834', '19.8653', '19.9959', '20.3316', '21.1342', '21.4238', '21.1658', '20.8481', '20.3611']
    [AFFINITY]
      test_diameter:     8.7000
      baseline_diameter: 8.6425
      dia_ratio:         8.6425/8.7000 = 0.993391
      test_rpm:          1760.0
      baseline_rpm:      1775.0
      speed_ratio:       1775.0/1760.0 = 1.008523
      scaled_flow:  ['0.00', '605.59', '826.26', '953.88', '980.03', '997.75', '1047.06', '1210.37', '1517.17', '1613.91', '1716.26', '1806.66']
      scaled_head:  ['79.76', '69.26', '66.92', '64.22', '63.60', '63.19', '61.98', '57.07', '44.68', '39.76', '34.25', '29.10']
      scaled_power: ['10.6478', '16.1050', '18.6142', '19.7932', '19.9762', '20.1076', '20.4451', '21.2522', '21.5434', '21.2840', '20.9645', '20.4748']
    [FINAL] plotted_flow:  [0.00 → 1806.66]
    [FINAL] plotted_head:  [79.76 → 29.10]
    [FINAL] plotted_power: [10.6478 → 20.4748]
    [FINAL] plotted_eff:   [0.00 → 64.72]

  ── [LOAD+SCALE] 99272165710010A1P ──
    trim=8.7600, stages=10, rpm=1760.0, filing='Fig1. To 0.03125'
    columns: ['curve_no', 'flow', 'speed', 'power_in', 'power_bowl_motor', 'power_bowl_dyno', 'power_pump_motor', 'power_pump_dyno', 'tdh_bowl', 'tdh_pump', 'eff_bowl_motor', 'eff_bowl_dyno', 'eff_pump_motor', 'eff_pump_dyno', 'eff_overall', 'npsha']
    rows: 11
    flow: 11 pts
      values: ['0.00', '608.61', '791.76', '974.47', '997.83', '1036.79', '1228.71', '1395.48', '1503.58', '1615.19', '1718.67']
    head ('tdh_bowl'): 11 pts
      values: ['785.23', '692.68', '674.40', '639.00', '633.20', '622.95', '565.34', '501.53', '451.57', '398.29', '341.89']
    power ('power_bowl_dyno'): all zero/negative — trying fallback
    power FALLBACK ('power_bowl_motor'): 11 pts
      values: ['103.7480', '166.1014', '188.6529', '205.6805', '207.6690', '210.5618', '219.7747', '222.5564', '221.0647', '218.3417', '213.9146']
    efficiency ('eff_bowl_motor'): 11 pts
      values: ['0.00', '63.98', '71.35', '76.32', '76.70', '77.32', '79.68', '79.27', '77.43', '74.27', '69.25']
    [STAGE NORM] 10-stage → dividing head & power by 10
      head BEFORE: ['785.23', '692.68', '674.40', '639.00', '633.20', '622.95', '565.34', '501.53', '451.57', '398.29', '341.89']
      head AFTER:  ['78.52', '69.27', '67.44', '63.90', '63.32', '62.29', '56.53', '50.15', '45.16', '39.83', '34.19']
      power BEFORE: ['103.7480', '166.1014', '188.6529', '205.6805', '207.6690', '210.5618', '219.7747', '222.5564', '221.0647', '218.3417', '213.9146']
      power AFTER:  ['10.3748', '16.6101', '18.8653', '20.5681', '20.7669', '21.0562', '21.9775', '22.2556', '22.1065', '21.8342', '21.3915']
    [AFFINITY]
      test_diameter:     8.7600
      baseline_diameter: 8.6425
      dia_ratio:         8.6425/8.7600 = 0.986587
      test_rpm:          1760.0
      baseline_rpm:      1775.0
      speed_ratio:       1775.0/1760.0 = 1.008523
      scaled_flow:  ['0.00', '605.56', '787.80', '969.60', '992.83', '1031.60', '1222.56', '1388.49', '1496.06', '1607.10', '1710.07']
      scaled_head:  ['77.74', '68.58', '66.77', '63.26', '62.69', '61.67', '55.97', '49.65', '44.71', '39.43', '33.85']
      scaled_power: ['10.2198', '16.3620', '18.5835', '20.2608', '20.4567', '20.7416', '21.6491', '21.9232', '21.7762', '21.5080', '21.0719']
    [FINAL] plotted_flow:  [0.00 → 1710.07]
    [FINAL] plotted_head:  [77.74 → 33.85]
    [FINAL] plotted_power: [10.2198 → 21.0719]
    [FINAL] plotted_eff:   [0.00 → 69.25]

  ── [LOAD+SCALE] 99272212100010A1P ──
    trim=8.6600, stages=4, rpm=1760.0, filing='Fig1. To 0.03125'
    columns: ['curve_no', 'flow', 'speed', 'power_in', 'power_bowl_motor', 'power_bowl_dyno', 'power_pump_motor', 'power_pump_dyno', 'tdh_bowl', 'tdh_pump', 'eff_bowl_motor', 'eff_bowl_dyno', 'eff_pump_motor', 'eff_pump_dyno', 'eff_overall', 'npsha']
    rows: 12
    flow: 12 pts
      values: ['0.00', '401.10', '609.01', '799.50', '975.43', '1000.31', '1020.69', '1174.58', '1351.53', '1515.76', '1621.12', '1713.18']
    head ('tdh_bowl'): 12 pts
      values: ['307.90', '279.10', '271.03', '262.56', '247.11', '244.95', '242.92', '224.12', '194.32', '163.98', '142.20', '119.99']
    power ('power_bowl_dyno'): all zero/negative — trying fallback
    power FALLBACK ('power_bowl_motor'): 12 pts
      values: ['38.8116', '52.7536', '62.4929', '70.6872', '76.6078', '77.2771', '77.8759', '80.8282', '82.4160', '81.9232', '80.4317', '78.6479']
    efficiency ('eff_bowl_motor'): 12 pts
      values: ['0.00', '53.49', '66.58', '74.86', '79.32', '79.93', '80.26', '82.10', '80.33', '76.49', '72.25', '65.89']
    [STAGE NORM] 4-stage → dividing head & power by 4
      head BEFORE: ['307.90', '279.10', '271.03', '262.56', '247.11', '244.95', '242.92', '224.12', '194.32', '163.98', '142.20', '119.99']
      head AFTER:  ['76.98', '69.77', '67.76', '65.64', '61.78', '61.24', '60.73', '56.03', '48.58', '41.00', '35.55', '30.00']
      power BEFORE: ['38.8116', '52.7536', '62.4929', '70.6872', '76.6078', '77.2771', '77.8759', '80.8282', '82.4160', '81.9232', '80.4317', '78.6479']
      power AFTER:  ['9.7029', '13.1884', '15.6232', '17.6718', '19.1520', '19.3193', '19.4690', '20.2070', '20.6040', '20.4808', '20.1079', '19.6620']
    [AFFINITY]
      test_diameter:     8.6600
      baseline_diameter: 8.6425
      dia_ratio:         8.6425/8.6600 = 0.997979
      test_rpm:          1760.0
      baseline_rpm:      1775.0
      speed_ratio:       1775.0/1760.0 = 1.008523
      scaled_flow:  ['0.00', '403.70', '612.96', '804.69', '981.76', '1006.80', '1027.31', '1182.20', '1360.30', '1525.59', '1631.64', '1724.29']
      scaled_head:  ['77.98', '70.68', '68.64', '66.49', '62.58', '62.03', '61.52', '56.76', '49.21', '41.53', '36.01', '30.39']
      scaled_power: ['9.8929', '13.4466', '15.9291', '18.0178', '19.5270', '19.6976', '19.8502', '20.6027', '21.0074', '20.8818', '20.5017', '20.0470']
    [FINAL] plotted_flow:  [0.00 → 1724.29]
    [FINAL] plotted_head:  [77.98 → 30.39]
    [FINAL] plotted_power: [9.8929 → 20.0470]
    [FINAL] plotted_eff:   [0.00 → 65.89]

  ── [LOAD+SCALE] 99272198520010A1P ──
    trim=8.6600, stages=4, rpm=1760.0, filing='Fig1. To 0.03125'
    columns: ['curve_no', 'flow', 'speed', 'power_in', 'power_bowl_motor', 'power_bowl_dyno', 'power_pump_motor', 'power_pump_dyno', 'tdh_bowl', 'tdh_pump', 'eff_bowl_motor', 'eff_bowl_dyno', 'eff_pump_motor', 'eff_pump_dyno', 'eff_overall', 'npsha']
    rows: 13
    flow: 13 pts
      values: ['0.00', '375.94', '595.53', '798.21', '968.77', '1004.36', '1044.02', '1190.61', '1375.83', '1504.30', '1618.10', '1695.03', '1765.47']
    head ('tdh_bowl'): 13 pts
      values: ['313.52', '282.79', '271.64', '262.23', '246.21', '242.06', '237.06', '216.36', '183.39', '158.93', '135.12', '114.53', '95.96']
    power ('power_bowl_dyno'): all zero/negative — trying fallback
    power FALLBACK ('power_bowl_motor'): 13 pts
      values: ['40.3005', '52.7535', '62.7576', '71.9592', '77.9902', '79.0004', '80.0284', '82.8688', '84.2163', '84.2259', '82.7448', '81.4388', '79.9448']
    efficiency ('eff_bowl_motor'): 13 pts
      values: ['0.00', '50.80', '64.98', '73.33', '77.10', '77.58', '77.96', '78.36', '75.52', '71.56', '66.61', '60.09', '53.42']
    [STAGE NORM] 4-stage → dividing head & power by 4
      head BEFORE: ['313.52', '282.79', '271.64', '262.23', '246.21', '242.06', '237.06', '216.36', '183.39', '158.93', '135.12', '114.53', '95.96']
      head AFTER:  ['78.38', '70.70', '67.91', '65.56', '61.55', '60.51', '59.27', '54.09', '45.85', '39.73', '33.78', '28.63', '23.99']
      power BEFORE: ['40.3005', '52.7535', '62.7576', '71.9592', '77.9902', '79.0004', '80.0284', '82.8688', '84.2163', '84.2259', '82.7448', '81.4388', '79.9448']
      power AFTER:  ['10.0751', '13.1884', '15.6894', '17.9898', '19.4976', '19.7501', '20.0071', '20.7172', '21.0541', '21.0565', '20.6862', '20.3597', '19.9862']
    [AFFINITY]
      test_diameter:     8.6600
      baseline_diameter: 8.6425
      dia_ratio:         8.6425/8.6600 = 0.997979
      test_rpm:          1760.0
      baseline_rpm:      1775.0
      speed_ratio:       1775.0/1760.0 = 1.008523
      scaled_flow:  ['0.00', '378.38', '599.40', '803.38', '975.05', '1010.88', '1050.79', '1198.33', '1384.75', '1514.06', '1628.60', '1706.02', '1776.92']
      scaled_head:  ['79.40', '71.62', '68.79', '66.41', '62.35', '61.30', '60.04', '54.79', '46.44', '40.25', '34.22', '29.00', '24.30']
      scaled_power: ['10.2724', '13.4466', '15.9966', '18.3421', '19.8793', '20.1368', '20.3988', '21.1228', '21.4663', '21.4688', '21.0912', '20.7584', '20.3775']
    [FINAL] plotted_flow:  [0.00 → 1776.92]
    [FINAL] plotted_head:  [79.40 → 24.30]
    [FINAL] plotted_power: [10.2724 → 20.3775]
    [FINAL] plotted_eff:   [0.00 → 53.42]

  ── [LOAD+SCALE] 99272205420010A1P ──
    trim=8.6600, stages=4, rpm=1760.0, filing='Fig1. To 0.03125'
    columns: ['curve_no', 'flow', 'speed', 'power_in', 'power_bowl_motor', 'power_bowl_dyno', 'power_pump_motor', 'power_pump_dyno', 'tdh_bowl', 'tdh_pump', 'eff_bowl_motor', 'eff_bowl_dyno', 'eff_pump_motor', 'eff_pump_dyno', 'eff_overall', 'npsha']
    rows: 12
    flow: 12 pts
      values: ['0.00', '581.77', '797.41', '968.28', '1006.60', '1044.04', '1193.91', '1358.80', '1499.72', '1511.78', '1598.74', '1693.39']
    head ('tdh_bowl'): 12 pts
      values: ['299.71', '268.28', '260.12', '246.38', '242.63', '238.83', '221.50', '197.95', '173.05', '170.63', '153.17', '131.24']
    power ('power_bowl_dyno'): all zero/negative — trying fallback
    power FALLBACK ('power_bowl_motor'): 12 pts
      values: ['37.7558', '61.1355', '70.7652', '76.6598', '77.7628', '78.6760', '81.6924', '83.2608', '82.8657', '82.7909', '81.7151', '79.9674']
    efficiency ('eff_bowl_motor'): 12 pts
      values: ['0.00', '64.36', '73.89', '78.45', '79.17', '79.89', '81.61', '81.44', '78.95', '78.54', '75.54', '70.06']
    [STAGE NORM] 4-stage → dividing head & power by 4
      head BEFORE: ['299.71', '268.28', '260.12', '246.38', '242.63', '238.83', '221.50', '197.95', '173.05', '170.63', '153.17', '131.24']
      head AFTER:  ['74.93', '67.07', '65.03', '61.60', '60.66', '59.71', '55.38', '49.49', '43.26', '42.66', '38.29', '32.81']
      power BEFORE: ['37.7558', '61.1355', '70.7652', '76.6598', '77.7628', '78.6760', '81.6924', '83.2608', '82.8657', '82.7909', '81.7151', '79.9674']
      power AFTER:  ['9.4389', '15.2839', '17.6913', '19.1649', '19.4407', '19.6690', '20.4231', '20.8152', '20.7164', '20.6977', '20.4288', '19.9919']
    [AFFINITY]
      test_diameter:     8.6600
      baseline_diameter: 8.6425
      dia_ratio:         8.6425/8.6600 = 0.997979
      test_rpm:          1760.0
      baseline_rpm:      1775.0
      speed_ratio:       1775.0/1760.0 = 1.008523
      scaled_flow:  ['0.00', '585.55', '802.58', '974.56', '1013.13', '1050.81', '1201.65', '1367.61', '1509.44', '1521.58', '1609.10', '1704.37']
      scaled_head:  ['75.90', '67.94', '65.88', '62.40', '61.45', '60.48', '56.10', '50.13', '43.82', '43.21', '38.79', '33.24']
      scaled_power: ['9.6238', '15.5832', '18.0377', '19.5402', '19.8214', '20.0541', '20.8230', '21.2228', '21.1221', '21.1030', '20.8288', '20.3833']
    [FINAL] plotted_flow:  [0.00 → 1704.37]
    [FINAL] plotted_head:  [75.90 → 33.24]
    [FINAL] plotted_power: [9.6238 → 20.3833]
    [FINAL] plotted_eff:   [0.00 → 70.06]

  ── [LOAD+SCALE] 99272213380010A1P ──
    trim=8.7600, stages=5, rpm=1760.0, filing='Fig1. To 0.03125'
    columns: ['curve_no', 'flow', 'speed', 'power_in', 'power_bowl_motor', 'power_bowl_dyno', 'power_pump_motor', 'power_pump_dyno', 'tdh_bowl', 'tdh_pump', 'eff_bowl_motor', 'eff_bowl_dyno', 'eff_pump_motor', 'eff_pump_dyno', 'eff_overall', 'npsha']
    rows: 11
    flow: 11 pts
      values: ['0.00', '592.11', '797.34', '975.96', '999.53', '1029.75', '1208.65', '1339.50', '1503.30', '1601.49', '1753.55']
    head ('tdh_bowl'): 11 pts
      values: ['398.69', '347.96', '337.76', '319.09', '316.42', '312.46', '285.62', '262.94', '224.24', '201.75', '157.07']
    power ('power_bowl_dyno'): all zero/negative — trying fallback
    power FALLBACK ('power_bowl_motor'): 11 pts
      values: ['53.6111', '80.6820', '92.7833', '101.0917', '101.9199', '102.9278', '107.6718', '109.4138', '109.3722', '108.4164', '105.4555']
    efficiency ('eff_bowl_motor'): 11 pts
      values: ['0.00', '64.37', '73.17', '77.66', '78.23', '78.80', '80.82', '81.15', '77.70', '75.13', '65.84']
    [STAGE NORM] 5-stage → dividing head & power by 5
      head BEFORE: ['398.69', '347.96', '337.76', '319.09', '316.42', '312.46', '285.62', '262.94', '224.24', '201.75', '157.07']
      head AFTER:  ['79.74', '69.59', '67.55', '63.82', '63.28', '62.49', '57.12', '52.59', '44.85', '40.35', '31.41']
      power BEFORE: ['53.6111', '80.6820', '92.7833', '101.0917', '101.9199', '102.9278', '107.6718', '109.4138', '109.3722', '108.4164', '105.4555']
      power AFTER:  ['10.7222', '16.1364', '18.5567', '20.2183', '20.3840', '20.5856', '21.5344', '21.8828', '21.8744', '21.6833', '21.0911']
    [AFFINITY]
      test_diameter:     8.7600
      baseline_diameter: 8.6425
      dia_ratio:         8.6425/8.7600 = 0.986587
      test_rpm:          1760.0
      baseline_rpm:      1775.0
      speed_ratio:       1775.0/1760.0 = 1.008523
      scaled_flow:  ['0.00', '589.14', '793.35', '971.08', '994.53', '1024.60', '1202.60', '1332.79', '1495.77', '1593.47', '1744.77']
      scaled_head:  ['78.94', '68.90', '66.88', '63.18', '62.65', '61.87', '56.55', '52.06', '44.40', '39.95', '31.10']
      scaled_power: ['10.5620', '15.8953', '18.2794', '19.9163', '20.0795', '20.2780', '21.2126', '21.5558', '21.5476', '21.3593', '20.7760']
    [FINAL] plotted_flow:  [0.00 → 1744.77]
    [FINAL] plotted_head:  [78.94 → 31.10]
    [FINAL] plotted_power: [10.5620 → 20.7760]
    [FINAL] plotted_eff:   [0.00 → 65.84]

  ── [LOAD+SCALE] 99272213380010B1P ──
    trim=8.7600, stages=5, rpm=1760.0, filing='Fig1. To 0.03125'
    columns: ['curve_no', 'flow', 'speed', 'power_in', 'power_bowl_motor', 'power_bowl_dyno', 'power_pump_motor', 'power_pump_dyno', 'tdh_bowl', 'tdh_pump', 'eff_bowl_motor', 'eff_bowl_dyno', 'eff_pump_motor', 'eff_pump_dyno', 'eff_overall', 'npsha']
    rows: 11
    flow: 11 pts
      values: ['0.00', '607.74', '805.13', '966.69', '1006.75', '1029.62', '1255.15', '1343.24', '1495.09', '1578.21', '1738.25']
    head ('tdh_bowl'): 11 pts
      values: ['396.61', '348.80', '338.38', '320.89', '316.12', '312.89', '276.96', '260.94', '222.65', '202.37', '154.07']
    power ('power_bowl_dyno'): all zero/negative — trying fallback
    power FALLBACK ('power_bowl_motor'): 11 pts
      values: ['52.0597', '81.8500', '93.5486', '101.2410', '102.7557', '103.5128', '109.3950', '110.4046', '110.5642', '109.7217', '107.3598']
    efficiency ('eff_bowl_motor'): 11 pts
      values: ['0.00', '65.29', '73.41', '77.24', '78.08', '78.46', '80.11', '80.03', '75.90', '73.38', '62.89']
    [STAGE NORM] 5-stage → dividing head & power by 5
      head BEFORE: ['396.61', '348.80', '338.38', '320.89', '316.12', '312.89', '276.96', '260.94', '222.65', '202.37', '154.07']
      head AFTER:  ['79.32', '69.76', '67.68', '64.18', '63.22', '62.58', '55.39', '52.19', '44.53', '40.47', '30.81']
      power BEFORE: ['52.0597', '81.8500', '93.5486', '101.2410', '102.7557', '103.5128', '109.3950', '110.4046', '110.5642', '109.7217', '107.3598']
      power AFTER:  ['10.4119', '16.3700', '18.7097', '20.2482', '20.5511', '20.7026', '21.8790', '22.0809', '22.1128', '21.9443', '21.4720']
    [AFFINITY]
      test_diameter:     8.7600
      baseline_diameter: 8.6425
      dia_ratio:         8.6425/8.7600 = 0.986587
      test_rpm:          1760.0
      baseline_rpm:      1775.0
      speed_ratio:       1775.0/1760.0 = 1.008523
      scaled_flow:  ['0.00', '604.70', '801.10', '961.85', '1001.71', '1024.47', '1248.87', '1336.51', '1487.61', '1570.31', '1729.55']
      scaled_head:  ['78.53', '69.06', '67.00', '63.54', '62.59', '61.95', '54.84', '51.67', '44.08', '40.07', '30.51']
      scaled_power: ['10.2564', '16.1254', '18.4302', '19.9457', '20.2441', '20.3933', '21.5521', '21.7510', '21.7825', '21.6165', '21.1512']
    [FINAL] plotted_flow:  [0.00 → 1729.55]
    [FINAL] plotted_head:  [78.53 → 30.51]
    [FINAL] plotted_power: [10.2564 → 21.1512]
    [FINAL] plotted_eff:   [0.00 → 62.89]

  ── [LOAD+SCALE] 99272214760040A1P ──
    trim=8.7600, stages=5, rpm=1760.0, filing='Fig1. To 0.03125'
    columns: ['curve_no', 'flow', 'speed', 'power_in', 'power_bowl_motor', 'power_bowl_dyno', 'power_pump_motor', 'power_pump_dyno', 'tdh_bowl', 'tdh_pump', 'eff_bowl_motor', 'eff_bowl_dyno', 'eff_pump_motor', 'eff_pump_dyno', 'eff_overall', 'npsha']
    rows: 12
    flow: 12 pts
      values: ['0.00', '589.78', '810.50', '967.93', '1004.08', '1038.56', '1202.48', '1387.88', '1497.38', '1587.39', '1712.90', '1799.15']
    head ('tdh_bowl'): 12 pts
      values: ['397.45', '348.21', '337.86', '321.64', '317.20', '313.08', '288.61', '253.82', '229.40', '205.51', '174.50', '148.54']
    power ('power_bowl_dyno'): all zero/negative — trying fallback
    power FALLBACK ('power_bowl_motor'): 12 pts
      values: ['52.2603', '80.2121', '93.2708', '100.6274', '102.1298', '103.4286', '107.5063', '110.1254', '110.0021', '108.9498', '107.2834', '105.5348']
    efficiency ('eff_bowl_motor'): 12 pts
      values: ['0.00', '64.54', '74.01', '77.99', '78.62', '79.25', '81.38', '80.64', '78.72', '75.48', '70.24', '63.84']
    [STAGE NORM] 5-stage → dividing head & power by 5
      head BEFORE: ['397.45', '348.21', '337.86', '321.64', '317.20', '313.08', '288.61', '253.82', '229.40', '205.51', '174.50', '148.54']
      head AFTER:  ['79.49', '69.64', '67.57', '64.33', '63.44', '62.62', '57.72', '50.76', '45.88', '41.10', '34.90', '29.71']
      power BEFORE: ['52.2603', '80.2121', '93.2708', '100.6274', '102.1298', '103.4286', '107.5063', '110.1254', '110.0021', '108.9498', '107.2834', '105.5348']
      power AFTER:  ['10.4521', '16.0424', '18.6542', '20.1255', '20.4260', '20.6857', '21.5013', '22.0251', '22.0004', '21.7900', '21.4567', '21.1070']
    [AFFINITY]
      test_diameter:     8.7600
      baseline_diameter: 8.6425
      dia_ratio:         8.6425/8.7600 = 0.986587
      test_rpm:          1760.0
      baseline_rpm:      1775.0
      speed_ratio:       1775.0/1760.0 = 1.008523
      scaled_flow:  ['0.00', '586.83', '806.45', '963.09', '999.05', '1033.37', '1196.46', '1380.93', '1489.89', '1579.45', '1704.33', '1790.15']
      scaled_head:  ['78.70', '68.95', '66.90', '63.69', '62.81', '61.99', '57.15', '50.26', '45.42', '40.69', '34.55', '29.41']
      scaled_power: ['10.2959', '15.8028', '18.3755', '19.8248', '20.1208', '20.3767', '21.1800', '21.6960', '21.6718', '21.4644', '21.1361', '20.7916']
    [FINAL] plotted_flow:  [0.00 → 1790.15]
    [FINAL] plotted_head:  [78.70 → 29.41]
    [FINAL] plotted_power: [10.2959 → 20.7916]
    [FINAL] plotted_eff:   [0.00 → 63.84]

  ── [LOAD+SCALE] 99272230180010A1P ──
    trim=8.7200, stages=5, rpm=1760.0, filing='Fig1. To 0.03125'
    columns: ['curve_no', 'flow', 'speed', 'power_in', 'power_bowl_motor', 'power_bowl_dyno', 'power_pump_motor', 'power_pump_dyno', 'tdh_bowl', 'tdh_pump', 'eff_bowl_motor', 'eff_bowl_dyno', 'eff_pump_motor', 'eff_pump_dyno', 'eff_overall', 'npsha']
    rows: 11
    flow: 11 pts
      values: ['0.00', '592.30', '812.09', '963.49', '1007.38', '1037.82', '1214.90', '1347.63', '1514.47', '1627.05', '1737.64']
    head ('tdh_bowl'): 11 pts
      values: ['387.02', '344.86', '333.94', '317.72', '312.25', '308.17', '280.87', '254.70', '217.53', '188.02', '157.96']
    power ('power_bowl_dyno'): all zero/negative — trying fallback
    power FALLBACK ('power_bowl_motor'): 11 pts
      values: ['49.1348', '79.0557', '91.7320', '98.5688', '100.1050', '101.1227', '105.4659', '107.0081', '106.7240', '105.0032', '102.8312']
    efficiency ('eff_bowl_motor'): 11 pts
      values: ['0.00', '65.13', '74.52', '78.29', '79.21', '79.73', '81.56', '80.86', '77.82', '73.45', '67.29']
    [STAGE NORM] 5-stage → dividing head & power by 5
      head BEFORE: ['387.02', '344.86', '333.94', '317.72', '312.25', '308.17', '280.87', '254.70', '217.53', '188.02', '157.96']
      head AFTER:  ['77.40', '68.97', '66.79', '63.54', '62.45', '61.63', '56.17', '50.94', '43.51', '37.60', '31.59']
      power BEFORE: ['49.1348', '79.0557', '91.7320', '98.5688', '100.1050', '101.1227', '105.4659', '107.0081', '106.7240', '105.0032', '102.8312']
      power AFTER:  ['9.8270', '15.8111', '18.3464', '19.7138', '20.0210', '20.2245', '21.0932', '21.4016', '21.3448', '21.0006', '20.5662']
    [AFFINITY]
      test_diameter:     8.7200
      baseline_diameter: 8.6425
      dia_ratio:         8.6425/8.7200 = 0.991112
      test_rpm:          1760.0
      baseline_rpm:      1775.0
      speed_ratio:       1775.0/1760.0 = 1.008523
      scaled_flow:  ['0.00', '592.04', '811.73', '963.06', '1006.93', '1037.36', '1214.37', '1347.04', '1513.81', '1626.33', '1736.87']
      scaled_head:  ['77.34', '68.91', '66.73', '63.49', '62.39', '61.58', '56.12', '50.90', '43.47', '37.57', '31.56']
      scaled_power: ['9.8140', '15.7902', '18.3222', '19.6877', '19.9946', '20.1978', '21.0653', '21.3733', '21.3166', '20.9729', '20.5391']
    [FINAL] plotted_flow:  [0.00 → 1736.87]
    [FINAL] plotted_head:  [77.34 → 31.56]
    [FINAL] plotted_power: [9.8140 → 20.5391]
    [FINAL] plotted_eff:   [0.00 → 67.29]

  ── [LOAD+SCALE] 99272230330010A1P ──
    trim=8.7200, stages=5, rpm=1760.0, filing='Fig1. To 0.03125'
    columns: ['curve_no', 'flow', 'speed', 'power_in', 'power_bowl_motor', 'power_bowl_dyno', 'power_pump_motor', 'power_pump_dyno', 'tdh_bowl', 'tdh_pump', 'eff_bowl_motor', 'eff_bowl_dyno', 'eff_pump_motor', 'eff_pump_dyno', 'eff_overall', 'npsha']
    rows: 11
    flow: 11 pts
      values: ['0.00', '586.49', '817.24', '956.75', '998.81', '1038.62', '1218.18', '1337.71', '1503.61', '1628.25', '1736.17']
    head ('tdh_bowl'): 11 pts
      values: ['387.78', '344.66', '333.34', '318.27', '313.67', '308.25', '280.70', '259.87', '220.37', '189.59', '157.64']
    power ('power_bowl_dyno'): all zero/negative — trying fallback
    power FALLBACK ('power_bowl_motor'): 11 pts
      values: ['50.0117', '78.8815', '92.1829', '98.5069', '100.1085', '101.4355', '105.6779', '107.1798', '106.7550', '104.9718', '102.5535']
    efficiency ('eff_bowl_motor'): 11 pts
      values: ['0.00', '64.60', '74.50', '77.93', '78.89', '79.56', '81.57', '81.76', '78.24', '74.14', '67.27']
    [STAGE NORM] 5-stage → dividing head & power by 5
      head BEFORE: ['387.78', '344.66', '333.34', '318.27', '313.67', '308.25', '280.70', '259.87', '220.37', '189.59', '157.64']
      head AFTER:  ['77.56', '68.93', '66.67', '63.65', '62.73', '61.65', '56.14', '51.97', '44.07', '37.92', '31.53']
      power BEFORE: ['50.0117', '78.8815', '92.1829', '98.5069', '100.1085', '101.4355', '105.6779', '107.1798', '106.7550', '104.9718', '102.5535']
      power AFTER:  ['10.0023', '15.7763', '18.4366', '19.7014', '20.0217', '20.2871', '21.1356', '21.4360', '21.3510', '20.9944', '20.5107']
    [AFFINITY]
      test_diameter:     8.7200
      baseline_diameter: 8.6425
      dia_ratio:         8.6425/8.7200 = 0.991112
      test_rpm:          1760.0
      baseline_rpm:      1775.0
      speed_ratio:       1775.0/1760.0 = 1.008523
      scaled_flow:  ['0.00', '586.23', '816.88', '956.33', '998.37', '1038.16', '1217.64', '1337.12', '1502.95', '1627.54', '1735.40']
      scaled_head:  ['77.49', '68.87', '66.61', '63.60', '62.68', '61.60', '56.09', '51.93', '44.03', '37.89', '31.50']
      scaled_power: ['9.9891', '15.7555', '18.4122', '19.6753', '19.9953', '20.2603', '21.1077', '21.4076', '21.3228', '20.9666', '20.4836']
    [FINAL] plotted_flow:  [0.00 → 1735.40]
    [FINAL] plotted_head:  [77.49 → 31.50]
    [FINAL] plotted_power: [9.9891 → 20.4836]
    [FINAL] plotted_eff:   [0.00 → 67.27]

  ── [LOAD+SCALE] 99272230190010A1P ──
    trim=8.7200, stages=5, rpm=1760.0, filing='Fig1. To 0.03125'
    columns: ['curve_no', 'flow', 'speed', 'power_in', 'power_bowl_motor', 'power_bowl_dyno', 'power_pump_motor', 'power_pump_dyno', 'tdh_bowl', 'tdh_pump', 'eff_bowl_motor', 'eff_bowl_dyno', 'eff_pump_motor', 'eff_pump_dyno', 'eff_overall', 'npsha']
    rows: 11
    flow: 11 pts
      values: ['0.00', '593.96', '814.47', '967.68', '995.48', '1036.74', '1212.52', '1333.82', '1516.20', '1625.47', '1724.75']
    head ('tdh_bowl'): 11 pts
      values: ['386.64', '343.89', '332.45', '315.89', '312.08', '306.66', '280.10', '258.20', '213.37', '185.80', '155.83']
    power ('power_bowl_dyno'): all zero/negative — trying fallback
    power FALLBACK ('power_bowl_motor'): 11 pts
      values: ['48.7334', '78.9460', '91.8600', '98.5346', '99.5711', '100.9776', '105.2202', '106.5601', '105.8969', '104.2757', '102.2499']
    efficiency ('eff_bowl_motor'): 11 pts
      values: ['0.00', '65.22', '74.31', '78.21', '78.65', '79.37', '81.37', '81.47', '77.01', '73.01', '66.26']
    [STAGE NORM] 5-stage → dividing head & power by 5
      head BEFORE: ['386.64', '343.89', '332.45', '315.89', '312.08', '306.66', '280.10', '258.20', '213.37', '185.80', '155.83']
      head AFTER:  ['77.33', '68.78', '66.49', '63.18', '62.42', '61.33', '56.02', '51.64', '42.67', '37.16', '31.17']
      power BEFORE: ['48.7334', '78.9460', '91.8600', '98.5346', '99.5711', '100.9776', '105.2202', '106.5601', '105.8969', '104.2757', '102.2499']
      power AFTER:  ['9.7467', '15.7892', '18.3720', '19.7069', '19.9142', '20.1955', '21.0440', '21.3120', '21.1794', '20.8551', '20.4500']
    [AFFINITY]
      test_diameter:     8.7200
      baseline_diameter: 8.6425
      dia_ratio:         8.6425/8.7200 = 0.991112
      test_rpm:          1760.0
      baseline_rpm:      1775.0
      speed_ratio:       1775.0/1760.0 = 1.008523
      scaled_flow:  ['0.00', '593.70', '814.11', '967.26', '995.04', '1036.29', '1211.99', '1333.24', '1515.53', '1624.75', '1723.99']
      scaled_head:  ['77.26', '68.72', '66.43', '63.12', '62.36', '61.28', '55.97', '51.59', '42.64', '37.13', '31.14']
      scaled_power: ['9.7338', '15.7683', '18.3477', '19.6809', '19.8879', '20.1688', '21.0162', '21.2839', '21.1514', '20.8276', '20.4230']
    [FINAL] plotted_flow:  [0.00 → 1723.99]
    [FINAL] plotted_head:  [77.26 → 31.14]
    [FINAL] plotted_power: [9.7338 → 20.4230]
    [FINAL] plotted_eff:   [0.00 → 66.26]

  ── [LOAD+SCALE] 99272232080010A1P ──
    trim=8.7200, stages=5, rpm=1760.0, filing='Fig1. To 0.03125'
    columns: ['curve_no', 'flow', 'speed', 'power_in', 'power_bowl_motor', 'power_bowl_dyno', 'power_pump_motor', 'power_pump_dyno', 'tdh_bowl', 'tdh_pump', 'eff_bowl_motor', 'eff_bowl_dyno', 'eff_pump_motor', 'eff_pump_dyno', 'eff_overall', 'npsha']
    rows: 11
    flow: 11 pts
      values: ['0.00', '593.49', '814.41', '981.74', '1002.79', '1018.18', '1193.25', '1381.83', '1502.54', '1598.56', '1692.07']
    head ('tdh_bowl'): 11 pts
      values: ['385.09', '344.72', '333.75', '315.74', '312.73', '310.82', '283.91', '245.46', '219.85', '194.71', '169.65']
    power ('power_bowl_dyno'): all zero/negative — trying fallback
    power FALLBACK ('power_bowl_motor'): 11 pts
      values: ['48.6613', '79.2260', '91.8752', '99.1941', '100.0736', '100.4388', '104.9737', '106.7585', '106.3311', '105.1715', '103.6665']
    efficiency ('eff_bowl_motor'): 11 pts
      values: ['0.00', '65.10', '74.58', '78.78', '79.00', '79.43', '81.35', '80.09', '78.31', '74.60', '69.81']
    [STAGE NORM] 5-stage → dividing head & power by 5
      head BEFORE: ['385.09', '344.72', '333.75', '315.74', '312.73', '310.82', '283.91', '245.46', '219.85', '194.71', '169.65']
      head AFTER:  ['77.02', '68.94', '66.75', '63.15', '62.55', '62.16', '56.78', '49.09', '43.97', '38.94', '33.93']
      power BEFORE: ['48.6613', '79.2260', '91.8752', '99.1941', '100.0736', '100.4388', '104.9737', '106.7585', '106.3311', '105.1715', '103.6665']
      power AFTER:  ['9.7323', '15.8452', '18.3750', '19.8388', '20.0147', '20.0878', '20.9947', '21.3517', '21.2662', '21.0343', '20.7333']
    [AFFINITY]
      test_diameter:     8.7200
      baseline_diameter: 8.6425
      dia_ratio:         8.6425/8.7200 = 0.991112
      test_rpm:          1760.0
      baseline_rpm:      1775.0
      speed_ratio:       1775.0/1760.0 = 1.008523
      scaled_flow:  ['0.00', '593.23', '814.05', '981.31', '1002.35', '1017.73', '1192.73', '1381.22', '1501.88', '1597.86', '1691.33']
      scaled_head:  ['76.95', '68.88', '66.69', '63.09', '62.49', '62.11', '56.73', '49.05', '43.93', '38.91', '33.90']
      scaled_power: ['9.7194', '15.8243', '18.3508', '19.8126', '19.9883', '20.0612', '20.9670', '21.3235', '21.2381', '21.0065', '20.7059']
    [FINAL] plotted_flow:  [0.00 → 1691.33]
    [FINAL] plotted_head:  [76.95 → 33.90]
    [FINAL] plotted_power: [9.7194 → 20.7059]
    [FINAL] plotted_eff:   [0.00 → 69.81]

  ── [LOAD+SCALE] 99272232080010A1P ──
    trim=8.7200, stages=5, rpm=1760.0, filing='Fig1. To 0.03125'
    columns: ['curve_no', 'flow', 'speed', 'power_in', 'power_bowl_motor', 'power_bowl_dyno', 'power_pump_motor', 'power_pump_dyno', 'tdh_bowl', 'tdh_pump', 'eff_bowl_motor', 'eff_bowl_dyno', 'eff_pump_motor', 'eff_pump_dyno', 'eff_overall', 'npsha']
    rows: 11
    flow: 11 pts
      values: ['0.00', '593.49', '814.41', '981.74', '1002.79', '1018.18', '1193.25', '1381.83', '1502.54', '1598.56', '1692.07']
    head ('tdh_bowl'): 11 pts
      values: ['385.09', '344.72', '333.75', '315.74', '312.73', '310.82', '283.91', '245.46', '219.85', '194.71', '169.65']
    power ('power_bowl_dyno'): all zero/negative — trying fallback
    power FALLBACK ('power_bowl_motor'): 11 pts
      values: ['48.6613', '79.2260', '91.8752', '99.1941', '100.0736', '100.4388', '104.9737', '106.7585', '106.3311', '105.1715', '103.6665']
    efficiency ('eff_bowl_motor'): 11 pts
      values: ['0.00', '65.10', '74.58', '78.78', '79.00', '79.43', '81.35', '80.09', '78.31', '74.60', '69.81']
    [STAGE NORM] 5-stage → dividing head & power by 5
      head BEFORE: ['385.09', '344.72', '333.75', '315.74', '312.73', '310.82', '283.91', '245.46', '219.85', '194.71', '169.65']
      head AFTER:  ['77.02', '68.94', '66.75', '63.15', '62.55', '62.16', '56.78', '49.09', '43.97', '38.94', '33.93']
      power BEFORE: ['48.6613', '79.2260', '91.8752', '99.1941', '100.0736', '100.4388', '104.9737', '106.7585', '106.3311', '105.1715', '103.6665']
      power AFTER:  ['9.7323', '15.8452', '18.3750', '19.8388', '20.0147', '20.0878', '20.9947', '21.3517', '21.2662', '21.0343', '20.7333']
    [AFFINITY]
      test_diameter:     8.7200
      baseline_diameter: 8.6425
      dia_ratio:         8.6425/8.7200 = 0.991112
      test_rpm:          1760.0
      baseline_rpm:      1775.0
      speed_ratio:       1775.0/1760.0 = 1.008523
      scaled_flow:  ['0.00', '593.23', '814.05', '981.31', '1002.35', '1017.73', '1192.73', '1381.22', '1501.88', '1597.86', '1691.33']
      scaled_head:  ['76.95', '68.88', '66.69', '63.09', '62.49', '62.11', '56.73', '49.05', '43.93', '38.91', '33.90']
      scaled_power: ['9.7194', '15.8243', '18.3508', '19.8126', '19.9883', '20.0612', '20.9670', '21.3235', '21.2381', '21.0065', '20.7059']
    [FINAL] plotted_flow:  [0.00 → 1691.33]
    [FINAL] plotted_head:  [76.95 → 33.90]
    [FINAL] plotted_power: [9.7194 → 20.7059]
    [FINAL] plotted_eff:   [0.00 → 69.81]

  ── [LOAD+SCALE] 99272224170010A1P ──
    trim=8.7800, stages=3, rpm=1760.0, filing='Fig1. To 0.03125'
    columns: ['curve_no', 'flow', 'speed', 'power_in', 'power_bowl_motor', 'power_bowl_dyno', 'power_pump_motor', 'power_pump_dyno', 'tdh_bowl', 'tdh_pump', 'eff_bowl_motor', 'eff_bowl_dyno', 'eff_pump_motor', 'eff_pump_dyno', 'eff_overall', 'npsha']
    rows: 12
    flow: 12 pts
      values: ['0.00', '605.89', '793.22', '969.51', '1001.96', '1025.81', '1203.58', '1357.72', '1495.59', '1611.26', '1707.97', '1780.56']
    head ('tdh_bowl'): 12 pts
      values: ['234.07', '208.52', '203.95', '194.20', '191.96', '190.45', '176.42', '160.14', '141.88', '125.59', '110.25', '95.87']
    power ('power_bowl_dyno'): all zero/negative — trying fallback
    power FALLBACK ('power_bowl_motor'): 12 pts
      values: ['30.5563', '50.0680', '57.0433', '62.3019', '62.8911', '63.3572', '66.9667', '68.8366', '69.2353', '68.6028', '67.4946', '66.2286']
    efficiency ('eff_bowl_motor'): 12 pts
      values: ['0.00', '63.61', '71.49', '76.18', '77.10', '77.73', '79.93', '79.62', '77.26', '74.36', '70.33', '64.97']
    [STAGE NORM] 3-stage → dividing head & power by 3
      head BEFORE: ['234.07', '208.52', '203.95', '194.20', '191.96', '190.45', '176.42', '160.14', '141.88', '125.59', '110.25', '95.87']
      head AFTER:  ['78.02', '69.51', '67.98', '64.73', '63.99', '63.48', '58.81', '53.38', '47.29', '41.86', '36.75', '31.96']
      power BEFORE: ['30.5563', '50.0680', '57.0433', '62.3019', '62.8911', '63.3572', '66.9667', '68.8366', '69.2353', '68.6028', '67.4946', '66.2286']
      power AFTER:  ['10.1854', '16.6893', '19.0144', '20.7673', '20.9637', '21.1191', '22.3222', '22.9455', '23.0784', '22.8676', '22.4982', '22.0762']
    [AFFINITY]
      test_diameter:     8.7800
      baseline_diameter: 8.6425
      dia_ratio:         8.6425/8.7800 = 0.984339
      test_rpm:          1760.0
      baseline_rpm:      1775.0
      speed_ratio:       1775.0/1760.0 = 1.008523
      scaled_flow:  ['0.00', '601.49', '787.45', '962.46', '994.67', '1018.35', '1194.83', '1347.85', '1484.72', '1599.54', '1695.55', '1767.62']
      scaled_head:  ['76.89', '68.50', '67.00', '63.80', '63.06', '62.56', '57.96', '52.61', '46.61', '41.26', '36.22', '31.49']
      scaled_power: ['9.9649', '16.3279', '18.6027', '20.3176', '20.5097', '20.6617', '21.8388', '22.4486', '22.5786', '22.3724', '22.0110', '21.5981']
    [FINAL] plotted_flow:  [0.00 → 1767.62]
    [FINAL] plotted_head:  [76.89 → 31.49]
    [FINAL] plotted_power: [9.9649 → 21.5981]
    [FINAL] plotted_eff:   [0.00 → 64.97]

  ── [LOAD+SCALE] 99272254750010A1P ──
    trim=8.6600, stages=4, rpm=1760.0, filing='Fig1. To 0.03125'
    columns: ['curve_no', 'flow', 'speed', 'power_in', 'power_bowl_motor', 'power_bowl_dyno', 'power_pump_motor', 'power_pump_dyno', 'tdh_bowl', 'tdh_pump', 'eff_bowl_motor', 'eff_bowl_dyno', 'eff_pump_motor', 'eff_pump_dyno', 'eff_overall', 'npsha']
    rows: 12
    flow: 12 pts
      values: ['0.00', '390.10', '812.36', '958.14', '1005.51', '1045.06', '1161.72', '1498.49', '1500.49', '1622.44', '1750.79', '1835.69']
    head ('tdh_bowl'): 12 pts
      values: ['312.77', '280.10', '261.83', '249.48', '244.33', '240.47', '227.02', '171.08', '170.00', '145.57', '114.76', '91.75']
    power ('power_bowl_dyno'): all zero/negative — trying fallback
    power FALLBACK ('power_bowl_motor'): 12 pts
      values: ['41.0570', '52.9123', '71.7731', '76.5609', '78.0722', '79.0214', '81.1795', '82.4564', '82.4750', '80.9450', '78.6104', '76.0709']
    efficiency ('eff_bowl_motor'): 12 pts
      values: ['0.00', '52.06', '74.71', '78.71', '79.33', '80.17', '81.90', '78.38', '77.97', '73.56', '64.43', '55.81']
    [STAGE NORM] 4-stage → dividing head & power by 4
      head BEFORE: ['312.77', '280.10', '261.83', '249.48', '244.33', '240.47', '227.02', '171.08', '170.00', '145.57', '114.76', '91.75']
      head AFTER:  ['78.19', '70.02', '65.46', '62.37', '61.08', '60.12', '56.76', '42.77', '42.50', '36.39', '28.69', '22.94']
      power BEFORE: ['41.0570', '52.9123', '71.7731', '76.5609', '78.0722', '79.0214', '81.1795', '82.4564', '82.4750', '80.9450', '78.6104', '76.0709']
      power AFTER:  ['10.2643', '13.2281', '17.9433', '19.1402', '19.5180', '19.7553', '20.2949', '20.6141', '20.6188', '20.2362', '19.6526', '19.0177']
    [AFFINITY]
      test_diameter:     8.6600
      baseline_diameter: 8.6425
      dia_ratio:         8.6425/8.6600 = 0.997979
      test_rpm:          1760.0
      baseline_rpm:      1775.0
      speed_ratio:       1775.0/1760.0 = 1.008523
      scaled_flow:  ['0.00', '392.63', '817.63', '964.35', '1012.03', '1051.83', '1169.26', '1508.21', '1510.22', '1632.96', '1762.14', '1847.59']
      scaled_head:  ['79.21', '70.94', '66.31', '63.18', '61.88', '60.90', '57.49', '43.33', '43.05', '36.87', '29.06', '23.24']
      scaled_power: ['10.4652', '13.4871', '18.2946', '19.5150', '19.9002', '20.1422', '20.6923', '21.0177', '21.0225', '20.6325', '20.0374', '19.3901']
    [FINAL] plotted_flow:  [0.00 → 1847.59]
    [FINAL] plotted_head:  [79.21 → 23.24]
    [FINAL] plotted_power: [10.4652 → 19.3901]
    [FINAL] plotted_eff:   [0.00 → 55.81]

  ── [LOAD+SCALE] 99272244030010A1P ──
    trim=8.7000, stages=5, rpm=1760.0, filing='Fig1. To 0.03125'
    columns: ['curve_no', 'flow', 'speed', 'power_in', 'power_bowl_motor', 'power_bowl_dyno', 'power_pump_motor', 'power_pump_dyno', 'tdh_bowl', 'tdh_pump', 'eff_bowl_motor', 'eff_bowl_dyno', 'eff_pump_motor', 'eff_pump_dyno', 'eff_overall', 'npsha']
    rows: 11
    flow: 11 pts
      values: ['0.00', '594.60', '788.47', '972.00', '1010.32', '1035.48', '1225.50', '1369.44', '1496.27', '1623.83', '1730.97']
    head ('tdh_bowl'): 11 pts
      values: ['384.01', '341.13', '331.21', '312.35', '307.21', '304.00', '274.13', '245.52', '216.27', '185.43', '153.06']
    power ('power_bowl_dyno'): all zero/negative — trying fallback
    power FALLBACK ('power_bowl_motor'): 11 pts
      values: ['47.7984', '78.3733', '89.2076', '97.0893', '98.4955', '99.1774', '103.4158', '104.2490', '103.9563', '101.9595', '99.3698']
    efficiency ('eff_bowl_motor'): 11 pts
      values: ['0.00', '65.24', '73.80', '78.83', '79.44', '80.01', '81.89', '81.30', '78.47', '74.45', '67.21']
    [STAGE NORM] 5-stage → dividing head & power by 5
      head BEFORE: ['384.01', '341.13', '331.21', '312.35', '307.21', '304.00', '274.13', '245.52', '216.27', '185.43', '153.06']
      head AFTER:  ['76.80', '68.23', '66.24', '62.47', '61.44', '60.80', '54.83', '49.10', '43.25', '37.09', '30.61']
      power BEFORE: ['47.7984', '78.3733', '89.2076', '97.0893', '98.4955', '99.1774', '103.4158', '104.2490', '103.9563', '101.9595', '99.3698']
      power AFTER:  ['9.5597', '15.6747', '17.8415', '19.4179', '19.6991', '19.8355', '20.6832', '20.8498', '20.7913', '20.3919', '19.8740']
    [AFFINITY]
      test_diameter:     8.7000
      baseline_diameter: 8.6425
      dia_ratio:         8.6425/8.7000 = 0.993391
      test_rpm:          1760.0
      baseline_rpm:      1775.0
      speed_ratio:       1775.0/1760.0 = 1.008523
      scaled_flow:  ['0.00', '595.71', '789.93', '973.80', '1012.20', '1037.40', '1227.77', '1371.98', '1499.05', '1626.84', '1734.18']
      scaled_head:  ['77.09', '68.48', '66.49', '62.70', '61.67', '61.03', '55.03', '49.29', '43.41', '37.22', '30.73']
      scaled_power: ['9.6130', '15.7622', '17.9411', '19.5262', '19.8091', '19.9462', '20.7986', '20.9662', '20.9073', '20.5057', '19.9849']
    [FINAL] plotted_flow:  [0.00 → 1734.18]
    [FINAL] plotted_head:  [77.09 → 30.73]
    [FINAL] plotted_power: [9.6130 → 19.9849]
    [FINAL] plotted_eff:   [0.00 → 67.21]

  ── [LOAD+SCALE] 99272253040010A1P ──
    trim=8.7000, stages=5, rpm=1760.0, filing='Fig1. To 0.03125'
    columns: ['curve_no', 'flow', 'speed', 'power_in', 'power_bowl_motor', 'power_bowl_dyno', 'power_pump_motor', 'power_pump_dyno', 'tdh_bowl', 'tdh_pump', 'eff_bowl_motor', 'eff_bowl_dyno', 'eff_pump_motor', 'eff_pump_dyno', 'eff_overall', 'npsha']
    rows: 11
    flow: 11 pts
      values: ['0.00', '612.87', '793.58', '971.03', '999.98', '1028.90', '1210.48', '1383.71', '1512.41', '1591.32', '1679.64']
    head ('tdh_bowl'): 11 pts
      values: ['383.21', '342.36', '332.81', '313.81', '309.99', '306.20', '278.56', '244.47', '214.67', '195.14', '172.69']
    power ('power_bowl_dyno'): all zero/negative — trying fallback
    power FALLBACK ('power_bowl_motor'): 11 pts
      values: ['49.3793', '80.8372', '90.9528', '98.4343', '99.2231', '100.2383', '104.8087', '105.9995', '106.0275', '104.7722', '102.9596']
    efficiency ('eff_bowl_motor'): 11 pts
      values: ['0.00', '65.43', '73.20', '78.04', '78.76', '79.23', '81.10', '80.45', '77.19', '74.71', '71.02']
    [STAGE NORM] 5-stage → dividing head & power by 5
      head BEFORE: ['383.21', '342.36', '332.81', '313.81', '309.99', '306.20', '278.56', '244.47', '214.67', '195.14', '172.69']
      head AFTER:  ['76.64', '68.47', '66.56', '62.76', '62.00', '61.24', '55.71', '48.89', '42.93', '39.03', '34.54']
      power BEFORE: ['49.3793', '80.8372', '90.9528', '98.4343', '99.2231', '100.2383', '104.8087', '105.9995', '106.0275', '104.7722', '102.9596']
      power AFTER:  ['9.8759', '16.1674', '18.1906', '19.6869', '19.8446', '20.0477', '20.9617', '21.1999', '21.2055', '20.9544', '20.5919']
    [AFFINITY]
      test_diameter:     8.7000
      baseline_diameter: 8.6425
      dia_ratio:         8.6425/8.7000 = 0.993391
      test_rpm:          1760.0
      baseline_rpm:      1775.0
      speed_ratio:       1775.0/1760.0 = 1.008523
      scaled_flow:  ['0.00', '614.01', '795.05', '972.83', '1001.84', '1030.81', '1212.72', '1386.28', '1515.22', '1594.28', '1682.76']
      scaled_head:  ['76.93', '68.73', '66.81', '62.99', '62.23', '61.47', '55.92', '49.08', '43.09', '39.17', '34.67']
      scaled_power: ['9.9310', '16.2577', '18.2921', '19.7967', '19.9554', '20.1596', '21.0788', '21.3182', '21.3239', '21.0714', '20.7069']
    [FINAL] plotted_flow:  [0.00 → 1682.76]
    [FINAL] plotted_head:  [76.93 → 34.67]
    [FINAL] plotted_power: [9.9310 → 20.7069]
    [FINAL] plotted_eff:   [0.00 → 71.02]

  ── Group: PX baseline=8.3250, 2 tests, affinity=True ──

  ── [LOAD+SCALE] 99271877870010A1P ──
    trim=8.4000, stages=3, rpm=1760.0, filing='Fig.2 to 0.01'
    columns: ['curve_no', 'flow', 'speed', 'power_in', 'power_bowl_motor', 'power_bowl_dyno', 'power_pump_motor', 'power_pump_dyno', 'tdh_bowl', 'tdh_pump', 'eff_bowl_motor', 'eff_bowl_dyno', 'eff_pump_motor', 'eff_pump_dyno', 'eff_overall', 'npsha']
    rows: 11
    flow: 11 pts
      values: ['0.24', '390.73', '592.10', '787.00', '965.37', '992.18', '1014.86', '1187.12', '1346.21', '1504.60', '1595.36']
    head ('tdh_bowl'): 11 pts
      values: ['221.40', '197.78', '191.94', '183.49', '169.05', '166.41', '164.25', '145.60', '123.25', '94.34', '76.82']
    power ('power_bowl_dyno'): all zero/negative — trying fallback
    power FALLBACK ('power_bowl_motor'): 11 pts
      values: ['25.9174', '36.7168', '43.7988', '49.5651', '53.0525', '53.4339', '53.8212', '55.6736', '55.8298', '53.9273', '52.0849']
    efficiency ('eff_bowl_motor'): 11 pts
      values: ['0.05', '53.06', '65.41', '73.44', '77.54', '77.89', '78.08', '78.26', '74.92', '66.35', '59.31']
    [STAGE NORM] 3-stage → dividing head & power by 3
      head BEFORE: ['221.40', '197.78', '191.94', '183.49', '169.05', '166.41', '164.25', '145.60', '123.25', '94.34', '76.82']
      head AFTER:  ['73.80', '65.93', '63.98', '61.16', '56.35', '55.47', '54.75', '48.53', '41.08', '31.45', '25.61']
      power BEFORE: ['25.9174', '36.7168', '43.7988', '49.5651', '53.0525', '53.4339', '53.8212', '55.6736', '55.8298', '53.9273', '52.0849']
      power AFTER:  ['8.6391', '12.2389', '14.5996', '16.5217', '17.6842', '17.8113', '17.9404', '18.5579', '18.6099', '17.9758', '17.3616']
    [AFFINITY]
      test_diameter:     8.4000
      baseline_diameter: 8.3250
      dia_ratio:         8.3250/8.4000 = 0.991071
      test_rpm:          1760.0
      baseline_rpm:      1775.0
      speed_ratio:       1775.0/1760.0 = 1.008523
      scaled_flow:  ['0.24', '390.54', '591.81', '786.62', '964.91', '991.70', '1014.37', '1186.54', '1345.56', '1503.88', '1594.59']
      scaled_head:  ['73.73', '65.86', '63.92', '61.10', '56.29', '55.42', '54.70', '48.49', '41.04', '31.42', '25.58']
      scaled_power: ['8.6266', '12.2212', '14.5785', '16.4978', '17.6586', '17.7856', '17.9145', '18.5310', '18.5830', '17.9498', '17.3366']
    [FINAL] plotted_flow:  [0.24 → 1594.59]
    [FINAL] plotted_head:  [73.73 → 25.58]
    [FINAL] plotted_power: [8.6266 → 17.3366]
    [FINAL] plotted_eff:   [0.05 → 59.31]

  ── [LOAD+SCALE] 99271761650010A1P ──
    trim=8.3800, stages=3, rpm=1760.0, filing='Fig. 1 to 0.03'
    columns: ['curve_no', 'flow', 'speed', 'power_in', 'power_bowl_motor', 'power_bowl_dyno', 'power_pump_motor', 'power_pump_dyno', 'tdh_bowl', 'tdh_pump', 'eff_bowl_motor', 'eff_bowl_dyno', 'eff_pump_motor', 'eff_pump_dyno', 'eff_overall', 'npsha']
    rows: 14
    flow: 14 pts
      values: ['11.49', '154.45', '416.05', '680.82', '885.69', '952.80', '974.11', '995.38', '1011.89', '1102.28', '1315.18', '1420.60', '1503.09', '1643.77']
    head ('tdh_bowl'): 14 pts
      values: ['224.20', '216.73', '203.70', '198.24', '186.40', '179.83', '177.38', '175.52', '174.24', '164.21', '139.67', '124.91', '111.41', '86.48']
    power ('power_bowl_dyno'): all zero/negative — trying fallback
    power FALLBACK ('power_bowl_motor'): 14 pts
      values: ['26.0901', '30.0484', '38.5386', '48.1864', '53.7306', '54.9238', '55.2706', '55.5537', '55.7545', '56.9923', '58.7723', '58.6237', '57.9260', '55.4637']
    efficiency ('eff_bowl_motor'): 14 pts
      values: ['2.49', '28.08', '55.44', '70.61', '77.46', '78.64', '78.81', '79.28', '79.72', '80.07', '78.79', '76.31', '72.88', '64.61']
    [FTS] Checking packing/bearing loss...
    [FTS] file: C:\Users\107087\AppData\Local\Temp\px_detail_2dpdyve9\99271761650010A1P.xls
    [FTS] friction coefficient: 0.1
    [FTS] BA is all zeros — computing packing loss
    [FTS] Line shaft diameter: 1.5000"
    [FTS] Using 'tdh_bowl' for discharge pressure
    [FTS] Speed (first 5): ['1800.0', '1800.0', '1800.0', '1800.0', '1800.0']
    [FTS] Pressure (first 5): ['224.20', '216.73', '203.70', '198.24', '186.40']
    [FTS] Packing cross section: 0.5" (shaft >= 1.0")
    [FTS] Contact area: 0.5 × 0.94 × 1.5000 × π = 2.214823 in²
    [FTS] shaft_radius_ft: 0.062500
    [FTS] Loss HP (first 5): ['0.850940', '0.822571', '0.773107', '0.752397', '0.707455']
    [FTS] Loss HP range: 0.328220 — 0.850940
    [FTS] Power correction applied:
      Original power (first 5): ['26.0901', '30.0484', '38.5386', '48.1864', '53.7306']
      Loss HP       (first 5): ['0.850940', '0.822571', '0.773107', '0.752397', '0.707455']
      Corrected     (first 5): ['25.2391', '29.2258', '37.7654', '47.4340', '53.0232']
      Avg loss: 0.6406 HP
      Max loss: 0.8509 HP
    power BEFORE FTS: ['26.0901', '30.0484', '38.5386', '48.1864', '53.7306', '54.9238', '55.2706', '55.5537', '55.7545', '56.9923', '58.7723', '58.6237', '57.9260', '55.4637']
    power AFTER FTS:  ['25.2391', '29.2258', '37.7654', '47.4340', '53.0232', '54.2413', '54.5974', '54.8875', '55.0932', '56.3690', '58.2422', '58.1496', '57.5032', '55.1355']
    [STAGE NORM] 3-stage → dividing head & power by 3
      head BEFORE: ['224.20', '216.73', '203.70', '198.24', '186.40', '179.83', '177.38', '175.52', '174.24', '164.21', '139.67', '124.91', '111.41', '86.48']
      head AFTER:  ['74.73', '72.24', '67.90', '66.08', '62.13', '59.94', '59.13', '58.51', '58.08', '54.74', '46.56', '41.64', '37.14', '28.83']
      power BEFORE: ['25.2391', '29.2258', '37.7654', '47.4340', '53.0232', '54.2413', '54.5974', '54.8875', '55.0932', '56.3690', '58.2422', '58.1496', '57.5032', '55.1355']
      power AFTER:  ['8.4130', '9.7419', '12.5885', '15.8113', '17.6744', '18.0804', '18.1991', '18.2958', '18.3644', '18.7897', '19.4141', '19.3832', '19.1677', '18.3785']
    [AFFINITY]
      test_diameter:     8.3800
      baseline_diameter: 8.3250
      dia_ratio:         8.3250/8.3800 = 0.993437
      test_rpm:          1760.0
      baseline_rpm:      1775.0
      speed_ratio:       1775.0/1760.0 = 1.008523
      scaled_flow:  ['11.51', '154.74', '416.84', '682.11', '887.38', '954.62', '975.96', '997.27', '1013.82', '1104.38', '1317.68', '1423.30', '1505.95', '1646.90']
      scaled_head:  ['75.02', '72.52', '68.16', '66.33', '62.37', '60.17', '59.35', '58.73', '58.30', '54.95', '46.74', '41.80', '37.28', '28.94']
      scaled_power: ['8.4612', '9.7977', '12.6605', '15.9018', '17.7755', '18.1839', '18.3033', '18.4005', '18.4695', '18.8972', '19.5251', '19.4941', '19.2774', '18.4837']
    [FINAL] plotted_flow:  [11.51 → 1646.90]
    [FINAL] plotted_head:  [75.02 → 28.94]
    [FINAL] plotted_power: [8.4612 → 18.4837]
    [FINAL] plotted_eff:   [2.49 → 64.61]

  ── Group: PX baseline=8.0075, 0 tests, affinity=False ──

  ── Group: PX baseline=7.6900, 0 tests, affinity=False ──

======================================================================
  SUMMARY
======================================================================
  Total tests found:     161
  Tests with data:       161
  Groups:                5
  Detail: 100 cached, 61 from Excel
